ts,venue,coin,mid
1780925400.0,hyperliquid,BTC,63459.0
1780926300.0,hyperliquid,BTC,63728.0
1780927200.0,hyperliquid,BTC,63846.0
1780928100.0,hyperliquid,BTC,63739.0
1780929000.0,hyperliquid,BTC,63866.0
1780929900.0,hyperliquid,BTC,63943.0
1780930800.0,hyperliquid,BTC,64173.0
1780931700.0,hyperliquid,BTC,63976.0
1780932600.0,hyperliquid,BTC,63842.0
1780933500.0,hyperliquid,BTC,63755.0
1780934400.0,hyperliquid,BTC,63782.0
1780935300.0,hyperliquid,BTC,63852.0
1780936200.0,hyperliquid,BTC,63654.0
1780937100.0,hyperliquid,BTC,63505.0
1780938000.0,hyperliquid,BTC,63334.0
1780938900.0,hyperliquid,BTC,63599.0
1780939800.0,hyperliquid,BTC,63354.0
1780940700.0,hyperliquid,BTC,63536.0
1780941600.0,hyperliquid,BTC,63566.0
1780942500.0,hyperliquid,BTC,63608.0
1780943400.0,hyperliquid,BTC,63467.0
1780944300.0,hyperliquid,BTC,63440.0
1780945200.0,hyperliquid,BTC,63396.0
1780946100.0,hyperliquid,BTC,63499.0
1780947000.0,hyperliquid,BTC,63460.0
1780947900.0,hyperliquid,BTC,63349.0
1780948800.0,hyperliquid,BTC,63218.0
1780949700.0,hyperliquid,BTC,63152.0
1780950600.0,hyperliquid,BTC,63364.0
1780951500.0,hyperliquid,BTC,63459.0
1780952400.0,hyperliquid,BTC,63696.0
1780953300.0,hyperliquid,BTC,63692.0
1780954200.0,hyperliquid,BTC,63807.0
1780955100.0,hyperliquid,BTC,63693.0
1780956000.0,hyperliquid,BTC,63262.0
1780956900.0,hyperliquid,BTC,63333.0
1780957800.0,hyperliquid,BTC,63278.0
1780958700.0,hyperliquid,BTC,63417.0
1780959600.0,hyperliquid,BTC,63566.0
1780960500.0,hyperliquid,BTC,63119.0
1780961400.0,hyperliquid,BTC,63106.0
1780962300.0,hyperliquid,BTC,63058.0
1780963200.0,hyperliquid,BTC,62976.0
1780964100.0,hyperliquid,BTC,62701.0
1780965000.0,hyperliquid,BTC,62687.0
1780965900.0,hyperliquid,BTC,62537.0
1780966800.0,hyperliquid,BTC,62643.0
1780967700.0,hyperliquid,BTC,62752.0
1780968600.0,hyperliquid,BTC,62674.0
1780969500.0,hyperliquid,BTC,62730.0
1780970400.0,hyperliquid,BTC,62711.0
1780971300.0,hyperliquid,BTC,62747.0
1780972200.0,hyperliquid,BTC,62626.0
1780973100.0,hyperliquid,BTC,62850.0
1780974000.0,hyperliquid,BTC,62887.0
1780974900.0,hyperliquid,BTC,62780.0
1780975800.0,hyperliquid,BTC,62794.0
1780976700.0,hyperliquid,BTC,62847.0
1780977600.0,hyperliquid,BTC,62885.0
1780978500.0,hyperliquid,BTC,62766.0
1780979400.0,hyperliquid,BTC,63219.0
1780980300.0,hyperliquid,BTC,63222.0
1780981200.0,hyperliquid,BTC,63229.0
1780982100.0,hyperliquid,BTC,63305.0
1780983000.0,hyperliquid,BTC,63361.0
1780983900.0,hyperliquid,BTC,63323.0
1780984800.0,hyperliquid,BTC,63349.0
1780985700.0,hyperliquid,BTC,63409.0
1780986600.0,hyperliquid,BTC,63325.0
1780987500.0,hyperliquid,BTC,63280.0
1780988400.0,hyperliquid,BTC,63275.0
1780989300.0,hyperliquid,BTC,63009.0
1780990200.0,hyperliquid,BTC,63165.0
1780991100.0,hyperliquid,BTC,63178.0
1780992000.0,hyperliquid,BTC,62898.0
1780992900.0,hyperliquid,BTC,62851.0
1780993800.0,hyperliquid,BTC,62959.0
1780994700.0,hyperliquid,BTC,62823.0
1780995600.0,hyperliquid,BTC,62828.0
1780996500.0,hyperliquid,BTC,62794.0
1780997400.0,hyperliquid,BTC,62642.0
1780998300.0,hyperliquid,BTC,62687.0
1780999200.0,hyperliquid,BTC,62757.0
1781000100.0,hyperliquid,BTC,62718.0
1781001000.0,hyperliquid,BTC,62681.0
1781001900.0,hyperliquid,BTC,62764.0
1781002800.0,hyperliquid,BTC,62500.0
1781003700.0,hyperliquid,BTC,62573.0
1781004600.0,hyperliquid,BTC,62609.0
1781005500.0,hyperliquid,BTC,62682.0
1781006400.0,hyperliquid,BTC,62815.0
1781007300.0,hyperliquid,BTC,62629.0
1781008200.0,hyperliquid,BTC,62490.0
1781009100.0,hyperliquid,BTC,62613.0
1781010000.0,hyperliquid,BTC,62534.0
1781010900.0,hyperliquid,BTC,62322.0
1781011800.0,hyperliquid,BTC,62404.0
1781012700.0,hyperliquid,BTC,62254.0
1781013600.0,hyperliquid,BTC,61989.0
1781014500.0,hyperliquid,BTC,61574.0
1781015400.0,hyperliquid,BTC,61340.0
1781016300.0,hyperliquid,BTC,61533.0
1781017200.0,hyperliquid,BTC,61631.0
1781018100.0,hyperliquid,BTC,61285.0
1781019000.0,hyperliquid,BTC,61294.0
1781019900.0,hyperliquid,BTC,61111.0
1781020800.0,hyperliquid,BTC,60974.0
1781021700.0,hyperliquid,BTC,61026.0
1781022600.0,hyperliquid,BTC,61234.0
1781023500.0,hyperliquid,BTC,61369.0
1781024400.0,hyperliquid,BTC,61589.0
1781025300.0,hyperliquid,BTC,61730.0
1781026200.0,hyperliquid,BTC,61665.0
1781027100.0,hyperliquid,BTC,61671.0
1781028000.0,hyperliquid,BTC,61730.0
1781028900.0,hyperliquid,BTC,61708.0
1781029800.0,hyperliquid,BTC,61572.0
1781030700.0,hyperliquid,BTC,61763.0
1781031600.0,hyperliquid,BTC,61751.0
1781032500.0,hyperliquid,BTC,61840.0
1781033400.0,hyperliquid,BTC,61854.0
1781034300.0,hyperliquid,BTC,62074.0
1781035200.0,hyperliquid,BTC,62188.0
1781036100.0,hyperliquid,BTC,62068.0
1781037000.0,hyperliquid,BTC,62104.0
1781037900.0,hyperliquid,BTC,62139.0
1781038800.0,hyperliquid,BTC,62116.0
1781039700.0,hyperliquid,BTC,61762.0
1781040600.0,hyperliquid,BTC,61765.0
1781041500.0,hyperliquid,BTC,61728.0
1781042400.0,hyperliquid,BTC,61808.0
1781043300.0,hyperliquid,BTC,61787.0
1781044200.0,hyperliquid,BTC,61827.0
1781045100.0,hyperliquid,BTC,61689.0
1781046000.0,hyperliquid,BTC,61719.0
1781046900.0,hyperliquid,BTC,61658.0
1781047800.0,hyperliquid,BTC,61604.0
1781048700.0,hyperliquid,BTC,61695.0
1781049600.0,hyperliquid,BTC,61806.0
1781050500.0,hyperliquid,BTC,61822.0
1781051400.0,hyperliquid,BTC,61484.0
1781052300.0,hyperliquid,BTC,61889.0
1781053200.0,hyperliquid,BTC,61800.0
1781054100.0,hyperliquid,BTC,61802.0
1781055000.0,hyperliquid,BTC,61607.0
1781055900.0,hyperliquid,BTC,61684.0
1781056800.0,hyperliquid,BTC,61520.0
1781057700.0,hyperliquid,BTC,61462.0
1781058600.0,hyperliquid,BTC,61337.0
1781059500.0,hyperliquid,BTC,61272.0
1781060400.0,hyperliquid,BTC,61398.0
1781061300.0,hyperliquid,BTC,61550.0
1781062200.0,hyperliquid,BTC,61494.0
1781063100.0,hyperliquid,BTC,61521.0
1781064000.0,hyperliquid,BTC,61481.0
1781064900.0,hyperliquid,BTC,61443.0
1781065800.0,hyperliquid,BTC,61197.0
1781066700.0,hyperliquid,BTC,61269.0
1781067600.0,hyperliquid,BTC,61131.0
1781068500.0,hyperliquid,BTC,61231.0
1781069400.0,hyperliquid,BTC,61246.0
1781070300.0,hyperliquid,BTC,61316.0
1781071200.0,hyperliquid,BTC,61360.0
1781072100.0,hyperliquid,BTC,61317.0
1781073000.0,hyperliquid,BTC,61402.0
1781073900.0,hyperliquid,BTC,61433.0
1781074800.0,hyperliquid,BTC,61541.0
1781075700.0,hyperliquid,BTC,61615.0
1781076600.0,hyperliquid,BTC,61729.0
1781077500.0,hyperliquid,BTC,61645.0
1781078400.0,hyperliquid,BTC,61584.0
1781079300.0,hyperliquid,BTC,61506.0
1781080200.0,hyperliquid,BTC,61210.0
1781081100.0,hyperliquid,BTC,61230.0
1781082000.0,hyperliquid,BTC,61029.0
1781082900.0,hyperliquid,BTC,61181.0
1781083800.0,hyperliquid,BTC,61235.0
1781084700.0,hyperliquid,BTC,61299.0
1781085600.0,hyperliquid,BTC,61212.0
1781086500.0,hyperliquid,BTC,61308.0
1781087400.0,hyperliquid,BTC,61286.0
1781088300.0,hyperliquid,BTC,61354.0
1781089200.0,hyperliquid,BTC,61137.0
1781090100.0,hyperliquid,BTC,60935.0
1781091000.0,hyperliquid,BTC,60988.0
1781091900.0,hyperliquid,BTC,61000.0
1781092800.0,hyperliquid,BTC,61168.0
1781093700.0,hyperliquid,BTC,61142.0
1781094600.0,hyperliquid,BTC,61667.0
1781095500.0,hyperliquid,BTC,61537.0
1781096400.0,hyperliquid,BTC,61495.0
1781097300.0,hyperliquid,BTC,61530.0
1781098200.0,hyperliquid,BTC,62368.0
1781099100.0,hyperliquid,BTC,62115.0
1781100000.0,hyperliquid,BTC,61974.0
1781100900.0,hyperliquid,BTC,62029.0
1781101800.0,hyperliquid,BTC,61926.0
1781102700.0,hyperliquid,BTC,62181.0
1781103600.0,hyperliquid,BTC,61916.0
1781104500.0,hyperliquid,BTC,62240.0
1781105400.0,hyperliquid,BTC,62366.0
1781106300.0,hyperliquid,BTC,62609.0
1781107200.0,hyperliquid,BTC,62304.0
1781108100.0,hyperliquid,BTC,62251.0
1781109000.0,hyperliquid,BTC,62195.0
1781109900.0,hyperliquid,BTC,62189.0
1781110800.0,hyperliquid,BTC,62069.0
1781111700.0,hyperliquid,BTC,61874.0
1781112600.0,hyperliquid,BTC,61723.0
1781113500.0,hyperliquid,BTC,61954.0
1781114400.0,hyperliquid,BTC,61928.0
1781115300.0,hyperliquid,BTC,62000.0
1781116200.0,hyperliquid,BTC,61758.0
1781117100.0,hyperliquid,BTC,61850.0
1781118000.0,hyperliquid,BTC,61728.0
1781118900.0,hyperliquid,BTC,61767.0
1781119800.0,hyperliquid,BTC,62004.0
1781120700.0,hyperliquid,BTC,61921.0
1781121600.0,hyperliquid,BTC,61790.0
1781122500.0,hyperliquid,BTC,61890.0
1781123400.0,hyperliquid,BTC,61792.0
1781124300.0,hyperliquid,BTC,61779.0
1781125200.0,hyperliquid,BTC,61519.0
1781126100.0,hyperliquid,BTC,61547.0
1781127000.0,hyperliquid,BTC,61660.0
1781127900.0,hyperliquid,BTC,61325.0
1781128800.0,hyperliquid,BTC,61213.0
1781129700.0,hyperliquid,BTC,61229.0
1781130600.0,hyperliquid,BTC,61525.0
1781131500.0,hyperliquid,BTC,61346.0
1781132400.0,hyperliquid,BTC,61180.0
1781133300.0,hyperliquid,BTC,61526.0
1781134200.0,hyperliquid,BTC,61519.0
1781135100.0,hyperliquid,BTC,61481.0
1781136000.0,hyperliquid,BTC,61667.0
1781136900.0,hyperliquid,BTC,61856.0
1781137800.0,hyperliquid,BTC,61756.0
1781138700.0,hyperliquid,BTC,61795.0
1781139600.0,hyperliquid,BTC,62014.0
1781140500.0,hyperliquid,BTC,62143.0
1781141400.0,hyperliquid,BTC,62233.0
1781142300.0,hyperliquid,BTC,62181.0
1781143200.0,hyperliquid,BTC,62148.0
1781144100.0,hyperliquid,BTC,62031.0
1781145000.0,hyperliquid,BTC,62043.0
1781145900.0,hyperliquid,BTC,62127.0
1781146800.0,hyperliquid,BTC,62043.0
1781147700.0,hyperliquid,BTC,62079.0
1781148600.0,hyperliquid,BTC,62347.0
1781149500.0,hyperliquid,BTC,62659.0
1781150400.0,hyperliquid,BTC,62642.0
1781151300.0,hyperliquid,BTC,62590.0
1781152200.0,hyperliquid,BTC,62631.0
1781153100.0,hyperliquid,BTC,62692.0
1781154000.0,hyperliquid,BTC,62597.0
1781154900.0,hyperliquid,BTC,62599.0
1781155800.0,hyperliquid,BTC,62673.0
1781156700.0,hyperliquid,BTC,62574.0
1781157600.0,hyperliquid,BTC,62749.0
1781158500.0,hyperliquid,BTC,62832.0
1781159400.0,hyperliquid,BTC,62909.0
1781160300.0,hyperliquid,BTC,62732.0
1781161200.0,hyperliquid,BTC,62628.0
1781162100.0,hyperliquid,BTC,62761.0
1781163000.0,hyperliquid,BTC,62641.0
1781163900.0,hyperliquid,BTC,62689.0
1781164800.0,hyperliquid,BTC,62796.0
1781165700.0,hyperliquid,BTC,62922.0
1781166600.0,hyperliquid,BTC,62826.0
1781167500.0,hyperliquid,BTC,62915.0
1781168400.0,hyperliquid,BTC,62835.0
1781169300.0,hyperliquid,BTC,62792.0
1781170200.0,hyperliquid,BTC,62908.0
1781171100.0,hyperliquid,BTC,62895.0
1781172000.0,hyperliquid,BTC,62889.0
1781172900.0,hyperliquid,BTC,62830.0
1781173800.0,hyperliquid,BTC,62890.0
1781174700.0,hyperliquid,BTC,63119.0
1781175600.0,hyperliquid,BTC,63152.0
1781176500.0,hyperliquid,BTC,63133.0
1781177400.0,hyperliquid,BTC,63099.0
1781178300.0,hyperliquid,BTC,63072.0
1781179200.0,hyperliquid,BTC,63124.0
1781180100.0,hyperliquid,BTC,62648.0
1781181000.0,hyperliquid,BTC,62883.0
1781181900.0,hyperliquid,BTC,62976.0
1781182800.0,hyperliquid,BTC,62869.0
1781183700.0,hyperliquid,BTC,62778.0
1781184600.0,hyperliquid,BTC,62938.0
1781185500.0,hyperliquid,BTC,63042.0
1781186400.0,hyperliquid,BTC,62760.0
1781187300.0,hyperliquid,BTC,62988.0
1781188200.0,hyperliquid,BTC,62823.0
1781189100.0,hyperliquid,BTC,62707.0
1781190000.0,hyperliquid,BTC,62667.0
1781190900.0,hyperliquid,BTC,62698.0
1781191800.0,hyperliquid,BTC,62646.0
1781192700.0,hyperliquid,BTC,62717.0
1781193600.0,hyperliquid,BTC,62791.0
1781194500.0,hyperliquid,BTC,62601.0
1781195400.0,hyperliquid,BTC,62628.0
1781196300.0,hyperliquid,BTC,62552.0
1781197200.0,hyperliquid,BTC,62437.0
1781198100.0,hyperliquid,BTC,62930.0
1781199000.0,hyperliquid,BTC,63294.0
1781199900.0,hyperliquid,BTC,63631.0
1781200800.0,hyperliquid,BTC,63449.0
1781201700.0,hyperliquid,BTC,63368.0
1781202600.0,hyperliquid,BTC,63511.0
1781203500.0,hyperliquid,BTC,63430.0
1781204400.0,hyperliquid,BTC,63515.0
1781205300.0,hyperliquid,BTC,63570.0
1781206200.0,hyperliquid,BTC,63661.0
1781207100.0,hyperliquid,BTC,63581.0
1781208000.0,hyperliquid,BTC,63507.0
1781208900.0,hyperliquid,BTC,63338.0
1781209800.0,hyperliquid,BTC,63250.0
1781210700.0,hyperliquid,BTC,63369.0
1781211600.0,hyperliquid,BTC,63530.0
1781212500.0,hyperliquid,BTC,63461.0
1781213400.0,hyperliquid,BTC,63504.0
1781214300.0,hyperliquid,BTC,63493.0
1781215200.0,hyperliquid,BTC,63611.0
1781216100.0,hyperliquid,BTC,63562.0
1781217000.0,hyperliquid,BTC,63491.0
1781217900.0,hyperliquid,BTC,63471.0
1781218800.0,hyperliquid,BTC,63381.0
1781219700.0,hyperliquid,BTC,63355.0
1781220600.0,hyperliquid,BTC,63611.0
1781221500.0,hyperliquid,BTC,63621.0
1781222400.0,hyperliquid,BTC,63718.0
1781223300.0,hyperliquid,BTC,63598.0
1781224200.0,hyperliquid,BTC,63633.0
1781225100.0,hyperliquid,BTC,63628.0
1781226000.0,hyperliquid,BTC,63461.0
1781226900.0,hyperliquid,BTC,63335.0
1781227800.0,hyperliquid,BTC,63347.0
1781228700.0,hyperliquid,BTC,63399.0
1781229600.0,hyperliquid,BTC,63632.0
1781230500.0,hyperliquid,BTC,63537.0
1781231400.0,hyperliquid,BTC,63606.0
1781232300.0,hyperliquid,BTC,63592.0
1781233200.0,hyperliquid,BTC,63502.0
1781234100.0,hyperliquid,BTC,63415.0
1781235000.0,hyperliquid,BTC,63448.0
1781235900.0,hyperliquid,BTC,63496.0
1781236800.0,hyperliquid,BTC,63476.0
1781237700.0,hyperliquid,BTC,63774.0
1781238600.0,hyperliquid,BTC,63698.0
1781239500.0,hyperliquid,BTC,63675.0
1781240400.0,hyperliquid,BTC,63414.0
1781241300.0,hyperliquid,BTC,63461.0
1781242200.0,hyperliquid,BTC,63368.0
1781243100.0,hyperliquid,BTC,63328.0
1781244000.0,hyperliquid,BTC,63275.0
1781244900.0,hyperliquid,BTC,63125.0
1781245800.0,hyperliquid,BTC,62894.0
1781246700.0,hyperliquid,BTC,62947.0
1781247600.0,hyperliquid,BTC,62957.0
1781248500.0,hyperliquid,BTC,62999.0
1781249400.0,hyperliquid,BTC,63031.0
1781250300.0,hyperliquid,BTC,63062.0
1781251200.0,hyperliquid,BTC,63272.0
1781252100.0,hyperliquid,BTC,63496.0
1781253000.0,hyperliquid,BTC,63355.0
1781253900.0,hyperliquid,BTC,63443.0
1781254800.0,hyperliquid,BTC,63529.0
1781255700.0,hyperliquid,BTC,63743.0
1781256600.0,hyperliquid,BTC,63860.0
1781257500.0,hyperliquid,BTC,63723.0
1781258400.0,hyperliquid,BTC,63739.0
1781259300.0,hyperliquid,BTC,63585.0
1781260200.0,hyperliquid,BTC,63648.0
1781261100.0,hyperliquid,BTC,63667.0
1781262000.0,hyperliquid,BTC,63804.0
1781262900.0,hyperliquid,BTC,63804.0
1781263800.0,hyperliquid,BTC,63765.0
1781264700.0,hyperliquid,BTC,63724.0
1781265600.0,hyperliquid,BTC,63590.0
1781266500.0,hyperliquid,BTC,63431.0
1781267400.0,hyperliquid,BTC,63401.0
1781268300.0,hyperliquid,BTC,63429.0
1781269200.0,hyperliquid,BTC,63454.0
1781270100.0,hyperliquid,BTC,63371.0
1781271000.0,hyperliquid,BTC,63106.0
1781271900.0,hyperliquid,BTC,63215.0
1781272800.0,hyperliquid,BTC,63418.0
1781273700.0,hyperliquid,BTC,63610.0
1781274600.0,hyperliquid,BTC,63474.0
1781275500.0,hyperliquid,BTC,63969.0
1781276400.0,hyperliquid,BTC,64345.0
1781277300.0,hyperliquid,BTC,64110.0
1781278200.0,hyperliquid,BTC,63872.0
1781279100.0,hyperliquid,BTC,63575.0
1781280000.0,hyperliquid,BTC,63843.0
1781280900.0,hyperliquid,BTC,63880.0
1781281800.0,hyperliquid,BTC,63824.0
1781282700.0,hyperliquid,BTC,63957.0
1781283600.0,hyperliquid,BTC,63887.0
1781284500.0,hyperliquid,BTC,63806.0
1781285400.0,hyperliquid,BTC,63805.0
1781286300.0,hyperliquid,BTC,63841.0
1781287200.0,hyperliquid,BTC,63801.0
1781288100.0,hyperliquid,BTC,63757.0
1781289000.0,hyperliquid,BTC,63845.0
1781289900.0,hyperliquid,BTC,63670.0
1781290800.0,hyperliquid,BTC,63682.0
1781291700.0,hyperliquid,BTC,63708.0
1781292600.0,hyperliquid,BTC,63629.0
1781293500.0,hyperliquid,BTC,63567.0
1781294400.0,hyperliquid,BTC,63605.0
1781295300.0,hyperliquid,BTC,63503.0
1781296200.0,hyperliquid,BTC,63500.0
1781297100.0,hyperliquid,BTC,63438.0
1781298000.0,hyperliquid,BTC,63587.0
1781298900.0,hyperliquid,BTC,63493.0
1781299800.0,hyperliquid,BTC,63519.0
1781300700.0,hyperliquid,BTC,63460.0
1781301600.0,hyperliquid,BTC,63492.0
1781302500.0,hyperliquid,BTC,63589.0
1781303400.0,hyperliquid,BTC,63489.0
1781304300.0,hyperliquid,BTC,63497.0
1781305200.0,hyperliquid,BTC,63448.0
1781306100.0,hyperliquid,BTC,63434.0
1781307000.0,hyperliquid,BTC,63496.0
1781307900.0,hyperliquid,BTC,63561.0
1781308800.0,hyperliquid,BTC,63574.0
1781309700.0,hyperliquid,BTC,63509.0
1781310600.0,hyperliquid,BTC,63570.0
1781311500.0,hyperliquid,BTC,63584.0
1781312400.0,hyperliquid,BTC,63640.0
1781313300.0,hyperliquid,BTC,63647.0
1781314200.0,hyperliquid,BTC,63741.0
1781315100.0,hyperliquid,BTC,63813.0
1781316000.0,hyperliquid,BTC,63777.0
1781316900.0,hyperliquid,BTC,63702.0
1781317800.0,hyperliquid,BTC,63606.0
1781318700.0,hyperliquid,BTC,63625.0
1781319600.0,hyperliquid,BTC,63644.0
1781320500.0,hyperliquid,BTC,63488.0
1781321400.0,hyperliquid,BTC,63472.0
1781322300.0,hyperliquid,BTC,63510.0
1781323200.0,hyperliquid,BTC,63488.0
1781324100.0,hyperliquid,BTC,63513.0
1781325000.0,hyperliquid,BTC,63601.0
1781325900.0,hyperliquid,BTC,63481.0
1781326800.0,hyperliquid,BTC,63535.0
1781327700.0,hyperliquid,BTC,63533.0
1781328600.0,hyperliquid,BTC,63553.0
1781329500.0,hyperliquid,BTC,63563.0
1781330400.0,hyperliquid,BTC,63558.0
1781331300.0,hyperliquid,BTC,63659.0
1781332200.0,hyperliquid,BTC,63658.0
1781333100.0,hyperliquid,BTC,63710.0
1781334000.0,hyperliquid,BTC,63703.0
1781334900.0,hyperliquid,BTC,63759.0
1781335800.0,hyperliquid,BTC,63817.0
1781336700.0,hyperliquid,BTC,63829.0
1781337600.0,hyperliquid,BTC,63777.0
1781338500.0,hyperliquid,BTC,63784.0
1781339400.0,hyperliquid,BTC,63861.0
1781340300.0,hyperliquid,BTC,63786.0
1781341200.0,hyperliquid,BTC,63775.0
1781342100.0,hyperliquid,BTC,63796.0
1781343000.0,hyperliquid,BTC,63785.0
1781343900.0,hyperliquid,BTC,63713.0
1781344800.0,hyperliquid,BTC,63756.0
1781345700.0,hyperliquid,BTC,63744.0
1781346600.0,hyperliquid,BTC,63837.0
1781347500.0,hyperliquid,BTC,63811.0
1781348400.0,hyperliquid,BTC,63901.0
1781349300.0,hyperliquid,BTC,63936.0
1781350200.0,hyperliquid,BTC,63880.0
1781351100.0,hyperliquid,BTC,63945.0
1781352000.0,hyperliquid,BTC,63916.0
1781352900.0,hyperliquid,BTC,63935.0
1781353800.0,hyperliquid,BTC,63991.0
1781354700.0,hyperliquid,BTC,64115.0
1781355600.0,hyperliquid,BTC,64156.0
1781356500.0,hyperliquid,BTC,64213.0
1781357400.0,hyperliquid,BTC,64134.0
1781358300.0,hyperliquid,BTC,64084.0
1781359200.0,hyperliquid,BTC,64137.0
1781360100.0,hyperliquid,BTC,64119.0
1781361000.0,hyperliquid,BTC,64161.0
1781361900.0,hyperliquid,BTC,64207.0
1781362800.0,hyperliquid,BTC,64266.0
1781363700.0,hyperliquid,BTC,64273.0
1781364600.0,hyperliquid,BTC,64223.0
1781365500.0,hyperliquid,BTC,64288.0
1781366400.0,hyperliquid,BTC,64058.0
1781367300.0,hyperliquid,BTC,63958.0
1781368200.0,hyperliquid,BTC,64031.0
1781369100.0,hyperliquid,BTC,64010.0
1781370000.0,hyperliquid,BTC,63941.0
1781370900.0,hyperliquid,BTC,64070.0
1781371800.0,hyperliquid,BTC,64083.0
1781372700.0,hyperliquid,BTC,63957.0
1781373600.0,hyperliquid,BTC,64053.0
1781374500.0,hyperliquid,BTC,64170.0
1781375400.0,hyperliquid,BTC,64243.0
1781376300.0,hyperliquid,BTC,64130.0
1781377200.0,hyperliquid,BTC,64173.0
1781378100.0,hyperliquid,BTC,64163.0
1781379000.0,hyperliquid,BTC,64271.0
1781379900.0,hyperliquid,BTC,64271.0
1781380800.0,hyperliquid,BTC,64254.0
1781381700.0,hyperliquid,BTC,64221.0
1781382600.0,hyperliquid,BTC,64224.0
1781383500.0,hyperliquid,BTC,64263.0
1781384400.0,hyperliquid,BTC,64219.0
1781385300.0,hyperliquid,BTC,64226.0
1781386200.0,hyperliquid,BTC,64544.0
1781387100.0,hyperliquid,BTC,64450.0
1781388000.0,hyperliquid,BTC,64390.0
1781388900.0,hyperliquid,BTC,64502.0
1781389800.0,hyperliquid,BTC,64490.0
1781390700.0,hyperliquid,BTC,64431.0
1781391600.0,hyperliquid,BTC,64422.0
1781392500.0,hyperliquid,BTC,64432.0
1781393400.0,hyperliquid,BTC,64440.0
1781394300.0,hyperliquid,BTC,64427.0
1781395200.0,hyperliquid,BTC,64402.0
1781396100.0,hyperliquid,BTC,64443.0
1781397000.0,hyperliquid,BTC,64551.0
1781397900.0,hyperliquid,BTC,64544.0
1781398800.0,hyperliquid,BTC,64622.0
1781399700.0,hyperliquid,BTC,64635.0
1781400600.0,hyperliquid,BTC,64542.0
1781401500.0,hyperliquid,BTC,64555.0
1781402400.0,hyperliquid,BTC,64604.0
1781403300.0,hyperliquid,BTC,64515.0
1781404200.0,hyperliquid,BTC,64484.0
1781405100.0,hyperliquid,BTC,64471.0
1781406000.0,hyperliquid,BTC,64474.0
1781406900.0,hyperliquid,BTC,64515.0
1781407800.0,hyperliquid,BTC,64461.0
1781408700.0,hyperliquid,BTC,64525.0
1781409600.0,hyperliquid,BTC,64481.0
1781410500.0,hyperliquid,BTC,64441.0
1781411400.0,hyperliquid,BTC,64355.0
1781412300.0,hyperliquid,BTC,64313.0
1781413200.0,hyperliquid,BTC,64339.0
1781414100.0,hyperliquid,BTC,64280.0
1781415000.0,hyperliquid,BTC,64343.0
1781415900.0,hyperliquid,BTC,64320.0
1781416800.0,hyperliquid,BTC,64448.0
1781417700.0,hyperliquid,BTC,64367.0
1781418600.0,hyperliquid,BTC,64231.0
1781419500.0,hyperliquid,BTC,64261.0
1781420400.0,hyperliquid,BTC,64207.0
1781421300.0,hyperliquid,BTC,64340.0
1781422200.0,hyperliquid,BTC,64282.0
1781423100.0,hyperliquid,BTC,64408.0
1781424000.0,hyperliquid,BTC,64433.0
1781424900.0,hyperliquid,BTC,64457.0
1781425800.0,hyperliquid,BTC,64452.0
1781426700.0,hyperliquid,BTC,64438.0
1781427600.0,hyperliquid,BTC,64405.0
1781428500.0,hyperliquid,BTC,64330.0
1781429400.0,hyperliquid,BTC,64529.0
1781430300.0,hyperliquid,BTC,64600.0
1781431200.0,hyperliquid,BTC,64504.0
1781432100.0,hyperliquid,BTC,64570.0
1781433000.0,hyperliquid,BTC,64590.0
1781433900.0,hyperliquid,BTC,64494.0
1781434800.0,hyperliquid,BTC,64546.0
1781435700.0,hyperliquid,BTC,64557.0
1781436600.0,hyperliquid,BTC,64585.0
1781437500.0,hyperliquid,BTC,64518.0
1781438400.0,hyperliquid,BTC,64464.0
1781439300.0,hyperliquid,BTC,64446.0
1781440200.0,hyperliquid,BTC,64334.0
1781441100.0,hyperliquid,BTC,64300.0
1781442000.0,hyperliquid,BTC,64336.0
1781442900.0,hyperliquid,BTC,64253.0
1781443800.0,hyperliquid,BTC,64340.0
1781444700.0,hyperliquid,BTC,64281.0
1781445600.0,hyperliquid,BTC,64280.0
1781446500.0,hyperliquid,BTC,64142.0
1781447400.0,hyperliquid,BTC,63911.0
1781448300.0,hyperliquid,BTC,63966.0
1781449200.0,hyperliquid,BTC,64085.0
1781450100.0,hyperliquid,BTC,64031.0
1781451000.0,hyperliquid,BTC,64016.0
1781451900.0,hyperliquid,BTC,63996.0
1781452800.0,hyperliquid,BTC,64085.0
1781453700.0,hyperliquid,BTC,64107.0
1781454600.0,hyperliquid,BTC,64133.0
1781455500.0,hyperliquid,BTC,63900.0
1781456400.0,hyperliquid,BTC,63934.0
1781457300.0,hyperliquid,BTC,63879.0
1781458200.0,hyperliquid,BTC,63812.0
1781459100.0,hyperliquid,BTC,63702.0
1781460000.0,hyperliquid,BTC,63705.0
1781460900.0,hyperliquid,BTC,63696.0
1781461800.0,hyperliquid,BTC,63757.0
1781462700.0,hyperliquid,BTC,63800.0
1781463600.0,hyperliquid,BTC,63769.0
1781464500.0,hyperliquid,BTC,63780.0
1781465400.0,hyperliquid,BTC,63741.0
1781466300.0,hyperliquid,BTC,63786.0
1781467200.0,hyperliquid,BTC,63795.0
1781468100.0,hyperliquid,BTC,63904.0
1781469000.0,hyperliquid,BTC,64028.0
1781469900.0,hyperliquid,BTC,63983.0
1781470800.0,hyperliquid,BTC,64072.0
1781471700.0,hyperliquid,BTC,64757.0
1781472600.0,hyperliquid,BTC,65266.0
1781473500.0,hyperliquid,BTC,65303.0
1781474400.0,hyperliquid,BTC,65101.0
1781475300.0,hyperliquid,BTC,65186.0
1781476200.0,hyperliquid,BTC,65444.0
1781477100.0,hyperliquid,BTC,65389.0
1781478000.0,hyperliquid,BTC,65547.0
1781478900.0,hyperliquid,BTC,65666.0
1781479800.0,hyperliquid,BTC,65536.0
1781480700.0,hyperliquid,BTC,65720.0
1781481600.0,hyperliquid,BTC,65851.0
1781482500.0,hyperliquid,BTC,65739.0
1781483400.0,hyperliquid,BTC,65516.0
1781484300.0,hyperliquid,BTC,65608.0
1781485200.0,hyperliquid,BTC,65490.0
1781486100.0,hyperliquid,BTC,65382.0
1781487000.0,hyperliquid,BTC,65689.0
1781487900.0,hyperliquid,BTC,65487.0
1781488800.0,hyperliquid,BTC,65633.0
1781489700.0,hyperliquid,BTC,65626.0
1781490600.0,hyperliquid,BTC,65546.0
1781491500.0,hyperliquid,BTC,65446.0
1781492400.0,hyperliquid,BTC,65697.0
1781493300.0,hyperliquid,BTC,65700.0
1781494200.0,hyperliquid,BTC,65888.0
1781495100.0,hyperliquid,BTC,65898.0
1781496000.0,hyperliquid,BTC,65687.0
1781496900.0,hyperliquid,BTC,65687.0
1781497800.0,hyperliquid,BTC,65649.0
1781498700.0,hyperliquid,BTC,65611.0
1781499600.0,hyperliquid,BTC,65660.0
1781500500.0,hyperliquid,BTC,65809.0
1781501400.0,hyperliquid,BTC,65706.0
1781502300.0,hyperliquid,BTC,65834.0
1781503200.0,hyperliquid,BTC,65868.0
1781504100.0,hyperliquid,BTC,65924.0
1781505000.0,hyperliquid,BTC,65796.0
1781505900.0,hyperliquid,BTC,65801.0
1781506800.0,hyperliquid,BTC,65804.0
1781507700.0,hyperliquid,BTC,65947.0
1781508600.0,hyperliquid,BTC,65735.0
1781509500.0,hyperliquid,BTC,65648.0
1781510400.0,hyperliquid,BTC,65708.0
1781511300.0,hyperliquid,BTC,65655.0
1781512200.0,hyperliquid,BTC,65750.0
1781513100.0,hyperliquid,BTC,65648.0
1781514000.0,hyperliquid,BTC,65666.0
1781514900.0,hyperliquid,BTC,65627.0
1781515800.0,hyperliquid,BTC,65547.0
1781516700.0,hyperliquid,BTC,65570.0
1781517600.0,hyperliquid,BTC,65723.0
1781518500.0,hyperliquid,BTC,65693.0
1781519400.0,hyperliquid,BTC,65746.0
1781520300.0,hyperliquid,BTC,65888.0
1781521200.0,hyperliquid,BTC,65926.0
1781522100.0,hyperliquid,BTC,66251.0
1781523000.0,hyperliquid,BTC,66141.0
1781523900.0,hyperliquid,BTC,66221.0
1781524800.0,hyperliquid,BTC,66262.0
1781525700.0,hyperliquid,BTC,66258.0
1781526600.0,hyperliquid,BTC,66447.0
1781527500.0,hyperliquid,BTC,66547.0
1781528400.0,hyperliquid,BTC,66605.0
1781529300.0,hyperliquid,BTC,66820.0
1781530200.0,hyperliquid,BTC,66551.0
1781531100.0,hyperliquid,BTC,66412.0
1781532000.0,hyperliquid,BTC,66418.0
1781532900.0,hyperliquid,BTC,66521.0
1781533800.0,hyperliquid,BTC,66503.0
1781534700.0,hyperliquid,BTC,66567.0
1781535600.0,hyperliquid,BTC,66598.0
1781536500.0,hyperliquid,BTC,66628.0
1781537400.0,hyperliquid,BTC,66877.0
1781538300.0,hyperliquid,BTC,67261.0
1781539200.0,hyperliquid,BTC,67231.0
1781540100.0,hyperliquid,BTC,67159.0
1781541000.0,hyperliquid,BTC,67146.0
1781541900.0,hyperliquid,BTC,67131.0
1781542800.0,hyperliquid,BTC,66866.0
1781543700.0,hyperliquid,BTC,66781.0
1781544600.0,hyperliquid,BTC,66853.0
1781545500.0,hyperliquid,BTC,66825.0
1781546400.0,hyperliquid,BTC,66780.0
1781547300.0,hyperliquid,BTC,66805.0
1781548200.0,hyperliquid,BTC,66777.0
1781549100.0,hyperliquid,BTC,66729.0
1781550000.0,hyperliquid,BTC,66819.0
1781550900.0,hyperliquid,BTC,66496.0
1781551800.0,hyperliquid,BTC,66692.0
1781552700.0,hyperliquid,BTC,66561.0
1781553600.0,hyperliquid,BTC,66523.0
1781554500.0,hyperliquid,BTC,66542.0
1781555400.0,hyperliquid,BTC,66562.0
1781556300.0,hyperliquid,BTC,66484.0
1781557200.0,hyperliquid,BTC,66482.0
1781558100.0,hyperliquid,BTC,66368.0
1781559000.0,hyperliquid,BTC,66406.0
1781559900.0,hyperliquid,BTC,66338.0
1781560800.0,hyperliquid,BTC,66335.0
1781561700.0,hyperliquid,BTC,66135.0
1781562600.0,hyperliquid,BTC,66265.0
1781563500.0,hyperliquid,BTC,66167.0
1781564400.0,hyperliquid,BTC,66237.0
1781565300.0,hyperliquid,BTC,66197.0
1781566200.0,hyperliquid,BTC,66237.0
1781567100.0,hyperliquid,BTC,66294.0
1781568000.0,hyperliquid,BTC,66360.0
1781568900.0,hyperliquid,BTC,66209.0
1781569800.0,hyperliquid,BTC,66385.0
1781570700.0,hyperliquid,BTC,66215.0
1781571600.0,hyperliquid,BTC,66251.0
1781572500.0,hyperliquid,BTC,66343.0
1781573400.0,hyperliquid,BTC,66333.0
1781574300.0,hyperliquid,BTC,66314.0
1781575200.0,hyperliquid,BTC,66032.0
1781576100.0,hyperliquid,BTC,65750.0
1781577000.0,hyperliquid,BTC,65846.0
1781577900.0,hyperliquid,BTC,65710.0
1781578800.0,hyperliquid,BTC,65772.0
1781579700.0,hyperliquid,BTC,65944.0
1781580600.0,hyperliquid,BTC,66096.0
1781581500.0,hyperliquid,BTC,66128.0
1781582400.0,hyperliquid,BTC,66116.0
1781583300.0,hyperliquid,BTC,65945.0
1781584200.0,hyperliquid,BTC,65853.0
1781585100.0,hyperliquid,BTC,65807.0
1781586000.0,hyperliquid,BTC,65988.0
1781586900.0,hyperliquid,BTC,66050.0
1781587800.0,hyperliquid,BTC,66059.0
1781588700.0,hyperliquid,BTC,66032.0
1781589600.0,hyperliquid,BTC,66159.0
1781590500.0,hyperliquid,BTC,66314.0
1781591400.0,hyperliquid,BTC,66372.0
1781592300.0,hyperliquid,BTC,66408.0
1781593200.0,hyperliquid,BTC,66298.0
1781594100.0,hyperliquid,BTC,66307.0
1781595000.0,hyperliquid,BTC,66286.0
1781595900.0,hyperliquid,BTC,66343.0
1781596800.0,hyperliquid,BTC,66441.0
1781597700.0,hyperliquid,BTC,66520.0
1781598600.0,hyperliquid,BTC,66595.0
1781599500.0,hyperliquid,BTC,66858.0
1781600400.0,hyperliquid,BTC,66735.0
1781601300.0,hyperliquid,BTC,66590.0
1781602200.0,hyperliquid,BTC,66682.0
1781603100.0,hyperliquid,BTC,66482.0
1781604000.0,hyperliquid,BTC,66517.0
1781604900.0,hyperliquid,BTC,66641.0
1781605800.0,hyperliquid,BTC,66587.0
1781606700.0,hyperliquid,BTC,66481.0
1781607600.0,hyperliquid,BTC,66486.0
1781608500.0,hyperliquid,BTC,66452.0
1781609400.0,hyperliquid,BTC,66373.0
1781610300.0,hyperliquid,BTC,66456.0
1781611200.0,hyperliquid,BTC,66526.0
1781612100.0,hyperliquid,BTC,66555.0
1781613000.0,hyperliquid,BTC,66471.0
1781613900.0,hyperliquid,BTC,66397.0
1781614800.0,hyperliquid,BTC,66176.0
1781615700.0,hyperliquid,BTC,65989.0
1781616600.0,hyperliquid,BTC,66107.0
1781617500.0,hyperliquid,BTC,66019.0
1781618400.0,hyperliquid,BTC,66007.0
1781619300.0,hyperliquid,BTC,65536.0
1781620200.0,hyperliquid,BTC,65653.0
1781621100.0,hyperliquid,BTC,65624.0
1781622000.0,hyperliquid,BTC,65836.0
1781622900.0,hyperliquid,BTC,65790.0
1781623800.0,hyperliquid,BTC,65816.0
1781624700.0,hyperliquid,BTC,65851.0
1781625600.0,hyperliquid,BTC,65756.0
1781626500.0,hyperliquid,BTC,65763.0
1781627400.0,hyperliquid,BTC,65786.0
1781628300.0,hyperliquid,BTC,65732.0
1781629200.0,hyperliquid,BTC,65766.0
1781630100.0,hyperliquid,BTC,65727.0
1781631000.0,hyperliquid,BTC,65735.0
1781631900.0,hyperliquid,BTC,65958.0
1781632800.0,hyperliquid,BTC,66121.0
1781633700.0,hyperliquid,BTC,65898.0
1781634600.0,hyperliquid,BTC,65820.0
1781635500.0,hyperliquid,BTC,65822.0
1781636400.0,hyperliquid,BTC,65648.0
1781637300.0,hyperliquid,BTC,65694.0
1781638200.0,hyperliquid,BTC,65624.0
1781639100.0,hyperliquid,BTC,65642.0
1781640000.0,hyperliquid,BTC,65746.0
1781640900.0,hyperliquid,BTC,65705.0
1781641800.0,hyperliquid,BTC,65823.0
1781642700.0,hyperliquid,BTC,65834.0
1781643600.0,hyperliquid,BTC,65898.0
1781644500.0,hyperliquid,BTC,65699.0
1781645400.0,hyperliquid,BTC,65706.0
1781646300.0,hyperliquid,BTC,65749.0
1781647200.0,hyperliquid,BTC,65819.0
1781648100.0,hyperliquid,BTC,65747.0
1781649000.0,hyperliquid,BTC,65689.0
1781649900.0,hyperliquid,BTC,65748.0
1781650800.0,hyperliquid,BTC,65732.0
1781651700.0,hyperliquid,BTC,65707.0
1781652600.0,hyperliquid,BTC,65695.0
1781653500.0,hyperliquid,BTC,65639.0
1781654400.0,hyperliquid,BTC,65722.0
1781655300.0,hyperliquid,BTC,65691.0
1781656200.0,hyperliquid,BTC,65804.0
1781657100.0,hyperliquid,BTC,65682.0
1781658000.0,hyperliquid,BTC,65771.0
1781658900.0,hyperliquid,BTC,65553.0
1781659800.0,hyperliquid,BTC,65737.0
1781660700.0,hyperliquid,BTC,65913.0
1781661600.0,hyperliquid,BTC,65878.0
1781662500.0,hyperliquid,BTC,66074.0
1781663400.0,hyperliquid,BTC,65830.0
1781664300.0,hyperliquid,BTC,65882.0
1781665200.0,hyperliquid,BTC,65798.0
1781666100.0,hyperliquid,BTC,65759.0
1781667000.0,hyperliquid,BTC,65775.0
1781667900.0,hyperliquid,BTC,65822.0
1781668800.0,hyperliquid,BTC,65800.0
1781669700.0,hyperliquid,BTC,65868.0
1781670600.0,hyperliquid,BTC,65894.0
1781671500.0,hyperliquid,BTC,65858.0
1781672400.0,hyperliquid,BTC,65779.0
1781673300.0,hyperliquid,BTC,65832.0
1781674200.0,hyperliquid,BTC,65894.0
1781675100.0,hyperliquid,BTC,65813.0
1781676000.0,hyperliquid,BTC,65835.0
1781676900.0,hyperliquid,BTC,65626.0
1781677800.0,hyperliquid,BTC,65610.0
1781678700.0,hyperliquid,BTC,65595.0
1781679600.0,hyperliquid,BTC,65668.0
1781680500.0,hyperliquid,BTC,65521.0
1781681400.0,hyperliquid,BTC,65508.0
1781682300.0,hyperliquid,BTC,65511.0
1781683200.0,hyperliquid,BTC,65303.0
1781684100.0,hyperliquid,BTC,65296.0
1781685000.0,hyperliquid,BTC,64893.0
1781685900.0,hyperliquid,BTC,64896.0
1781686800.0,hyperliquid,BTC,64960.0
1781687700.0,hyperliquid,BTC,65023.0
1781688600.0,hyperliquid,BTC,64927.0
1781689500.0,hyperliquid,BTC,64886.0
1781690400.0,hyperliquid,BTC,64862.0
1781691300.0,hyperliquid,BTC,64914.0
1781692200.0,hyperliquid,BTC,64900.0
1781693100.0,hyperliquid,BTC,64782.0
1781694000.0,hyperliquid,BTC,64582.0
1781694900.0,hyperliquid,BTC,64690.0
1781695800.0,hyperliquid,BTC,64775.0
1781696700.0,hyperliquid,BTC,64796.0
1781697600.0,hyperliquid,BTC,64832.0
1781698500.0,hyperliquid,BTC,64667.0
1781699400.0,hyperliquid,BTC,64903.0
1781700300.0,hyperliquid,BTC,65033.0
1781701200.0,hyperliquid,BTC,65068.0
1781702100.0,hyperliquid,BTC,64906.0
1781703000.0,hyperliquid,BTC,65260.0
1781703900.0,hyperliquid,BTC,65271.0
1781704800.0,hyperliquid,BTC,65327.0
1781705700.0,hyperliquid,BTC,65241.0
1781706600.0,hyperliquid,BTC,65091.0
1781707500.0,hyperliquid,BTC,65085.0
1781708400.0,hyperliquid,BTC,65213.0
1781709300.0,hyperliquid,BTC,65315.0
1781710200.0,hyperliquid,BTC,65478.0
1781711100.0,hyperliquid,BTC,65731.0
1781712000.0,hyperliquid,BTC,65832.0
1781712900.0,hyperliquid,BTC,66227.0
1781713800.0,hyperliquid,BTC,65942.0
1781714700.0,hyperliquid,BTC,65833.0
1781715600.0,hyperliquid,BTC,65833.0
1781716500.0,hyperliquid,BTC,65940.0
1781717400.0,hyperliquid,BTC,65831.0
1781718300.0,hyperliquid,BTC,66050.0
1781719200.0,hyperliquid,BTC,65268.0
1781720100.0,hyperliquid,BTC,65370.0
1781721000.0,hyperliquid,BTC,66013.0
1781721900.0,hyperliquid,BTC,65493.0
1781722800.0,hyperliquid,BTC,65330.0
1781723700.0,hyperliquid,BTC,64438.0
1781724600.0,hyperliquid,BTC,64147.0
1781725500.0,hyperliquid,BTC,64287.0
1781726400.0,hyperliquid,BTC,64179.0
1781727300.0,hyperliquid,BTC,64331.0
1781728200.0,hyperliquid,BTC,64193.0
1781729100.0,hyperliquid,BTC,64386.0
1781730000.0,hyperliquid,BTC,64302.0
1781730900.0,hyperliquid,BTC,64234.0
1781731800.0,hyperliquid,BTC,64144.0
1781732700.0,hyperliquid,BTC,64227.0
1781733600.0,hyperliquid,BTC,64068.0
1781734500.0,hyperliquid,BTC,64328.0
1781735400.0,hyperliquid,BTC,64227.0
1781736300.0,hyperliquid,BTC,64264.0
1781737200.0,hyperliquid,BTC,64284.0
1781738100.0,hyperliquid,BTC,64466.0
1781739000.0,hyperliquid,BTC,64407.0
1781739900.0,hyperliquid,BTC,64470.0
1781740800.0,hyperliquid,BTC,64603.0
1781741700.0,hyperliquid,BTC,64559.0
1781742600.0,hyperliquid,BTC,64556.0
1781743500.0,hyperliquid,BTC,64431.0
1781744400.0,hyperliquid,BTC,64696.0
1781745300.0,hyperliquid,BTC,64626.0
1781746200.0,hyperliquid,BTC,64583.0
1781747100.0,hyperliquid,BTC,64513.0
1781748000.0,hyperliquid,BTC,64533.0
1781748900.0,hyperliquid,BTC,64669.0
1781749800.0,hyperliquid,BTC,64711.0
1781750700.0,hyperliquid,BTC,64651.0
1781751600.0,hyperliquid,BTC,64486.0
1781752500.0,hyperliquid,BTC,64268.0
1781753400.0,hyperliquid,BTC,64289.0
1781754300.0,hyperliquid,BTC,64247.0
1781755200.0,hyperliquid,BTC,63903.0
1781756100.0,hyperliquid,BTC,63902.0
1781757000.0,hyperliquid,BTC,63851.0
1781757900.0,hyperliquid,BTC,63852.0
1781758800.0,hyperliquid,BTC,63888.0
1781759700.0,hyperliquid,BTC,63906.0
1781760600.0,hyperliquid,BTC,63898.0
1781761500.0,hyperliquid,BTC,63961.0
1781762400.0,hyperliquid,BTC,63924.0
1781763300.0,hyperliquid,BTC,63949.0
1781764200.0,hyperliquid,BTC,64063.0
1781765100.0,hyperliquid,BTC,64053.0
1781766000.0,hyperliquid,BTC,64063.0
1781766900.0,hyperliquid,BTC,64280.0
1781767800.0,hyperliquid,BTC,64400.0
1781768700.0,hyperliquid,BTC,64476.0
1781769600.0,hyperliquid,BTC,64508.0
1781770500.0,hyperliquid,BTC,64543.0
1781771400.0,hyperliquid,BTC,64484.0
1781772300.0,hyperliquid,BTC,64362.0
1781773200.0,hyperliquid,BTC,64354.0
1781774100.0,hyperliquid,BTC,64215.0
1781775000.0,hyperliquid,BTC,64251.0
1781775900.0,hyperliquid,BTC,64162.0
1781776800.0,hyperliquid,BTC,63972.0
1781777700.0,hyperliquid,BTC,63934.0
1781778600.0,hyperliquid,BTC,63974.0
1781779500.0,hyperliquid,BTC,64061.0
1781780400.0,hyperliquid,BTC,63998.0
1781781300.0,hyperliquid,BTC,64048.0
1781782200.0,hyperliquid,BTC,63944.0
1781783100.0,hyperliquid,BTC,63952.0
1781784000.0,hyperliquid,BTC,63978.0
1781784900.0,hyperliquid,BTC,64168.0
1781785800.0,hyperliquid,BTC,64227.0
1781786700.0,hyperliquid,BTC,64348.0
1781787600.0,hyperliquid,BTC,64370.0
1781788500.0,hyperliquid,BTC,64325.0
1781789400.0,hyperliquid,BTC,63843.0
1781790300.0,hyperliquid,BTC,63945.0
1781791200.0,hyperliquid,BTC,63736.0
1781792100.0,hyperliquid,BTC,63776.0
1781793000.0,hyperliquid,BTC,63830.0
1781793900.0,hyperliquid,BTC,63777.0
1781794800.0,hyperliquid,BTC,63516.0
1781795700.0,hyperliquid,BTC,63194.0
1781796600.0,hyperliquid,BTC,62744.0
1781797500.0,hyperliquid,BTC,62339.0
1781798400.0,hyperliquid,BTC,62605.0
1781799300.0,hyperliquid,BTC,62575.0
1781800200.0,hyperliquid,BTC,62686.0
1781801100.0,hyperliquid,BTC,62663.0
1781802000.0,hyperliquid,BTC,62477.0
1781802900.0,hyperliquid,BTC,62552.0
1781803800.0,hyperliquid,BTC,62627.0
1781804700.0,hyperliquid,BTC,62580.0
1781805600.0,hyperliquid,BTC,62690.0
1781806500.0,hyperliquid,BTC,62831.0
1781807400.0,hyperliquid,BTC,62746.0
1781808300.0,hyperliquid,BTC,62674.0
1781809200.0,hyperliquid,BTC,62640.0
1781810100.0,hyperliquid,BTC,62752.0
1781811000.0,hyperliquid,BTC,62936.0
1781811900.0,hyperliquid,BTC,62917.0
1781812800.0,hyperliquid,BTC,63154.0
1781813700.0,hyperliquid,BTC,63100.0
1781814600.0,hyperliquid,BTC,63115.0
1781815500.0,hyperliquid,BTC,63069.0
1781816400.0,hyperliquid,BTC,62899.0
1781817300.0,hyperliquid,BTC,62946.0
1781818200.0,hyperliquid,BTC,62896.0
1781819100.0,hyperliquid,BTC,62945.0
1781820000.0,hyperliquid,BTC,62898.0
1781820900.0,hyperliquid,BTC,62804.0
1781821800.0,hyperliquid,BTC,62777.0
1781822700.0,hyperliquid,BTC,62862.0
1781823600.0,hyperliquid,BTC,62726.0
1781824500.0,hyperliquid,BTC,62841.0
1781825400.0,hyperliquid,BTC,62884.0
1781826300.0,hyperliquid,BTC,62935.0
1781827200.0,hyperliquid,BTC,62835.0
1781828100.0,hyperliquid,BTC,62933.0
1781829000.0,hyperliquid,BTC,63031.0
1781829900.0,hyperliquid,BTC,62997.0
1781830800.0,hyperliquid,BTC,62939.0
1781831700.0,hyperliquid,BTC,62901.0
1781832600.0,hyperliquid,BTC,62883.0
1781833500.0,hyperliquid,BTC,62999.0
1781834400.0,hyperliquid,BTC,62997.0
1781835300.0,hyperliquid,BTC,62925.0
1781836200.0,hyperliquid,BTC,62912.0
1781837100.0,hyperliquid,BTC,62975.0
1781838000.0,hyperliquid,BTC,62710.0
1781838900.0,hyperliquid,BTC,62819.0
1781839800.0,hyperliquid,BTC,62674.0
1781840700.0,hyperliquid,BTC,62753.0
1781841600.0,hyperliquid,BTC,62844.0
1781842500.0,hyperliquid,BTC,62702.0
1781843400.0,hyperliquid,BTC,62585.0
1781844300.0,hyperliquid,BTC,62432.0
1781845200.0,hyperliquid,BTC,62650.0
1781846100.0,hyperliquid,BTC,62592.0
1781847000.0,hyperliquid,BTC,62624.0
1781847900.0,hyperliquid,BTC,62708.0
1781848800.0,hyperliquid,BTC,62828.0
1781849700.0,hyperliquid,BTC,62814.0
1781850600.0,hyperliquid,BTC,62798.0
1781851500.0,hyperliquid,BTC,62867.0
1781852400.0,hyperliquid,BTC,62743.0
1781853300.0,hyperliquid,BTC,62712.0
1781854200.0,hyperliquid,BTC,62509.0
1781855100.0,hyperliquid,BTC,62599.0
1781856000.0,hyperliquid,BTC,62643.0
1781856900.0,hyperliquid,BTC,62637.0
1781857800.0,hyperliquid,BTC,62626.0
1781858700.0,hyperliquid,BTC,62554.0
1781859600.0,hyperliquid,BTC,62394.0
1781860500.0,hyperliquid,BTC,62351.0
1781861400.0,hyperliquid,BTC,62394.0
1781862300.0,hyperliquid,BTC,62360.0
1781863200.0,hyperliquid,BTC,62525.0
1781864100.0,hyperliquid,BTC,62478.0
1781865000.0,hyperliquid,BTC,62390.0
1781865900.0,hyperliquid,BTC,62506.0
1781866800.0,hyperliquid,BTC,62465.0
1781867700.0,hyperliquid,BTC,62621.0
1781868600.0,hyperliquid,BTC,62639.0
1781869500.0,hyperliquid,BTC,62604.0
1781870400.0,hyperliquid,BTC,62598.0
1781871300.0,hyperliquid,BTC,62534.0
1781872200.0,hyperliquid,BTC,62483.0
1781873100.0,hyperliquid,BTC,62800.0
1781874000.0,hyperliquid,BTC,62751.0
1781874900.0,hyperliquid,BTC,62762.0
1781875800.0,hyperliquid,BTC,63075.0
1781876700.0,hyperliquid,BTC,63189.0
1781877600.0,hyperliquid,BTC,63065.0
1781878500.0,hyperliquid,BTC,63244.0
1781879400.0,hyperliquid,BTC,63297.0
1781880300.0,hyperliquid,BTC,63179.0
1781881200.0,hyperliquid,BTC,63155.0
1781882100.0,hyperliquid,BTC,63033.0
1781883000.0,hyperliquid,BTC,63219.0
1781883900.0,hyperliquid,BTC,63184.0
1781884800.0,hyperliquid,BTC,63361.0
1781885700.0,hyperliquid,BTC,63305.0
1781886600.0,hyperliquid,BTC,63223.0
1781887500.0,hyperliquid,BTC,62943.0
1781888400.0,hyperliquid,BTC,62977.0
1781889300.0,hyperliquid,BTC,62889.0
1781890200.0,hyperliquid,BTC,63065.0
1781891100.0,hyperliquid,BTC,63180.0
1781892000.0,hyperliquid,BTC,63138.0
1781892900.0,hyperliquid,BTC,63093.0
1781893800.0,hyperliquid,BTC,63031.0
1781894700.0,hyperliquid,BTC,63083.0
1781895600.0,hyperliquid,BTC,63036.0
1781896500.0,hyperliquid,BTC,62972.0
1781897400.0,hyperliquid,BTC,62990.0
1781898300.0,hyperliquid,BTC,62995.0
1781899200.0,hyperliquid,BTC,63048.0
1781900100.0,hyperliquid,BTC,63054.0
1781901000.0,hyperliquid,BTC,63066.0
1781901900.0,hyperliquid,BTC,63230.0
1781902800.0,hyperliquid,BTC,63248.0
1781903700.0,hyperliquid,BTC,63140.0
1781904600.0,hyperliquid,BTC,63066.0
1781905500.0,hyperliquid,BTC,63044.0
1781906400.0,hyperliquid,BTC,63069.0
1781907300.0,hyperliquid,BTC,63247.0
1781908200.0,hyperliquid,BTC,63296.0
1781909100.0,hyperliquid,BTC,63293.0
1781910000.0,hyperliquid,BTC,63265.0
1781910900.0,hyperliquid,BTC,63287.0
1781911800.0,hyperliquid,BTC,63300.0
1781912700.0,hyperliquid,BTC,63512.0
1781913600.0,hyperliquid,BTC,63496.0
1781914500.0,hyperliquid,BTC,63592.0
1781915400.0,hyperliquid,BTC,63580.0
1781916300.0,hyperliquid,BTC,63511.0
1781917200.0,hyperliquid,BTC,63422.0
1781918100.0,hyperliquid,BTC,63480.0
1781919000.0,hyperliquid,BTC,63535.0
1781919900.0,hyperliquid,BTC,63550.0
1781920800.0,hyperliquid,BTC,63448.0
1781921700.0,hyperliquid,BTC,63375.0
1781922600.0,hyperliquid,BTC,63373.0
1781923500.0,hyperliquid,BTC,63312.0
1781924400.0,hyperliquid,BTC,63322.0
1781925300.0,hyperliquid,BTC,63409.0
1781926200.0,hyperliquid,BTC,63461.0
1781927100.0,hyperliquid,BTC,63444.0
1781928000.0,hyperliquid,BTC,63393.0
1781928900.0,hyperliquid,BTC,63542.0
1781929800.0,hyperliquid,BTC,63580.0
1781930700.0,hyperliquid,BTC,63551.0
1781931600.0,hyperliquid,BTC,63797.0
1781932500.0,hyperliquid,BTC,63602.0
1781933400.0,hyperliquid,BTC,63617.0
1781934300.0,hyperliquid,BTC,63653.0
1781935200.0,hyperliquid,BTC,63655.0
1781936100.0,hyperliquid,BTC,63673.0
1781937000.0,hyperliquid,BTC,63734.0
1781937900.0,hyperliquid,BTC,63722.0
1781938800.0,hyperliquid,BTC,63637.0
1781939700.0,hyperliquid,BTC,63766.0
1781940600.0,hyperliquid,BTC,63715.0
1781941500.0,hyperliquid,BTC,63617.0
1781942400.0,hyperliquid,BTC,63513.0
1781943300.0,hyperliquid,BTC,63449.0
1781944200.0,hyperliquid,BTC,63420.0
1781945100.0,hyperliquid,BTC,63399.0
1781946000.0,hyperliquid,BTC,63488.0
1781946900.0,hyperliquid,BTC,63543.0
1781947800.0,hyperliquid,BTC,63674.0
1781948700.0,hyperliquid,BTC,63704.0
1781949600.0,hyperliquid,BTC,63661.0
1781950500.0,hyperliquid,BTC,63650.0
1781951400.0,hyperliquid,BTC,63568.0
1781952300.0,hyperliquid,BTC,63651.0
1781953200.0,hyperliquid,BTC,63634.0
1781954100.0,hyperliquid,BTC,63673.0
1781955000.0,hyperliquid,BTC,63704.0
1781955900.0,hyperliquid,BTC,63658.0
1781956800.0,hyperliquid,BTC,63722.0
1781957700.0,hyperliquid,BTC,63706.0
1781958600.0,hyperliquid,BTC,63593.0
1781959500.0,hyperliquid,BTC,63623.0
1781960400.0,hyperliquid,BTC,63553.0
1781961300.0,hyperliquid,BTC,63309.0
1781962200.0,hyperliquid,BTC,63427.0
1781963100.0,hyperliquid,BTC,63373.0
1781964000.0,hyperliquid,BTC,63184.0
1781964900.0,hyperliquid,BTC,63354.0
1781965800.0,hyperliquid,BTC,63488.0
1781966700.0,hyperliquid,BTC,63930.0
1781967600.0,hyperliquid,BTC,63985.0
1781968500.0,hyperliquid,BTC,64162.0
1781969400.0,hyperliquid,BTC,64084.0
1781970300.0,hyperliquid,BTC,64120.0
1781971200.0,hyperliquid,BTC,63970.0
1781972100.0,hyperliquid,BTC,63964.0
1781973000.0,hyperliquid,BTC,63967.0
1781973900.0,hyperliquid,BTC,63990.0
1781974800.0,hyperliquid,BTC,63920.0
1781975700.0,hyperliquid,BTC,63959.0
1781976600.0,hyperliquid,BTC,63839.0
1781977500.0,hyperliquid,BTC,63814.0
1781978400.0,hyperliquid,BTC,63804.0
1781979300.0,hyperliquid,BTC,63833.0
1781980200.0,hyperliquid,BTC,63787.0
1781981100.0,hyperliquid,BTC,63777.0
1781982000.0,hyperliquid,BTC,63872.0
1781982900.0,hyperliquid,BTC,63829.0
1781983800.0,hyperliquid,BTC,63914.0
1781984700.0,hyperliquid,BTC,63906.0
1781985600.0,hyperliquid,BTC,63939.0
1781986500.0,hyperliquid,BTC,63881.0
1781987400.0,hyperliquid,BTC,63847.0
1781988300.0,hyperliquid,BTC,63899.0
1781989200.0,hyperliquid,BTC,63967.0
1781990100.0,hyperliquid,BTC,63905.0
1781991000.0,hyperliquid,BTC,64001.0
1781991900.0,hyperliquid,BTC,63989.0
1781992800.0,hyperliquid,BTC,64106.0
1781993700.0,hyperliquid,BTC,64278.0
1781994600.0,hyperliquid,BTC,64252.0
1781995500.0,hyperliquid,BTC,64252.0
1781996400.0,hyperliquid,BTC,64237.0
1781997300.0,hyperliquid,BTC,64248.0
1781998200.0,hyperliquid,BTC,64311.0
1781999100.0,hyperliquid,BTC,64276.0
1782000000.0,hyperliquid,BTC,64237.0
1782000900.0,hyperliquid,BTC,64241.0
1782001800.0,hyperliquid,BTC,64273.0
1782002700.0,hyperliquid,BTC,64268.0
1782003600.0,hyperliquid,BTC,64226.0
1782004500.0,hyperliquid,BTC,64222.0
1782005400.0,hyperliquid,BTC,64226.0
1782006300.0,hyperliquid,BTC,64229.0
1782007200.0,hyperliquid,BTC,64227.0
1782008100.0,hyperliquid,BTC,64203.0
1782009000.0,hyperliquid,BTC,64210.0
1782009900.0,hyperliquid,BTC,64230.0
1782010800.0,hyperliquid,BTC,64271.0
1782011700.0,hyperliquid,BTC,64324.0
1782012600.0,hyperliquid,BTC,64418.0
1782013500.0,hyperliquid,BTC,64399.0
1782014400.0,hyperliquid,BTC,64374.0
1782015300.0,hyperliquid,BTC,64508.0
1782016200.0,hyperliquid,BTC,64463.0
1782017100.0,hyperliquid,BTC,64251.0
1782018000.0,hyperliquid,BTC,64210.0
1782018900.0,hyperliquid,BTC,64265.0
1782019800.0,hyperliquid,BTC,64273.0
1782020700.0,hyperliquid,BTC,64221.0
1782021600.0,hyperliquid,BTC,64177.0
1782022500.0,hyperliquid,BTC,64258.0
1782023400.0,hyperliquid,BTC,64283.0
1782024300.0,hyperliquid,BTC,64265.0
1782025200.0,hyperliquid,BTC,64225.0
1782026100.0,hyperliquid,BTC,64142.0
1782027000.0,hyperliquid,BTC,64191.0
1782027900.0,hyperliquid,BTC,64160.0
1782028800.0,hyperliquid,BTC,64088.0
1782029700.0,hyperliquid,BTC,64014.0
1782030600.0,hyperliquid,BTC,63942.0
1782031500.0,hyperliquid,BTC,63985.0
1782032400.0,hyperliquid,BTC,63949.0
1782033300.0,hyperliquid,BTC,64021.0
1782034200.0,hyperliquid,BTC,64101.0
1782035100.0,hyperliquid,BTC,64175.0
1782036000.0,hyperliquid,BTC,64247.0
1782036900.0,hyperliquid,BTC,64273.0
1782037800.0,hyperliquid,BTC,64316.0
1782038700.0,hyperliquid,BTC,64336.0
1782039600.0,hyperliquid,BTC,64389.0
1782040500.0,hyperliquid,BTC,64356.0
1782041400.0,hyperliquid,BTC,64243.0
1782042300.0,hyperliquid,BTC,64130.0
1782043200.0,hyperliquid,BTC,64032.0
1782044100.0,hyperliquid,BTC,63976.0
1782045000.0,hyperliquid,BTC,64017.0
1782045900.0,hyperliquid,BTC,64161.0
1782046800.0,hyperliquid,BTC,64078.0
1782047700.0,hyperliquid,BTC,64127.0
1782048600.0,hyperliquid,BTC,64011.0
1782049500.0,hyperliquid,BTC,64105.0
1782050400.0,hyperliquid,BTC,64035.0
1782051300.0,hyperliquid,BTC,63999.0
1782052200.0,hyperliquid,BTC,64022.0
1782053100.0,hyperliquid,BTC,64110.0
1782054000.0,hyperliquid,BTC,64172.0
1782054900.0,hyperliquid,BTC,64229.0
1782055800.0,hyperliquid,BTC,64266.0
1782056700.0,hyperliquid,BTC,64185.0
1782057600.0,hyperliquid,BTC,64103.0
1782058500.0,hyperliquid,BTC,64150.0
1782059400.0,hyperliquid,BTC,64068.0
1782060300.0,hyperliquid,BTC,64107.0
1782061200.0,hyperliquid,BTC,64172.0
1782062100.0,hyperliquid,BTC,64073.0
1782063000.0,hyperliquid,BTC,64089.0
1782063900.0,hyperliquid,BTC,64111.0
1782064800.0,hyperliquid,BTC,63972.0
1782065700.0,hyperliquid,BTC,64005.0
1782066600.0,hyperliquid,BTC,64150.0
1782067500.0,hyperliquid,BTC,64162.0
1782068400.0,hyperliquid,BTC,64186.0
1782069300.0,hyperliquid,BTC,64186.0
1782070200.0,hyperliquid,BTC,64172.0
1782071100.0,hyperliquid,BTC,64168.0
1782072000.0,hyperliquid,BTC,64127.0
1782072900.0,hyperliquid,BTC,64083.0
1782073800.0,hyperliquid,BTC,63936.0
1782074700.0,hyperliquid,BTC,63800.0
1782075600.0,hyperliquid,BTC,63583.0
1782076500.0,hyperliquid,BTC,63650.0
1782077400.0,hyperliquid,BTC,63853.0
1782078300.0,hyperliquid,BTC,63760.0
1782079200.0,hyperliquid,BTC,63593.0
1782080100.0,hyperliquid,BTC,63692.0
1782081000.0,hyperliquid,BTC,63642.0
1782081900.0,hyperliquid,BTC,63762.0
1782082800.0,hyperliquid,BTC,63672.0
1782083700.0,hyperliquid,BTC,63605.0
1782084600.0,hyperliquid,BTC,63289.0
1782085500.0,hyperliquid,BTC,63270.0
1782086400.0,hyperliquid,BTC,63475.0
1782087300.0,hyperliquid,BTC,63688.0
1782088200.0,hyperliquid,BTC,63884.0
1782089100.0,hyperliquid,BTC,63861.0
1782090000.0,hyperliquid,BTC,63858.0
1782090900.0,hyperliquid,BTC,64616.0
1782091800.0,hyperliquid,BTC,64486.0
1782092700.0,hyperliquid,BTC,64576.0
1782093600.0,hyperliquid,BTC,64521.0
1782094500.0,hyperliquid,BTC,64510.0
1782095400.0,hyperliquid,BTC,64465.0
1782096300.0,hyperliquid,BTC,64218.0
1782097200.0,hyperliquid,BTC,64024.0
1782098100.0,hyperliquid,BTC,64253.0
1782099000.0,hyperliquid,BTC,64138.0
1782099900.0,hyperliquid,BTC,63937.0
1782100800.0,hyperliquid,BTC,63930.0
1782101700.0,hyperliquid,BTC,63936.0
1782102600.0,hyperliquid,BTC,63926.0
1782103500.0,hyperliquid,BTC,64067.0
1782104400.0,hyperliquid,BTC,64260.0
1782105300.0,hyperliquid,BTC,64203.0
1782106200.0,hyperliquid,BTC,64239.0
1782107100.0,hyperliquid,BTC,64204.0
1782108000.0,hyperliquid,BTC,64194.0
1782108900.0,hyperliquid,BTC,64091.0
1782109800.0,hyperliquid,BTC,63988.0
1782110700.0,hyperliquid,BTC,63971.0
1782111600.0,hyperliquid,BTC,64180.0
1782112500.0,hyperliquid,BTC,64230.0
1782113400.0,hyperliquid,BTC,64234.0
1782114300.0,hyperliquid,BTC,64178.0
1782115200.0,hyperliquid,BTC,64292.0
1782116100.0,hyperliquid,BTC,64165.0
1782117000.0,hyperliquid,BTC,64236.0
1782117900.0,hyperliquid,BTC,64139.0
1782118800.0,hyperliquid,BTC,64160.0
1782119700.0,hyperliquid,BTC,64093.0
1782120600.0,hyperliquid,BTC,64095.0
1782121500.0,hyperliquid,BTC,64108.0
1782122400.0,hyperliquid,BTC,64185.0
1782123300.0,hyperliquid,BTC,64142.0
1782124200.0,hyperliquid,BTC,64045.0
1782125100.0,hyperliquid,BTC,64112.0
1782126000.0,hyperliquid,BTC,64286.0
1782126900.0,hyperliquid,BTC,64349.0
1782127800.0,hyperliquid,BTC,64599.0
1782128700.0,hyperliquid,BTC,64630.0
1782129600.0,hyperliquid,BTC,64718.0
1782130500.0,hyperliquid,BTC,64909.0
1782131400.0,hyperliquid,BTC,65034.0
1782132300.0,hyperliquid,BTC,65116.0
1782133200.0,hyperliquid,BTC,65113.0
1782134100.0,hyperliquid,BTC,64953.0
1782135000.0,hyperliquid,BTC,65378.0
1782135900.0,hyperliquid,BTC,65537.0
1782136800.0,hyperliquid,BTC,65251.0
1782137700.0,hyperliquid,BTC,64945.0
1782138600.0,hyperliquid,BTC,64878.0
1782139500.0,hyperliquid,BTC,64946.0
1782140400.0,hyperliquid,BTC,65055.0
1782141300.0,hyperliquid,BTC,65014.0
1782142200.0,hyperliquid,BTC,65031.0
1782143100.0,hyperliquid,BTC,64802.0
1782144000.0,hyperliquid,BTC,64702.0
1782144900.0,hyperliquid,BTC,64670.0
1782145800.0,hyperliquid,BTC,64559.0
1782146700.0,hyperliquid,BTC,64702.0
1782147600.0,hyperliquid,BTC,64659.0
1782148500.0,hyperliquid,BTC,64508.0
1782149400.0,hyperliquid,BTC,64407.0
1782150300.0,hyperliquid,BTC,64587.0
1782151200.0,hyperliquid,BTC,64658.0
1782152100.0,hyperliquid,BTC,64584.0
1782153000.0,hyperliquid,BTC,64493.0
1782153900.0,hyperliquid,BTC,64309.0
1782154800.0,hyperliquid,BTC,64410.0
1782155700.0,hyperliquid,BTC,64343.0
1782156600.0,hyperliquid,BTC,64401.0
1782157500.0,hyperliquid,BTC,64482.0
1782158400.0,hyperliquid,BTC,64502.0
1782159300.0,hyperliquid,BTC,64385.0
1782160200.0,hyperliquid,BTC,64470.0
1782161100.0,hyperliquid,BTC,64420.0
1782162000.0,hyperliquid,BTC,64383.0
1782162900.0,hyperliquid,BTC,64278.0
1782163800.0,hyperliquid,BTC,64164.0
1782164700.0,hyperliquid,BTC,64298.0
1782165600.0,hyperliquid,BTC,64288.0
1782166500.0,hyperliquid,BTC,64015.0
1782167400.0,hyperliquid,BTC,63831.0
1782168300.0,hyperliquid,BTC,63964.0
1782169200.0,hyperliquid,BTC,63928.0
1782170100.0,hyperliquid,BTC,64031.0
1782171000.0,hyperliquid,BTC,63976.0
1782171900.0,hyperliquid,BTC,64012.0
1782172800.0,hyperliquid,BTC,63946.0
1782173700.0,hyperliquid,BTC,63845.0
1782174600.0,hyperliquid,BTC,64097.0
1782175500.0,hyperliquid,BTC,64138.0
1782176400.0,hyperliquid,BTC,64199.0
1782177300.0,hyperliquid,BTC,64180.0
1782178200.0,hyperliquid,BTC,64031.0
1782179100.0,hyperliquid,BTC,64131.0
1782180000.0,hyperliquid,BTC,64096.0
1782180900.0,hyperliquid,BTC,64143.0
1782181800.0,hyperliquid,BTC,64177.0
1782182700.0,hyperliquid,BTC,64167.0
1782183600.0,hyperliquid,BTC,63987.0
1782184500.0,hyperliquid,BTC,64063.0
1782185400.0,hyperliquid,BTC,63966.0
1782186300.0,hyperliquid,BTC,64035.0
1782187200.0,hyperliquid,BTC,64022.0
1782188100.0,hyperliquid,BTC,63952.0
1782189000.0,hyperliquid,BTC,63781.0
1782189900.0,hyperliquid,BTC,63595.0
1782190800.0,hyperliquid,BTC,63589.0
1782191700.0,hyperliquid,BTC,63444.0
1782192600.0,hyperliquid,BTC,63421.0
1782193500.0,hyperliquid,BTC,63371.0
1782194400.0,hyperliquid,BTC,63185.0
1782195300.0,hyperliquid,BTC,62734.0
1782196200.0,hyperliquid,BTC,62911.0
1782197100.0,hyperliquid,BTC,62900.0
1782198000.0,hyperliquid,BTC,62992.0
1782198900.0,hyperliquid,BTC,62960.0
1782199800.0,hyperliquid,BTC,62860.0
1782200700.0,hyperliquid,BTC,62852.0
1782201600.0,hyperliquid,BTC,62630.0
1782202500.0,hyperliquid,BTC,62009.0
1782203400.0,hyperliquid,BTC,62357.0
1782204300.0,hyperliquid,BTC,62348.0
1782205200.0,hyperliquid,BTC,62400.0
1782206100.0,hyperliquid,BTC,62478.0
1782207000.0,hyperliquid,BTC,62326.0
1782207900.0,hyperliquid,BTC,62349.0
1782208800.0,hyperliquid,BTC,62430.0
1782209700.0,hyperliquid,BTC,62330.0
1782210600.0,hyperliquid,BTC,62229.0
1782211500.0,hyperliquid,BTC,62294.0
1782212400.0,hyperliquid,BTC,62357.0
1782213300.0,hyperliquid,BTC,62520.0
1782214200.0,hyperliquid,BTC,62543.0
1782215100.0,hyperliquid,BTC,62481.0
1782216000.0,hyperliquid,BTC,62401.0
1782216900.0,hyperliquid,BTC,62373.0
1782217800.0,hyperliquid,BTC,62306.0
1782218700.0,hyperliquid,BTC,62231.0
1782219600.0,hyperliquid,BTC,62146.0
1782220500.0,hyperliquid,BTC,62032.0
1782221400.0,hyperliquid,BTC,62382.0
1782222300.0,hyperliquid,BTC,62449.0
1782223200.0,hyperliquid,BTC,62724.0
1782224100.0,hyperliquid,BTC,62545.0
1782225000.0,hyperliquid,BTC,62481.0
1782225900.0,hyperliquid,BTC,62458.0
1782226800.0,hyperliquid,BTC,62341.0
1782227700.0,hyperliquid,BTC,62254.0
1782228600.0,hyperliquid,BTC,62268.0
1782229500.0,hyperliquid,BTC,62460.0
1782230400.0,hyperliquid,BTC,62761.0
1782231300.0,hyperliquid,BTC,62559.0
1782232200.0,hyperliquid,BTC,62594.0
1782233100.0,hyperliquid,BTC,62526.0
1782234000.0,hyperliquid,BTC,62403.0
1782234900.0,hyperliquid,BTC,62617.0
1782235800.0,hyperliquid,BTC,62505.0
1782236700.0,hyperliquid,BTC,62330.0
1782237600.0,hyperliquid,BTC,62343.0
1782238500.0,hyperliquid,BTC,62321.0
1782239400.0,hyperliquid,BTC,62121.0
1782240300.0,hyperliquid,BTC,62219.0
1782241200.0,hyperliquid,BTC,62345.0
1782242100.0,hyperliquid,BTC,62416.0
1782243000.0,hyperliquid,BTC,62276.0
1782243900.0,hyperliquid,BTC,62381.0
1782244800.0,hyperliquid,BTC,62419.0
1782245700.0,hyperliquid,BTC,62471.0
1782246600.0,hyperliquid,BTC,62449.0
1782247500.0,hyperliquid,BTC,62440.0
1782248400.0,hyperliquid,BTC,62493.0
1782249300.0,hyperliquid,BTC,62545.0
1782250200.0,hyperliquid,BTC,62600.0
1782251100.0,hyperliquid,BTC,62568.0
1782252000.0,hyperliquid,BTC,62727.0
1782252900.0,hyperliquid,BTC,62586.0
1782253800.0,hyperliquid,BTC,62520.0
1782254700.0,hyperliquid,BTC,62560.0
1782255600.0,hyperliquid,BTC,62500.0
1782256500.0,hyperliquid,BTC,62652.0
1782257400.0,hyperliquid,BTC,62593.0
1782258300.0,hyperliquid,BTC,62706.0
1782259200.0,hyperliquid,BTC,62873.0
1782260100.0,hyperliquid,BTC,62820.0
1782261000.0,hyperliquid,BTC,62937.0
1782261900.0,hyperliquid,BTC,62991.0
1782262800.0,hyperliquid,BTC,62959.0
1782263700.0,hyperliquid,BTC,62886.0
1782264600.0,hyperliquid,BTC,62920.0
1782265500.0,hyperliquid,BTC,62910.0
1782266400.0,hyperliquid,BTC,62841.0
1782267300.0,hyperliquid,BTC,62735.0
1782268200.0,hyperliquid,BTC,62705.0
1782269100.0,hyperliquid,BTC,62599.0
1782270000.0,hyperliquid,BTC,62567.0
1782270900.0,hyperliquid,BTC,62646.0
1782271800.0,hyperliquid,BTC,62775.0
1782272700.0,hyperliquid,BTC,62703.0
1782273600.0,hyperliquid,BTC,62642.0
1782274500.0,hyperliquid,BTC,62571.0
1782275400.0,hyperliquid,BTC,62645.0
1782276300.0,hyperliquid,BTC,62741.0
1782277200.0,hyperliquid,BTC,62765.0
1782278100.0,hyperliquid,BTC,62867.0
1782279000.0,hyperliquid,BTC,62901.0
1782279900.0,hyperliquid,BTC,62857.0
1782280800.0,hyperliquid,BTC,62807.0
1782281700.0,hyperliquid,BTC,62826.0
1782282600.0,hyperliquid,BTC,62748.0
1782283500.0,hyperliquid,BTC,62747.0
1782284400.0,hyperliquid,BTC,62785.0
1782285300.0,hyperliquid,BTC,62642.0
1782286200.0,hyperliquid,BTC,62668.0
1782287100.0,hyperliquid,BTC,62616.0
1782288000.0,hyperliquid,BTC,62627.0
1782288900.0,hyperliquid,BTC,62674.0
1782289800.0,hyperliquid,BTC,62769.0
1782290700.0,hyperliquid,BTC,62781.0
1782291600.0,hyperliquid,BTC,62755.0
1782292500.0,hyperliquid,BTC,62666.0
1782293400.0,hyperliquid,BTC,62636.0
1782294300.0,hyperliquid,BTC,62657.0
1782295200.0,hyperliquid,BTC,62580.0
1782296100.0,hyperliquid,BTC,62513.0
1782297000.0,hyperliquid,BTC,62573.0
1782297900.0,hyperliquid,BTC,62416.0
1782298800.0,hyperliquid,BTC,62358.0
1782299700.0,hyperliquid,BTC,62356.0
1782300600.0,hyperliquid,BTC,62721.0
1782301500.0,hyperliquid,BTC,62884.0
1782302400.0,hyperliquid,BTC,62811.0
1782303300.0,hyperliquid,BTC,62794.0
1782304200.0,hyperliquid,BTC,62822.0
1782305100.0,hyperliquid,BTC,62587.0
1782306000.0,hyperliquid,BTC,62004.0
1782306900.0,hyperliquid,BTC,61829.0
1782307800.0,hyperliquid,BTC,61470.0
1782308700.0,hyperliquid,BTC,61308.0
1782309600.0,hyperliquid,BTC,61199.0
1782310500.0,hyperliquid,BTC,61201.0
1782311400.0,hyperliquid,BTC,61138.0
1782312300.0,hyperliquid,BTC,61084.0
1782313200.0,hyperliquid,BTC,60865.0
1782314100.0,hyperliquid,BTC,60848.0
1782315000.0,hyperliquid,BTC,60537.0
1782315900.0,hyperliquid,BTC,60245.0
1782316800.0,hyperliquid,BTC,60500.0
1782317700.0,hyperliquid,BTC,60523.0
1782318600.0,hyperliquid,BTC,60226.0
1782319500.0,hyperliquid,BTC,59822.0
1782320400.0,hyperliquid,BTC,59806.0
1782321300.0,hyperliquid,BTC,59661.0
1782322200.0,hyperliquid,BTC,59300.0
1782323100.0,hyperliquid,BTC,59373.0
1782324000.0,hyperliquid,BTC,59576.0
1782324900.0,hyperliquid,BTC,59684.0
1782325800.0,hyperliquid,BTC,59534.0
1782326700.0,hyperliquid,BTC,59570.0
1782327600.0,hyperliquid,BTC,59652.0
1782328500.0,hyperliquid,BTC,59808.0
1782329400.0,hyperliquid,BTC,59760.0
1782330300.0,hyperliquid,BTC,59943.0
1782331200.0,hyperliquid,BTC,60656.0
1782332100.0,hyperliquid,BTC,60747.0
1782333000.0,hyperliquid,BTC,60859.0
1782333900.0,hyperliquid,BTC,60931.0
1782334800.0,hyperliquid,BTC,60691.0
1782335700.0,hyperliquid,BTC,60822.0
1782336600.0,hyperliquid,BTC,61063.0
1782337500.0,hyperliquid,BTC,61083.0
1782338400.0,hyperliquid,BTC,60973.0
1782339300.0,hyperliquid,BTC,60846.0
1782340200.0,hyperliquid,BTC,60884.0
1782341100.0,hyperliquid,BTC,60838.0
1782342000.0,hyperliquid,BTC,60849.0
1782342900.0,hyperliquid,BTC,60952.0
1782343800.0,hyperliquid,BTC,60991.0
1782344700.0,hyperliquid,BTC,61047.0
1782345600.0,hyperliquid,BTC,61061.0
1782346500.0,hyperliquid,BTC,60889.0
1782347400.0,hyperliquid,BTC,60812.0
1782348300.0,hyperliquid,BTC,60787.0
1782349200.0,hyperliquid,BTC,60732.0
1782350100.0,hyperliquid,BTC,60829.0
1782351000.0,hyperliquid,BTC,60788.0
1782351900.0,hyperliquid,BTC,60895.0
1782352800.0,hyperliquid,BTC,60750.0
1782353700.0,hyperliquid,BTC,60900.0
1782354600.0,hyperliquid,BTC,60731.0
1782355500.0,hyperliquid,BTC,60756.0
1782356400.0,hyperliquid,BTC,60721.0
1782357300.0,hyperliquid,BTC,60762.0
1782358200.0,hyperliquid,BTC,60721.0
1782359100.0,hyperliquid,BTC,60854.0
1782360000.0,hyperliquid,BTC,60792.0
1782360900.0,hyperliquid,BTC,60871.0
1782361800.0,hyperliquid,BTC,60954.0
1782362700.0,hyperliquid,BTC,61337.0
1782363600.0,hyperliquid,BTC,61615.0
1782364500.0,hyperliquid,BTC,61578.0
1782365400.0,hyperliquid,BTC,61500.0
1782366300.0,hyperliquid,BTC,61572.0
1782367200.0,hyperliquid,BTC,61692.0
1782368100.0,hyperliquid,BTC,61645.0
1782369000.0,hyperliquid,BTC,61728.0
1782369900.0,hyperliquid,BTC,61689.0
1782370800.0,hyperliquid,BTC,61724.0
1782371700.0,hyperliquid,BTC,61772.0
1782372600.0,hyperliquid,BTC,61884.0
1782373500.0,hyperliquid,BTC,61874.0
1782374400.0,hyperliquid,BTC,61755.0
1782375300.0,hyperliquid,BTC,61736.0
1782376200.0,hyperliquid,BTC,61723.0
1782377100.0,hyperliquid,BTC,61668.0
1782378000.0,hyperliquid,BTC,61722.0
1782378900.0,hyperliquid,BTC,61659.0
1782379800.0,hyperliquid,BTC,61722.0
1782380700.0,hyperliquid,BTC,61703.0
1782381600.0,hyperliquid,BTC,61650.0
1782382500.0,hyperliquid,BTC,61544.0
1782383400.0,hyperliquid,BTC,61360.0
1782384300.0,hyperliquid,BTC,61229.0
1782385200.0,hyperliquid,BTC,61329.0
1782386100.0,hyperliquid,BTC,61211.0
1782387000.0,hyperliquid,BTC,61284.0
1782387900.0,hyperliquid,BTC,61249.0
1782388800.0,hyperliquid,BTC,61179.0
1782389700.0,hyperliquid,BTC,61066.0
1782390600.0,hyperliquid,BTC,61352.0
1782391500.0,hyperliquid,BTC,61213.0
1782392400.0,hyperliquid,BTC,61300.0
1782393300.0,hyperliquid,BTC,61208.0
1782394200.0,hyperliquid,BTC,60036.0
1782395100.0,hyperliquid,BTC,58234.0
1782396000.0,hyperliquid,BTC,59221.0
1782396900.0,hyperliquid,BTC,59291.0
1782397800.0,hyperliquid,BTC,59452.0
1782398700.0,hyperliquid,BTC,59438.0
1782399600.0,hyperliquid,BTC,59018.0
1782400500.0,hyperliquid,BTC,59225.0
1782401400.0,hyperliquid,BTC,59169.0
1782402300.0,hyperliquid,BTC,59530.0
1782403200.0,hyperliquid,BTC,59730.0
1782404100.0,hyperliquid,BTC,59718.0
1782405000.0,hyperliquid,BTC,59225.0
1782405900.0,hyperliquid,BTC,59276.0
1782406800.0,hyperliquid,BTC,59359.0
1782407700.0,hyperliquid,BTC,59522.0
1782408600.0,hyperliquid,BTC,59501.0
1782409500.0,hyperliquid,BTC,59649.0
1782410400.0,hyperliquid,BTC,59368.0
1782411300.0,hyperliquid,BTC,59690.0
1782412200.0,hyperliquid,BTC,59401.0
1782413100.0,hyperliquid,BTC,59466.0
1782414000.0,hyperliquid,BTC,59209.0
1782414900.0,hyperliquid,BTC,59312.0
1782415800.0,hyperliquid,BTC,59268.0
1782416700.0,hyperliquid,BTC,59283.0
1782417600.0,hyperliquid,BTC,59556.0
1782418500.0,hyperliquid,BTC,59601.0
1782419400.0,hyperliquid,BTC,59490.0
1782420300.0,hyperliquid,BTC,59422.0
1782421200.0,hyperliquid,BTC,59586.0
1782422100.0,hyperliquid,BTC,59677.0
1782423000.0,hyperliquid,BTC,59931.0
1782423900.0,hyperliquid,BTC,60180.0
1782424800.0,hyperliquid,BTC,59854.0
1782425700.0,hyperliquid,BTC,59759.0
1782426600.0,hyperliquid,BTC,59763.0
1782427500.0,hyperliquid,BTC,59811.0
1782428400.0,hyperliquid,BTC,59911.0
1782429300.0,hyperliquid,BTC,60070.0
1782430200.0,hyperliquid,BTC,59951.0
1782431100.0,hyperliquid,BTC,59759.0
1782432000.0,hyperliquid,BTC,59853.0
1782432900.0,hyperliquid,BTC,59737.0
1782433800.0,hyperliquid,BTC,59759.0
1782434700.0,hyperliquid,BTC,59634.0
1782435600.0,hyperliquid,BTC,59560.0
1782436500.0,hyperliquid,BTC,59257.0
1782437400.0,hyperliquid,BTC,59280.0
1782438300.0,hyperliquid,BTC,59405.0
1782439200.0,hyperliquid,BTC,58640.0
1782440100.0,hyperliquid,BTC,58854.0
1782441000.0,hyperliquid,BTC,58772.0
1782441900.0,hyperliquid,BTC,58518.0
1782442800.0,hyperliquid,BTC,58868.0
1782443700.0,hyperliquid,BTC,59066.0
1782444600.0,hyperliquid,BTC,59465.0
1782445500.0,hyperliquid,BTC,60025.0
1782446400.0,hyperliquid,BTC,59892.0
1782447300.0,hyperliquid,BTC,59962.0
1782448200.0,hyperliquid,BTC,59945.0
1782449100.0,hyperliquid,BTC,59892.0
1782450000.0,hyperliquid,BTC,59956.0
1782450900.0,hyperliquid,BTC,59930.0
1782451800.0,hyperliquid,BTC,59852.0
1782452700.0,hyperliquid,BTC,59920.0
1782453600.0,hyperliquid,BTC,59681.0
1782454500.0,hyperliquid,BTC,60012.0
1782455400.0,hyperliquid,BTC,60367.0
1782456300.0,hyperliquid,BTC,60292.0
1782457200.0,hyperliquid,BTC,60475.0
1782458100.0,hyperliquid,BTC,60559.0
1782459000.0,hyperliquid,BTC,60556.0
1782459900.0,hyperliquid,BTC,60500.0
1782460800.0,hyperliquid,BTC,60224.0
1782461700.0,hyperliquid,BTC,60281.0
1782462600.0,hyperliquid,BTC,60179.0
1782463500.0,hyperliquid,BTC,60211.0
1782464400.0,hyperliquid,BTC,60145.0
1782465300.0,hyperliquid,BTC,60094.0
1782466200.0,hyperliquid,BTC,59967.0
1782467100.0,hyperliquid,BTC,59705.0
1782468000.0,hyperliquid,BTC,59719.0
1782468900.0,hyperliquid,BTC,59696.0
1782469800.0,hyperliquid,BTC,59523.0
1782470700.0,hyperliquid,BTC,59283.0
1782471600.0,hyperliquid,BTC,59454.0
1782472500.0,hyperliquid,BTC,59388.0
1782473400.0,hyperliquid,BTC,59420.0
1782474300.0,hyperliquid,BTC,59387.0
1782475200.0,hyperliquid,BTC,59432.0
1782476100.0,hyperliquid,BTC,59707.0
1782477000.0,hyperliquid,BTC,59114.0
1782477900.0,hyperliquid,BTC,59146.0
1782478800.0,hyperliquid,BTC,59056.0
1782479700.0,hyperliquid,BTC,58874.0
1782480600.0,hyperliquid,BTC,59452.0
1782481500.0,hyperliquid,BTC,60143.0
1782482400.0,hyperliquid,BTC,59962.0
1782483300.0,hyperliquid,BTC,60031.0
1782484200.0,hyperliquid,BTC,59564.0
1782485100.0,hyperliquid,BTC,59557.0
1782486000.0,hyperliquid,BTC,59800.0
1782486900.0,hyperliquid,BTC,60162.0
1782487800.0,hyperliquid,BTC,60396.0
1782488700.0,hyperliquid,BTC,60300.0
1782489600.0,hyperliquid,BTC,60136.0
1782490500.0,hyperliquid,BTC,60008.0
1782491400.0,hyperliquid,BTC,60031.0
1782492300.0,hyperliquid,BTC,60003.0
1782493200.0,hyperliquid,BTC,60177.0
1782494100.0,hyperliquid,BTC,60149.0
1782495000.0,hyperliquid,BTC,60037.0
1782495900.0,hyperliquid,BTC,59992.0
1782496800.0,hyperliquid,BTC,60048.0
1782497700.0,hyperliquid,BTC,59794.0
1782498600.0,hyperliquid,BTC,59740.0
1782499500.0,hyperliquid,BTC,59634.0
1782500400.0,hyperliquid,BTC,59992.0
1782501300.0,hyperliquid,BTC,59896.0
1782502200.0,hyperliquid,BTC,59852.0
1782503100.0,hyperliquid,BTC,59736.0
1782504000.0,hyperliquid,BTC,59691.0
1782504900.0,hyperliquid,BTC,59748.0
1782505800.0,hyperliquid,BTC,59625.0
1782506700.0,hyperliquid,BTC,59684.0
1782507600.0,hyperliquid,BTC,59731.0
1782508500.0,hyperliquid,BTC,59849.0
1782509400.0,hyperliquid,BTC,59995.0
1782510300.0,hyperliquid,BTC,59882.0
1782511200.0,hyperliquid,BTC,59882.0
1782512100.0,hyperliquid,BTC,59861.0
1782513000.0,hyperliquid,BTC,59936.0
1782513900.0,hyperliquid,BTC,60009.0
1782514800.0,hyperliquid,BTC,60048.0
1782515700.0,hyperliquid,BTC,59948.0
1782516600.0,hyperliquid,BTC,60033.0
1782517500.0,hyperliquid,BTC,60074.0
1782518400.0,hyperliquid,BTC,60084.0
1782519300.0,hyperliquid,BTC,60012.0
1782520200.0,hyperliquid,BTC,59941.0
1782521100.0,hyperliquid,BTC,60026.0
1782522000.0,hyperliquid,BTC,59936.0
1782522900.0,hyperliquid,BTC,59964.0
1782523800.0,hyperliquid,BTC,59934.0
1782524700.0,hyperliquid,BTC,59915.0
1782525600.0,hyperliquid,BTC,60082.0
1782526500.0,hyperliquid,BTC,60275.0
1782527400.0,hyperliquid,BTC,60266.0
1782528300.0,hyperliquid,BTC,60257.0
1782529200.0,hyperliquid,BTC,60147.0
1782530100.0,hyperliquid,BTC,60286.0
1782531000.0,hyperliquid,BTC,60285.0
1782531900.0,hyperliquid,BTC,60280.0
1782532800.0,hyperliquid,BTC,60383.0
1782533700.0,hyperliquid,BTC,60370.0
1782534600.0,hyperliquid,BTC,60348.0
1782535500.0,hyperliquid,BTC,60210.0
1782536400.0,hyperliquid,BTC,60275.0
1782537300.0,hyperliquid,BTC,60130.0
1782538200.0,hyperliquid,BTC,60192.0
1782539100.0,hyperliquid,BTC,60213.0
1782540000.0,hyperliquid,BTC,60105.0
1782540900.0,hyperliquid,BTC,60175.0
1782541800.0,hyperliquid,BTC,60381.0
1782542700.0,hyperliquid,BTC,60345.0
1782543600.0,hyperliquid,BTC,60289.0
1782544500.0,hyperliquid,BTC,60405.0
1782545400.0,hyperliquid,BTC,60419.0
1782546300.0,hyperliquid,BTC,60518.0
1782547200.0,hyperliquid,BTC,60457.0
1782548100.0,hyperliquid,BTC,60419.0
1782549000.0,hyperliquid,BTC,60341.0
1782549900.0,hyperliquid,BTC,60426.0
1782550800.0,hyperliquid,BTC,60328.0
1782551700.0,hyperliquid,BTC,60333.0
1782552600.0,hyperliquid,BTC,60373.0
1782553500.0,hyperliquid,BTC,60393.0
1782554400.0,hyperliquid,BTC,60440.0
1782555300.0,hyperliquid,BTC,60428.0
1782556200.0,hyperliquid,BTC,60395.0
1782557100.0,hyperliquid,BTC,60383.0
1782558000.0,hyperliquid,BTC,60371.0
1782558900.0,hyperliquid,BTC,60227.0
1782559800.0,hyperliquid,BTC,60230.0
1782560700.0,hyperliquid,BTC,60338.0
1782561600.0,hyperliquid,BTC,60256.0
1782562500.0,hyperliquid,BTC,60305.0
1782563400.0,hyperliquid,BTC,60299.0
1782564300.0,hyperliquid,BTC,60389.0
1782565200.0,hyperliquid,BTC,60394.0
1782566100.0,hyperliquid,BTC,60444.0
1782567000.0,hyperliquid,BTC,60569.0
1782567900.0,hyperliquid,BTC,60553.0
1782568800.0,hyperliquid,BTC,60645.0
1782569700.0,hyperliquid,BTC,60572.0
1782570600.0,hyperliquid,BTC,60604.0
1782571500.0,hyperliquid,BTC,60583.0
1782572400.0,hyperliquid,BTC,60844.0
1782573300.0,hyperliquid,BTC,60784.0
1782574200.0,hyperliquid,BTC,60769.0
1782575100.0,hyperliquid,BTC,60813.0
1782576000.0,hyperliquid,BTC,60732.0
1782576900.0,hyperliquid,BTC,60689.0
1782577800.0,hyperliquid,BTC,60767.0
1782578700.0,hyperliquid,BTC,60785.0
1782579600.0,hyperliquid,BTC,60543.0
1782580500.0,hyperliquid,BTC,60552.0
1782581400.0,hyperliquid,BTC,60574.0
1782582300.0,hyperliquid,BTC,60498.0
1782583200.0,hyperliquid,BTC,60491.0
1782584100.0,hyperliquid,BTC,60487.0
1782585000.0,hyperliquid,BTC,60534.0
1782585900.0,hyperliquid,BTC,60536.0
1782586800.0,hyperliquid,BTC,60567.0
1782587700.0,hyperliquid,BTC,60291.0
1782588600.0,hyperliquid,BTC,60164.0
1782589500.0,hyperliquid,BTC,60145.0
1782590400.0,hyperliquid,BTC,60238.0
1782591300.0,hyperliquid,BTC,60240.0
1782592200.0,hyperliquid,BTC,60224.0
1782593100.0,hyperliquid,BTC,60265.0
1782594000.0,hyperliquid,BTC,60365.0
1782594900.0,hyperliquid,BTC,60424.0
1782595800.0,hyperliquid,BTC,60222.0
1782596700.0,hyperliquid,BTC,60174.0
1782597600.0,hyperliquid,BTC,60097.0
1782598500.0,hyperliquid,BTC,60099.0
1782599400.0,hyperliquid,BTC,60147.0
1782600300.0,hyperliquid,BTC,60197.0
1782601200.0,hyperliquid,BTC,60004.0
1782602100.0,hyperliquid,BTC,59951.0
1782603000.0,hyperliquid,BTC,60027.0
1782603900.0,hyperliquid,BTC,59996.0
1782604800.0,hyperliquid,BTC,60100.0
1782605700.0,hyperliquid,BTC,60129.0
1782606600.0,hyperliquid,BTC,60139.0
1782607500.0,hyperliquid,BTC,60118.0
1782608400.0,hyperliquid,BTC,60053.0
1782609300.0,hyperliquid,BTC,60175.0
1782610200.0,hyperliquid,BTC,60231.0
1782611100.0,hyperliquid,BTC,60191.0
1782612000.0,hyperliquid,BTC,60257.0
1782612900.0,hyperliquid,BTC,60083.0
1782613800.0,hyperliquid,BTC,60099.0
1782614700.0,hyperliquid,BTC,60125.0
1782615600.0,hyperliquid,BTC,60233.0
1782616500.0,hyperliquid,BTC,60233.0
1782617400.0,hyperliquid,BTC,60164.0
1782618300.0,hyperliquid,BTC,60172.0
1782619200.0,hyperliquid,BTC,60180.0
1782620100.0,hyperliquid,BTC,60173.0
1782621000.0,hyperliquid,BTC,60144.0
1782621900.0,hyperliquid,BTC,60106.0
1782622800.0,hyperliquid,BTC,59976.0
1782623700.0,hyperliquid,BTC,59810.0
1782624600.0,hyperliquid,BTC,59893.0
1782625500.0,hyperliquid,BTC,59962.0
1782626400.0,hyperliquid,BTC,59820.0
1782627300.0,hyperliquid,BTC,59898.0
1782628200.0,hyperliquid,BTC,59943.0
1782629100.0,hyperliquid,BTC,59973.0
1782630000.0,hyperliquid,BTC,60118.0
1782630900.0,hyperliquid,BTC,60077.0
1782631800.0,hyperliquid,BTC,60191.0
1782632700.0,hyperliquid,BTC,60190.0
1782633600.0,hyperliquid,BTC,60153.0
1782634500.0,hyperliquid,BTC,60184.0
1782635400.0,hyperliquid,BTC,60418.0
1782636300.0,hyperliquid,BTC,60337.0
1782637200.0,hyperliquid,BTC,60343.0
1782638100.0,hyperliquid,BTC,60296.0
1782639000.0,hyperliquid,BTC,60341.0
1782639900.0,hyperliquid,BTC,60224.0
1782640800.0,hyperliquid,BTC,60232.0
1782641700.0,hyperliquid,BTC,60076.0
1782642600.0,hyperliquid,BTC,60093.0
1782643500.0,hyperliquid,BTC,60131.0
1782644400.0,hyperliquid,BTC,60094.0
1782645300.0,hyperliquid,BTC,60288.0
1782646200.0,hyperliquid,BTC,60275.0
1782647100.0,hyperliquid,BTC,60310.0
1782648000.0,hyperliquid,BTC,60272.0
1782648900.0,hyperliquid,BTC,60308.0
1782649800.0,hyperliquid,BTC,60211.0
1782650700.0,hyperliquid,BTC,60268.0
1782651600.0,hyperliquid,BTC,60091.0
1782652500.0,hyperliquid,BTC,60093.0
1782653400.0,hyperliquid,BTC,60094.0
1782654300.0,hyperliquid,BTC,60043.0
1782655200.0,hyperliquid,BTC,60144.0
1782656100.0,hyperliquid,BTC,60125.0
1782657000.0,hyperliquid,BTC,60077.0
1782657900.0,hyperliquid,BTC,60006.0
1782658800.0,hyperliquid,BTC,60048.0
1782659700.0,hyperliquid,BTC,60010.0
1782660600.0,hyperliquid,BTC,59946.0
1782661500.0,hyperliquid,BTC,59854.0
1782662400.0,hyperliquid,BTC,59800.0
1782663300.0,hyperliquid,BTC,59724.0
1782664200.0,hyperliquid,BTC,59582.0
1782665100.0,hyperliquid,BTC,59659.0
1782666000.0,hyperliquid,BTC,59616.0
1782666900.0,hyperliquid,BTC,59570.0
1782667800.0,hyperliquid,BTC,59506.0
1782668700.0,hyperliquid,BTC,59559.0
1782669600.0,hyperliquid,BTC,59618.0
1782670500.0,hyperliquid,BTC,59578.0
1782671400.0,hyperliquid,BTC,59577.0
1782672300.0,hyperliquid,BTC,59593.0
1782673200.0,hyperliquid,BTC,59469.0
1782674100.0,hyperliquid,BTC,59520.0
1782675000.0,hyperliquid,BTC,59414.0
1782675900.0,hyperliquid,BTC,59450.0
1782676800.0,hyperliquid,BTC,59634.0
1782677700.0,hyperliquid,BTC,59690.0
1782678600.0,hyperliquid,BTC,59640.0
1782679500.0,hyperliquid,BTC,59633.0
1782680400.0,hyperliquid,BTC,59666.0
1782681300.0,hyperliquid,BTC,59686.0
1782682200.0,hyperliquid,BTC,59635.0
1782683100.0,hyperliquid,BTC,59418.0
1782684000.0,hyperliquid,BTC,59613.0
1782684900.0,hyperliquid,BTC,59345.0
1782685800.0,hyperliquid,BTC,59071.0
1782686700.0,hyperliquid,BTC,59041.0
1782687600.0,hyperliquid,BTC,59241.0
1782688500.0,hyperliquid,BTC,59517.0
1782689400.0,hyperliquid,BTC,59702.0
1782690300.0,hyperliquid,BTC,59549.0
1782691200.0,hyperliquid,BTC,59554.0
1782692100.0,hyperliquid,BTC,59176.0
1782693000.0,hyperliquid,BTC,59357.0
1782693900.0,hyperliquid,BTC,59648.0
1782694800.0,hyperliquid,BTC,59455.0
1782695700.0,hyperliquid,BTC,59271.0
1782696600.0,hyperliquid,BTC,59525.0
1782697500.0,hyperliquid,BTC,59411.0
1782698400.0,hyperliquid,BTC,58993.0
1782699300.0,hyperliquid,BTC,59511.0
1782700200.0,hyperliquid,BTC,59745.0
1782701100.0,hyperliquid,BTC,59721.0
1782702000.0,hyperliquid,BTC,59972.0
1782702900.0,hyperliquid,BTC,60141.0
1782703800.0,hyperliquid,BTC,59886.0
1782704700.0,hyperliquid,BTC,60015.0
1782705600.0,hyperliquid,BTC,59890.0
1782706500.0,hyperliquid,BTC,59926.0
1782707400.0,hyperliquid,BTC,59804.0
1782708300.0,hyperliquid,BTC,59792.0
1782709200.0,hyperliquid,BTC,59498.0
1782710100.0,hyperliquid,BTC,59659.0
1782711000.0,hyperliquid,BTC,59885.0
1782711900.0,hyperliquid,BTC,60075.0
1782712800.0,hyperliquid,BTC,60148.0
1782713700.0,hyperliquid,BTC,60136.0
1782714600.0,hyperliquid,BTC,60049.0
1782715500.0,hyperliquid,BTC,60045.0
1782716400.0,hyperliquid,BTC,60056.0
1782717300.0,hyperliquid,BTC,60075.0
1782718200.0,hyperliquid,BTC,60024.0
1782719100.0,hyperliquid,BTC,59996.0
1782720000.0,hyperliquid,BTC,59931.0
1782720900.0,hyperliquid,BTC,59801.0
1782721800.0,hyperliquid,BTC,59843.0
1782722700.0,hyperliquid,BTC,59807.0
1782723600.0,hyperliquid,BTC,59917.0
1782724500.0,hyperliquid,BTC,59905.0
1782725400.0,hyperliquid,BTC,59941.0
1782726300.0,hyperliquid,BTC,60024.0
1782727200.0,hyperliquid,BTC,60205.0
1782728100.0,hyperliquid,BTC,60188.0
1782729000.0,hyperliquid,BTC,60102.0
1782729900.0,hyperliquid,BTC,60063.0
1782730800.0,hyperliquid,BTC,59923.0
1782731700.0,hyperliquid,BTC,59971.0
1782732600.0,hyperliquid,BTC,59839.0
1782733500.0,hyperliquid,BTC,59941.0
1782734400.0,hyperliquid,BTC,60649.0
1782735300.0,hyperliquid,BTC,60410.0
1782736200.0,hyperliquid,BTC,59919.0
1782737100.0,hyperliquid,BTC,59922.0
1782738000.0,hyperliquid,BTC,60180.0
1782738900.0,hyperliquid,BTC,59960.0
1782739800.0,hyperliquid,BTC,59431.0
1782740700.0,hyperliquid,BTC,59556.0
1782741600.0,hyperliquid,BTC,59063.0
1782742500.0,hyperliquid,BTC,59477.0
1782743400.0,hyperliquid,BTC,59297.0
1782744300.0,hyperliquid,BTC,59438.0
1782745200.0,hyperliquid,BTC,59234.0
1782746100.0,hyperliquid,BTC,59464.0
1782747000.0,hyperliquid,BTC,59796.0
1782747900.0,hyperliquid,BTC,59792.0
1782748800.0,hyperliquid,BTC,59699.0
1782749700.0,hyperliquid,BTC,59569.0
1782750600.0,hyperliquid,BTC,59840.0
1782751500.0,hyperliquid,BTC,59867.0
1782752400.0,hyperliquid,BTC,60428.0
1782753300.0,hyperliquid,BTC,60507.0
1782754200.0,hyperliquid,BTC,60598.0
1782755100.0,hyperliquid,BTC,60386.0
1782756000.0,hyperliquid,BTC,60491.0
1782756900.0,hyperliquid,BTC,60244.0
1782757800.0,hyperliquid,BTC,60256.0
1782758700.0,hyperliquid,BTC,60274.0
1782759600.0,hyperliquid,BTC,60179.0
1782760500.0,hyperliquid,BTC,60429.0
1782761400.0,hyperliquid,BTC,60443.0
1782762300.0,hyperliquid,BTC,60404.0
1782763200.0,hyperliquid,BTC,60407.0
1782764100.0,hyperliquid,BTC,60370.0
1782765000.0,hyperliquid,BTC,60384.0
1782765900.0,hyperliquid,BTC,60270.0
1782766800.0,hyperliquid,BTC,60385.0
1782767700.0,hyperliquid,BTC,60332.0
1782768600.0,hyperliquid,BTC,60441.0
1782769500.0,hyperliquid,BTC,60453.0
1782770400.0,hyperliquid,BTC,60419.0
1782771300.0,hyperliquid,BTC,60421.0
1782772200.0,hyperliquid,BTC,60357.0
1782773100.0,hyperliquid,BTC,60321.0
1782774000.0,hyperliquid,BTC,60313.0
1782774900.0,hyperliquid,BTC,60200.0
1782775800.0,hyperliquid,BTC,60230.0
1782776700.0,hyperliquid,BTC,60227.0
1782777600.0,hyperliquid,BTC,60166.0
1782778500.0,hyperliquid,BTC,59908.0
1782779400.0,hyperliquid,BTC,59751.0
1782780300.0,hyperliquid,BTC,59818.0
1782781200.0,hyperliquid,BTC,59803.0
1782782100.0,hyperliquid,BTC,60009.0
1782783000.0,hyperliquid,BTC,59810.0
1782783900.0,hyperliquid,BTC,59915.0
1782784800.0,hyperliquid,BTC,59753.0
1782785700.0,hyperliquid,BTC,59951.0
1782786600.0,hyperliquid,BTC,59993.0
1782787500.0,hyperliquid,BTC,59915.0
1782788400.0,hyperliquid,BTC,59870.0
1782789300.0,hyperliquid,BTC,59824.0
1782790200.0,hyperliquid,BTC,59704.0
1782791100.0,hyperliquid,BTC,59589.0
1782792000.0,hyperliquid,BTC,59530.0
1782792900.0,hyperliquid,BTC,59533.0
1782793800.0,hyperliquid,BTC,59580.0
1782794700.0,hyperliquid,BTC,59477.0
1782795600.0,hyperliquid,BTC,59403.0
1782796500.0,hyperliquid,BTC,59365.0
1782797400.0,hyperliquid,BTC,59547.0
1782798300.0,hyperliquid,BTC,59626.0
1782799200.0,hyperliquid,BTC,59545.0
1782800100.0,hyperliquid,BTC,59667.0
1782801000.0,hyperliquid,BTC,59537.0
1782801900.0,hyperliquid,BTC,59570.0
1782802800.0,hyperliquid,BTC,59464.0
1782803700.0,hyperliquid,BTC,59451.0
1782804600.0,hyperliquid,BTC,59492.0
1782805500.0,hyperliquid,BTC,59508.0
1782806400.0,hyperliquid,BTC,59408.0
1782807300.0,hyperliquid,BTC,59393.0
1782808200.0,hyperliquid,BTC,59248.0
1782809100.0,hyperliquid,BTC,59287.0
1782810000.0,hyperliquid,BTC,59323.0
1782810900.0,hyperliquid,BTC,59277.0
1782811800.0,hyperliquid,BTC,59328.0
1782812700.0,hyperliquid,BTC,59351.0
1782813600.0,hyperliquid,BTC,59346.0
1782814500.0,hyperliquid,BTC,59342.0
1782815400.0,hyperliquid,BTC,59309.0
1782816300.0,hyperliquid,BTC,59312.0
1782817200.0,hyperliquid,BTC,59366.0
1782818100.0,hyperliquid,BTC,59196.0
1782819000.0,hyperliquid,BTC,59222.0
1782819900.0,hyperliquid,BTC,59158.0
1782820800.0,hyperliquid,BTC,58985.0
1782821700.0,hyperliquid,BTC,58841.0
1782822600.0,hyperliquid,BTC,58819.0
1782823500.0,hyperliquid,BTC,58374.0
1782824400.0,hyperliquid,BTC,58430.0
1782825300.0,hyperliquid,BTC,58491.0
1782826200.0,hyperliquid,BTC,58552.0
1782827100.0,hyperliquid,BTC,58711.0
1782828000.0,hyperliquid,BTC,58988.0
1782828900.0,hyperliquid,BTC,59031.0
1782829800.0,hyperliquid,BTC,58906.0
1782830700.0,hyperliquid,BTC,58474.0
1782831600.0,hyperliquid,BTC,58419.0
1782832500.0,hyperliquid,BTC,58370.0
1782833400.0,hyperliquid,BTC,58418.0
1782834300.0,hyperliquid,BTC,58356.0
1782835200.0,hyperliquid,BTC,58387.0
1782836100.0,hyperliquid,BTC,58288.0
1782837000.0,hyperliquid,BTC,58305.0
1782837900.0,hyperliquid,BTC,58479.0
1782838800.0,hyperliquid,BTC,58385.0
1782839700.0,hyperliquid,BTC,58370.0
1782840600.0,hyperliquid,BTC,58366.0
1782841500.0,hyperliquid,BTC,58400.0
1782842400.0,hyperliquid,BTC,58455.0
1782843300.0,hyperliquid,BTC,58511.0
1782844200.0,hyperliquid,BTC,58439.0
1782845100.0,hyperliquid,BTC,58661.0
1782846000.0,hyperliquid,BTC,58631.0
1782846900.0,hyperliquid,BTC,58651.0
1782847800.0,hyperliquid,BTC,58730.0
1782848700.0,hyperliquid,BTC,58796.0
1782849600.0,hyperliquid,BTC,58841.0
1782850500.0,hyperliquid,BTC,58708.0
1782851400.0,hyperliquid,BTC,58627.0
1782852300.0,hyperliquid,BTC,58704.0
1782853200.0,hyperliquid,BTC,58560.0
1782854100.0,hyperliquid,BTC,58567.0
1782855000.0,hyperliquid,BTC,58558.0
1782855900.0,hyperliquid,BTC,58610.0
1782856800.0,hyperliquid,BTC,58706.0
1782857700.0,hyperliquid,BTC,58628.0
1782858600.0,hyperliquid,BTC,58571.0
1782859500.0,hyperliquid,BTC,58581.0
1782860400.0,hyperliquid,BTC,58579.0
1782861300.0,hyperliquid,BTC,58586.0
1782862200.0,hyperliquid,BTC,58584.0
1782863100.0,hyperliquid,BTC,58603.0
1782864000.0,hyperliquid,BTC,58623.0
1782864900.0,hyperliquid,BTC,58363.0
1782865800.0,hyperliquid,BTC,58448.0
1782866700.0,hyperliquid,BTC,58549.0
1782867600.0,hyperliquid,BTC,58131.0
1782868500.0,hyperliquid,BTC,58323.0
1782869400.0,hyperliquid,BTC,58871.0
1782870300.0,hyperliquid,BTC,58739.0
1782871200.0,hyperliquid,BTC,58764.0
1782872100.0,hyperliquid,BTC,58920.0
1782873000.0,hyperliquid,BTC,59106.0
1782873900.0,hyperliquid,BTC,59063.0
1782874800.0,hyperliquid,BTC,58967.0
1782875700.0,hyperliquid,BTC,58897.0
1782876600.0,hyperliquid,BTC,58916.0
1782877500.0,hyperliquid,BTC,59171.0
1782878400.0,hyperliquid,BTC,59084.0
1782879300.0,hyperliquid,BTC,59254.0
1782880200.0,hyperliquid,BTC,59340.0
1782881100.0,hyperliquid,BTC,59303.0
1782882000.0,hyperliquid,BTC,59259.0
1782882900.0,hyperliquid,BTC,59141.0
1782883800.0,hyperliquid,BTC,59165.0
1782884700.0,hyperliquid,BTC,59119.0
1782885600.0,hyperliquid,BTC,58913.0
1782886500.0,hyperliquid,BTC,58763.0
1782887400.0,hyperliquid,BTC,58673.0
1782888300.0,hyperliquid,BTC,58735.0
1782889200.0,hyperliquid,BTC,58649.0
1782890100.0,hyperliquid,BTC,58704.0
1782891000.0,hyperliquid,BTC,58663.0
1782891900.0,hyperliquid,BTC,58745.0
1782892800.0,hyperliquid,BTC,58672.0
1782893700.0,hyperliquid,BTC,58591.0
1782894600.0,hyperliquid,BTC,58716.0
1782895500.0,hyperliquid,BTC,58953.0
1782896400.0,hyperliquid,BTC,58937.0
1782897300.0,hyperliquid,BTC,58868.0
1782898200.0,hyperliquid,BTC,58863.0
1782899100.0,hyperliquid,BTC,58923.0
1782900000.0,hyperliquid,BTC,58730.0
1782900900.0,hyperliquid,BTC,58712.0
1782901800.0,hyperliquid,BTC,58591.0
1782902700.0,hyperliquid,BTC,58631.0
1782903600.0,hyperliquid,BTC,58680.0
1782904500.0,hyperliquid,BTC,58677.0
1782905400.0,hyperliquid,BTC,58648.0
1782906300.0,hyperliquid,BTC,58591.0
1782907200.0,hyperliquid,BTC,58414.0
1782908100.0,hyperliquid,BTC,58531.0
1782909000.0,hyperliquid,BTC,58371.0
1782909900.0,hyperliquid,BTC,58503.0
1782910800.0,hyperliquid,BTC,58648.0
1782911700.0,hyperliquid,BTC,58791.0
1782912600.0,hyperliquid,BTC,58995.0
1782913500.0,hyperliquid,BTC,59468.0
1782914400.0,hyperliquid,BTC,59944.0
1782915300.0,hyperliquid,BTC,59752.0
1782916200.0,hyperliquid,BTC,59573.0
1782917100.0,hyperliquid,BTC,59519.0
1782918000.0,hyperliquid,BTC,59903.0
1782918900.0,hyperliquid,BTC,60294.0
1782919800.0,hyperliquid,BTC,60207.0
1782920700.0,hyperliquid,BTC,60123.0
1782921600.0,hyperliquid,BTC,60117.0
1782922500.0,hyperliquid,BTC,60124.0
1782923400.0,hyperliquid,BTC,60063.0
1782924300.0,hyperliquid,BTC,59901.0
1782925200.0,hyperliquid,BTC,59884.0
1782926100.0,hyperliquid,BTC,60134.0
1782927000.0,hyperliquid,BTC,60138.0
1782927900.0,hyperliquid,BTC,60174.0
1782928800.0,hyperliquid,BTC,60054.0
1782929700.0,hyperliquid,BTC,60121.0
1782930600.0,hyperliquid,BTC,60207.0
1782931500.0,hyperliquid,BTC,60153.0
1782932400.0,hyperliquid,BTC,60267.0
1782933300.0,hyperliquid,BTC,60132.0
1782934200.0,hyperliquid,BTC,60190.0
1782935100.0,hyperliquid,BTC,59996.0
1782936000.0,hyperliquid,BTC,59985.0
1782936900.0,hyperliquid,BTC,59949.0
1782937800.0,hyperliquid,BTC,60026.0
1782938700.0,hyperliquid,BTC,60112.0
1782939600.0,hyperliquid,BTC,60447.0
1782940500.0,hyperliquid,BTC,60515.0
1782941400.0,hyperliquid,BTC,60801.0
1782942300.0,hyperliquid,BTC,60801.0
1782943200.0,hyperliquid,BTC,60801.0
1782944100.0,hyperliquid,BTC,60546.0
1782945000.0,hyperliquid,BTC,60481.0
1782945900.0,hyperliquid,BTC,60464.0
1782946800.0,hyperliquid,BTC,60232.0
1782947700.0,hyperliquid,BTC,60201.0
1782948600.0,hyperliquid,BTC,60142.0
1782949500.0,hyperliquid,BTC,60010.0
1782950400.0,hyperliquid,BTC,59918.0
1782951300.0,hyperliquid,BTC,59761.0
1782952200.0,hyperliquid,BTC,59599.0
1782953100.0,hyperliquid,BTC,59736.0
1782954000.0,hyperliquid,BTC,59913.0
1782954900.0,hyperliquid,BTC,60007.0
1782955800.0,hyperliquid,BTC,60180.0
1782956700.0,hyperliquid,BTC,60169.0
1782957600.0,hyperliquid,BTC,60131.0
1782958500.0,hyperliquid,BTC,60196.0
1782959400.0,hyperliquid,BTC,60392.0
1782960300.0,hyperliquid,BTC,60409.0
1782961200.0,hyperliquid,BTC,60465.0
1782962100.0,hyperliquid,BTC,60540.0
1782963000.0,hyperliquid,BTC,60809.0
1782963900.0,hyperliquid,BTC,61067.0
1782964800.0,hyperliquid,BTC,60947.0
1782965700.0,hyperliquid,BTC,60861.0
1782966600.0,hyperliquid,BTC,60772.0
1782967500.0,hyperliquid,BTC,60786.0
1782968400.0,hyperliquid,BTC,60859.0
1782969300.0,hyperliquid,BTC,60742.0
1782970200.0,hyperliquid,BTC,60605.0
1782971100.0,hyperliquid,BTC,60497.0
1782972000.0,hyperliquid,BTC,60396.0
1782972900.0,hyperliquid,BTC,60466.0
1782973800.0,hyperliquid,BTC,60531.0
1782974700.0,hyperliquid,BTC,60267.0
1782975600.0,hyperliquid,BTC,60238.0
1782976500.0,hyperliquid,BTC,60157.0
1782977400.0,hyperliquid,BTC,60129.0
1782978300.0,hyperliquid,BTC,60150.0
1782979200.0,hyperliquid,BTC,60318.0
1782980100.0,hyperliquid,BTC,60359.0
1782981000.0,hyperliquid,BTC,60442.0
1782981900.0,hyperliquid,BTC,60516.0
1782982800.0,hyperliquid,BTC,60470.0
1782983700.0,hyperliquid,BTC,60609.0
1782984600.0,hyperliquid,BTC,61093.0
1782985500.0,hyperliquid,BTC,61188.0
1782986400.0,hyperliquid,BTC,61228.0
1782987300.0,hyperliquid,BTC,61221.0
1782988200.0,hyperliquid,BTC,61203.0
1782989100.0,hyperliquid,BTC,61267.0
1782990000.0,hyperliquid,BTC,61284.0
1782990900.0,hyperliquid,BTC,61294.0
1782991800.0,hyperliquid,BTC,61302.0
1782992700.0,hyperliquid,BTC,61365.0
1782993600.0,hyperliquid,BTC,61364.0
1782994500.0,hyperliquid,BTC,61335.0
1782995400.0,hyperliquid,BTC,61371.0
1782996300.0,hyperliquid,BTC,61532.0
1782997200.0,hyperliquid,BTC,61685.0
1782998100.0,hyperliquid,BTC,61682.0
1782999000.0,hyperliquid,BTC,61960.0
1782999900.0,hyperliquid,BTC,61932.0
1783000800.0,hyperliquid,BTC,62094.0
1783001700.0,hyperliquid,BTC,61659.0
1783002600.0,hyperliquid,BTC,61416.0
1783003500.0,hyperliquid,BTC,61688.0
1783004400.0,hyperliquid,BTC,61563.0
1783005300.0,hyperliquid,BTC,61708.0
1783006200.0,hyperliquid,BTC,61691.0
1783007100.0,hyperliquid,BTC,61593.0
1783008000.0,hyperliquid,BTC,61685.0
1783008900.0,hyperliquid,BTC,61179.0
1783009800.0,hyperliquid,BTC,61427.0
1783010700.0,hyperliquid,BTC,61684.0
1783011600.0,hyperliquid,BTC,61790.0
1783012500.0,hyperliquid,BTC,61885.0
1783013400.0,hyperliquid,BTC,61781.0
1783014300.0,hyperliquid,BTC,61669.0
1783015200.0,hyperliquid,BTC,61833.0
1783016100.0,hyperliquid,BTC,61864.0
1783017000.0,hyperliquid,BTC,61773.0
1783017900.0,hyperliquid,BTC,61756.0
1783018800.0,hyperliquid,BTC,61659.0
1783019700.0,hyperliquid,BTC,61608.0
1783020600.0,hyperliquid,BTC,61587.0
1783021500.0,hyperliquid,BTC,61482.0
1783022400.0,hyperliquid,BTC,61446.0
1783023300.0,hyperliquid,BTC,61408.0
1783024200.0,hyperliquid,BTC,61380.0
1783025100.0,hyperliquid,BTC,61597.0
1783026000.0,hyperliquid,BTC,61544.0
1783026900.0,hyperliquid,BTC,61558.0
1783027800.0,hyperliquid,BTC,61542.0
1783028700.0,hyperliquid,BTC,61612.0
1783029600.0,hyperliquid,BTC,61547.0
1783030500.0,hyperliquid,BTC,61536.0
1783031400.0,hyperliquid,BTC,61532.0
1783032300.0,hyperliquid,BTC,61478.0
1783033200.0,hyperliquid,BTC,61359.0
1783034100.0,hyperliquid,BTC,61526.0
1783035000.0,hyperliquid,BTC,61500.0
1783035900.0,hyperliquid,BTC,61587.0
1783036800.0,hyperliquid,BTC,61433.0
1783037700.0,hyperliquid,BTC,61319.0
1783038600.0,hyperliquid,BTC,61362.0
1783039500.0,hyperliquid,BTC,61331.0
1783040400.0,hyperliquid,BTC,61662.0
1783041300.0,hyperliquid,BTC,61595.0
1783042200.0,hyperliquid,BTC,61695.0
1783043100.0,hyperliquid,BTC,61620.0
1783044000.0,hyperliquid,BTC,61555.0
1783044900.0,hyperliquid,BTC,61420.0
1783045800.0,hyperliquid,BTC,61377.0
1783046700.0,hyperliquid,BTC,61460.0
1783047600.0,hyperliquid,BTC,61348.0
1783048500.0,hyperliquid,BTC,61567.0
1783049400.0,hyperliquid,BTC,61419.0
1783050300.0,hyperliquid,BTC,61451.0
1783051200.0,hyperliquid,BTC,61447.0
1783052100.0,hyperliquid,BTC,61453.0
1783053000.0,hyperliquid,BTC,61533.0
1783053900.0,hyperliquid,BTC,61469.0
1783054800.0,hyperliquid,BTC,61556.0
1783055700.0,hyperliquid,BTC,61659.0
1783056600.0,hyperliquid,BTC,61734.0
1783057500.0,hyperliquid,BTC,61729.0
1783058400.0,hyperliquid,BTC,61758.0
1783059300.0,hyperliquid,BTC,61742.0
1783060200.0,hyperliquid,BTC,61669.0
1783061100.0,hyperliquid,BTC,61743.0
1783062000.0,hyperliquid,BTC,61748.0
1783062900.0,hyperliquid,BTC,61798.0
1783063800.0,hyperliquid,BTC,61865.0
1783064700.0,hyperliquid,BTC,61788.0
1783065600.0,hyperliquid,BTC,61780.0
1783066500.0,hyperliquid,BTC,61816.0
1783067400.0,hyperliquid,BTC,61902.0
1783068300.0,hyperliquid,BTC,61602.0
1783069200.0,hyperliquid,BTC,61733.0
1783070100.0,hyperliquid,BTC,61709.0
1783071000.0,hyperliquid,BTC,61678.0
1783071900.0,hyperliquid,BTC,61745.0
1783072800.0,hyperliquid,BTC,61752.0
1783073700.0,hyperliquid,BTC,61769.0
1783074600.0,hyperliquid,BTC,62047.0
1783075500.0,hyperliquid,BTC,61943.0
1783076400.0,hyperliquid,BTC,62047.0
1783077300.0,hyperliquid,BTC,62004.0
1783078200.0,hyperliquid,BTC,61902.0
1783079100.0,hyperliquid,BTC,62046.0
1783080000.0,hyperliquid,BTC,62164.0
1783080900.0,hyperliquid,BTC,61969.0
1783081800.0,hyperliquid,BTC,61942.0
1783082700.0,hyperliquid,BTC,61996.0
1783083600.0,hyperliquid,BTC,62074.0
1783084500.0,hyperliquid,BTC,62115.0
1783085400.0,hyperliquid,BTC,62160.0
1783086300.0,hyperliquid,BTC,62125.0
1783087200.0,hyperliquid,BTC,61770.0
1783088100.0,hyperliquid,BTC,61933.0
1783089000.0,hyperliquid,BTC,62071.0
1783089900.0,hyperliquid,BTC,62176.0
1783090800.0,hyperliquid,BTC,62212.0
1783091700.0,hyperliquid,BTC,62024.0
1783092600.0,hyperliquid,BTC,61856.0
1783093500.0,hyperliquid,BTC,61934.0
1783094400.0,hyperliquid,BTC,61938.0
1783095300.0,hyperliquid,BTC,62080.0
1783096200.0,hyperliquid,BTC,62052.0
1783097100.0,hyperliquid,BTC,62110.0
1783098000.0,hyperliquid,BTC,62201.0
1783098900.0,hyperliquid,BTC,62204.0
1783099800.0,hyperliquid,BTC,62235.0
1783100700.0,hyperliquid,BTC,62189.0
1783101600.0,hyperliquid,BTC,62167.0
1783102500.0,hyperliquid,BTC,62181.0
1783103400.0,hyperliquid,BTC,62230.0
1783104300.0,hyperliquid,BTC,62214.0
1783105200.0,hyperliquid,BTC,62183.0
1783106100.0,hyperliquid,BTC,62228.0
1783107000.0,hyperliquid,BTC,62232.0
1783107900.0,hyperliquid,BTC,62210.0
1783108800.0,hyperliquid,BTC,62430.0
1783109700.0,hyperliquid,BTC,62620.0
1783110600.0,hyperliquid,BTC,62705.0
1783111500.0,hyperliquid,BTC,62781.0
1783112400.0,hyperliquid,BTC,62755.0
1783113300.0,hyperliquid,BTC,62630.0
1783114200.0,hyperliquid,BTC,62615.0
1783115100.0,hyperliquid,BTC,62737.0
1783116000.0,hyperliquid,BTC,62626.0
1783116900.0,hyperliquid,BTC,62624.0
1783117800.0,hyperliquid,BTC,62596.0
1783118700.0,hyperliquid,BTC,62564.0
1783119600.0,hyperliquid,BTC,62556.0
1783120500.0,hyperliquid,BTC,62609.0
1783121400.0,hyperliquid,BTC,62664.0
1783122300.0,hyperliquid,BTC,62576.0
1783123200.0,hyperliquid,BTC,62816.0
1783124100.0,hyperliquid,BTC,62755.0
1783125000.0,hyperliquid,BTC,62707.0
1783125900.0,hyperliquid,BTC,62758.0
1783126800.0,hyperliquid,BTC,62497.0
1783127700.0,hyperliquid,BTC,62474.0
1783128600.0,hyperliquid,BTC,62428.0
1783129500.0,hyperliquid,BTC,62454.0
1783130400.0,hyperliquid,BTC,62520.0
1783131300.0,hyperliquid,BTC,62476.0
1783132200.0,hyperliquid,BTC,62482.0
1783133100.0,hyperliquid,BTC,62526.0
1783134000.0,hyperliquid,BTC,62550.0
1783134900.0,hyperliquid,BTC,62544.0
1783135800.0,hyperliquid,BTC,62697.0
1783136700.0,hyperliquid,BTC,62621.0
1783137600.0,hyperliquid,BTC,62648.0
1783138500.0,hyperliquid,BTC,62658.0
1783139400.0,hyperliquid,BTC,62675.0
1783140300.0,hyperliquid,BTC,62683.0
1783141200.0,hyperliquid,BTC,62573.0
1783142100.0,hyperliquid,BTC,62508.0
1783143000.0,hyperliquid,BTC,62558.0
1783143900.0,hyperliquid,BTC,62464.0
1783144800.0,hyperliquid,BTC,62425.0
1783145700.0,hyperliquid,BTC,62406.0
1783146600.0,hyperliquid,BTC,62450.0
1783147500.0,hyperliquid,BTC,62492.0
1783148400.0,hyperliquid,BTC,62534.0
1783149300.0,hyperliquid,BTC,62540.0
1783150200.0,hyperliquid,BTC,62496.0
1783151100.0,hyperliquid,BTC,62570.0
1783152000.0,hyperliquid,BTC,62529.0
1783152900.0,hyperliquid,BTC,62540.0
1783153800.0,hyperliquid,BTC,62587.0
1783154700.0,hyperliquid,BTC,62552.0
1783155600.0,hyperliquid,BTC,62506.0
1783156500.0,hyperliquid,BTC,62461.0
1783157400.0,hyperliquid,BTC,62437.0
1783158300.0,hyperliquid,BTC,62484.0
1783159200.0,hyperliquid,BTC,62452.0
1783160100.0,hyperliquid,BTC,62485.0
1783161000.0,hyperliquid,BTC,62474.0
1783161900.0,hyperliquid,BTC,62503.0
1783162800.0,hyperliquid,BTC,62507.0
1783163700.0,hyperliquid,BTC,62474.0
1783164600.0,hyperliquid,BTC,62485.0
1783165500.0,hyperliquid,BTC,62473.0
1783166400.0,hyperliquid,BTC,62550.0
1783167300.0,hyperliquid,BTC,62575.0
1783168200.0,hyperliquid,BTC,62609.0
1783169100.0,hyperliquid,BTC,62649.0
1783170000.0,hyperliquid,BTC,62598.0
1783170900.0,hyperliquid,BTC,62644.0
1783171800.0,hyperliquid,BTC,62573.0
1783172700.0,hyperliquid,BTC,62578.0
1783173600.0,hyperliquid,BTC,62651.0
1783174500.0,hyperliquid,BTC,62663.0
1783175400.0,hyperliquid,BTC,62674.0
1783176300.0,hyperliquid,BTC,62690.0
1783177200.0,hyperliquid,BTC,62817.0
1783178100.0,hyperliquid,BTC,62905.0
1783179000.0,hyperliquid,BTC,62903.0
1783179900.0,hyperliquid,BTC,62921.0
1783180800.0,hyperliquid,BTC,62773.0
1783181700.0,hyperliquid,BTC,62852.0
1783182600.0,hyperliquid,BTC,62907.0
1783183500.0,hyperliquid,BTC,62911.0
1783184400.0,hyperliquid,BTC,62857.0
1783185300.0,hyperliquid,BTC,62983.0
1783186200.0,hyperliquid,BTC,63170.0
1783187100.0,hyperliquid,BTC,63258.0
1783188000.0,hyperliquid,BTC,63312.0
1783188900.0,hyperliquid,BTC,63166.0
1783189800.0,hyperliquid,BTC,63110.0
1783190700.0,hyperliquid,BTC,63160.0
1783191600.0,hyperliquid,BTC,63171.0
1783192500.0,hyperliquid,BTC,63360.0
1783193400.0,hyperliquid,BTC,63365.0
1783194300.0,hyperliquid,BTC,63292.0
1783195200.0,hyperliquid,BTC,63338.0
1783196100.0,hyperliquid,BTC,63150.0
1783197000.0,hyperliquid,BTC,63277.0
1783197900.0,hyperliquid,BTC,63224.0
1783198800.0,hyperliquid,BTC,63353.0
1783199700.0,hyperliquid,BTC,63436.0
1783200600.0,hyperliquid,BTC,63285.0
1783201500.0,hyperliquid,BTC,63305.0
1783202400.0,hyperliquid,BTC,63239.0
1783203300.0,hyperliquid,BTC,63200.0
1783204200.0,hyperliquid,BTC,63203.0
1783205100.0,hyperliquid,BTC,63180.0
1783206000.0,hyperliquid,BTC,62976.0
1783206900.0,hyperliquid,BTC,63095.0
1783207800.0,hyperliquid,BTC,63211.0
1783208700.0,hyperliquid,BTC,63127.0
1783209600.0,hyperliquid,BTC,63049.0
1783210500.0,hyperliquid,BTC,63047.0
1783211400.0,hyperliquid,BTC,63091.0
1783212300.0,hyperliquid,BTC,62986.0
1783213200.0,hyperliquid,BTC,62984.0
1783214100.0,hyperliquid,BTC,62933.0
1783215000.0,hyperliquid,BTC,62857.0
1783215900.0,hyperliquid,BTC,62891.0
1783216800.0,hyperliquid,BTC,62729.0
1783217700.0,hyperliquid,BTC,62743.0
1783218600.0,hyperliquid,BTC,62641.0
1783219500.0,hyperliquid,BTC,62686.0
1783220400.0,hyperliquid,BTC,62767.0
1783221300.0,hyperliquid,BTC,62661.0
1783222200.0,hyperliquid,BTC,62734.0
1783223100.0,hyperliquid,BTC,62764.0
1783224000.0,hyperliquid,BTC,62794.0
1783224900.0,hyperliquid,BTC,62864.0
1783225800.0,hyperliquid,BTC,62951.0
1783226700.0,hyperliquid,BTC,62823.0
1783227600.0,hyperliquid,BTC,62738.0
1783228500.0,hyperliquid,BTC,62749.0
1783229400.0,hyperliquid,BTC,62656.0
1783230300.0,hyperliquid,BTC,62738.0
1783231200.0,hyperliquid,BTC,62707.0
1783232100.0,hyperliquid,BTC,62790.0
1783233000.0,hyperliquid,BTC,62749.0
1783233900.0,hyperliquid,BTC,62766.0
1783234800.0,hyperliquid,BTC,62752.0
1783235700.0,hyperliquid,BTC,62746.0
1783236600.0,hyperliquid,BTC,62925.0
1783237500.0,hyperliquid,BTC,63024.0
1783238400.0,hyperliquid,BTC,63011.0
1783239300.0,hyperliquid,BTC,62937.0
1783240200.0,hyperliquid,BTC,62933.0
1783241100.0,hyperliquid,BTC,62911.0
1783242000.0,hyperliquid,BTC,62866.0
1783242900.0,hyperliquid,BTC,62724.0
1783243800.0,hyperliquid,BTC,62521.0
1783244700.0,hyperliquid,BTC,62609.0
1783245600.0,hyperliquid,BTC,62685.0
1783246500.0,hyperliquid,BTC,62700.0
1783247400.0,hyperliquid,BTC,62683.0
1783248300.0,hyperliquid,BTC,62757.0
1783249200.0,hyperliquid,BTC,62696.0
1783250100.0,hyperliquid,BTC,62623.0
1783251000.0,hyperliquid,BTC,62708.0
1783251900.0,hyperliquid,BTC,62644.0
1783252800.0,hyperliquid,BTC,62612.0
1783253700.0,hyperliquid,BTC,62753.0
1783254600.0,hyperliquid,BTC,62718.0
1783255500.0,hyperliquid,BTC,62750.0
1783256400.0,hyperliquid,BTC,62737.0
1783257300.0,hyperliquid,BTC,62693.0
1783258200.0,hyperliquid,BTC,62752.0
1783259100.0,hyperliquid,BTC,62801.0
1783260000.0,hyperliquid,BTC,62743.0
1783260900.0,hyperliquid,BTC,62712.0
1783261800.0,hyperliquid,BTC,62742.0
1783262700.0,hyperliquid,BTC,62817.0
1783263600.0,hyperliquid,BTC,62821.0
1783264500.0,hyperliquid,BTC,62775.0
1783265400.0,hyperliquid,BTC,62695.0
1783266300.0,hyperliquid,BTC,62735.0
1783267200.0,hyperliquid,BTC,62712.0
1783268100.0,hyperliquid,BTC,62613.0
1783269000.0,hyperliquid,BTC,62615.0
1783269900.0,hyperliquid,BTC,62637.0
1783270800.0,hyperliquid,BTC,62714.0
1783271700.0,hyperliquid,BTC,62685.0
1783272600.0,hyperliquid,BTC,62601.0
1783273500.0,hyperliquid,BTC,62627.0
1783274400.0,hyperliquid,BTC,62655.0
1783275300.0,hyperliquid,BTC,62686.0
1783276200.0,hyperliquid,BTC,62755.0
1783277100.0,hyperliquid,BTC,62819.0
1783278000.0,hyperliquid,BTC,62841.0
1783278900.0,hyperliquid,BTC,62785.0
1783279800.0,hyperliquid,BTC,62795.0
1783280700.0,hyperliquid,BTC,62772.0
1783281600.0,hyperliquid,BTC,62813.0
1783282500.0,hyperliquid,BTC,62718.0
1783283400.0,hyperliquid,BTC,62730.0
1783284300.0,hyperliquid,BTC,62730.0
1783285200.0,hyperliquid,BTC,62727.0
1783286100.0,hyperliquid,BTC,62930.0
1783287000.0,hyperliquid,BTC,63036.0
1783287900.0,hyperliquid,BTC,63092.0
1783288800.0,hyperliquid,BTC,63231.0
1783289700.0,hyperliquid,BTC,63715.0
1783290600.0,hyperliquid,BTC,63560.0
1783291500.0,hyperliquid,BTC,63735.0
1783292400.0,hyperliquid,BTC,63966.0
1783293300.0,hyperliquid,BTC,63667.0
1783294200.0,hyperliquid,BTC,63686.0
1783295100.0,hyperliquid,BTC,63635.0
1783296000.0,hyperliquid,BTC,63569.0
1783296900.0,hyperliquid,BTC,63394.0
1783297800.0,hyperliquid,BTC,63593.0
1783298700.0,hyperliquid,BTC,63757.0
1783299600.0,hyperliquid,BTC,63800.0
1783300500.0,hyperliquid,BTC,63721.0
1783301400.0,hyperliquid,BTC,63725.0
1783302300.0,hyperliquid,BTC,63564.0
1783303200.0,hyperliquid,BTC,63442.0
1783304100.0,hyperliquid,BTC,63519.0
1783305000.0,hyperliquid,BTC,63386.0
1783305900.0,hyperliquid,BTC,63458.0
1783306800.0,hyperliquid,BTC,63416.0
1783307700.0,hyperliquid,BTC,63220.0
1783308600.0,hyperliquid,BTC,63196.0
1783309500.0,hyperliquid,BTC,63292.0
1783310400.0,hyperliquid,BTC,63337.0
1783311300.0,hyperliquid,BTC,63221.0
1783312200.0,hyperliquid,BTC,63310.0
1783313100.0,hyperliquid,BTC,63266.0
1783314000.0,hyperliquid,BTC,63201.0
1783314900.0,hyperliquid,BTC,63003.0
1783315800.0,hyperliquid,BTC,63096.0
1783316700.0,hyperliquid,BTC,63107.0
1783317600.0,hyperliquid,BTC,63115.0
1783318500.0,hyperliquid,BTC,63028.0
1783319400.0,hyperliquid,BTC,63073.0
1783320300.0,hyperliquid,BTC,62991.0
1783321200.0,hyperliquid,BTC,62948.0
1783322100.0,hyperliquid,BTC,62970.0
1783323000.0,hyperliquid,BTC,63121.0
1783323900.0,hyperliquid,BTC,63104.0
1783324800.0,hyperliquid,BTC,63066.0
1783325700.0,hyperliquid,BTC,63077.0
1783326600.0,hyperliquid,BTC,62913.0
1783327500.0,hyperliquid,BTC,62903.0
1783328400.0,hyperliquid,BTC,62871.0
1783329300.0,hyperliquid,BTC,62752.0
1783330200.0,hyperliquid,BTC,62687.0
1783331100.0,hyperliquid,BTC,62668.0
1783332000.0,hyperliquid,BTC,62844.0
1783332900.0,hyperliquid,BTC,62878.0
1783333800.0,hyperliquid,BTC,62932.0
1783334700.0,hyperliquid,BTC,62815.0
1783335600.0,hyperliquid,BTC,62804.0
1783336500.0,hyperliquid,BTC,62883.0
1783337400.0,hyperliquid,BTC,62975.0
1783338300.0,hyperliquid,BTC,62501.0
1783339200.0,hyperliquid,BTC,62000.0
1783340100.0,hyperliquid,BTC,62087.0
1783341000.0,hyperliquid,BTC,61812.0
1783341900.0,hyperliquid,BTC,61766.0
1783342800.0,hyperliquid,BTC,61650.0
1783343700.0,hyperliquid,BTC,61471.0
1783344600.0,hyperliquid,BTC,61667.0
1783345500.0,hyperliquid,BTC,61780.0
1783346400.0,hyperliquid,BTC,61943.0
1783347300.0,hyperliquid,BTC,62086.0
1783348200.0,hyperliquid,BTC,62057.0
1783349100.0,hyperliquid,BTC,62058.0
1783350000.0,hyperliquid,BTC,62476.0
1783350900.0,hyperliquid,BTC,62462.0
1783351800.0,hyperliquid,BTC,62904.0
1783352700.0,hyperliquid,BTC,63538.0
1783353600.0,hyperliquid,BTC,63791.0
1783354500.0,hyperliquid,BTC,63472.0
1783355400.0,hyperliquid,BTC,63744.0
1783356300.0,hyperliquid,BTC,63737.0
1783357200.0,hyperliquid,BTC,63849.0
1783358100.0,hyperliquid,BTC,63893.0
1783359000.0,hyperliquid,BTC,63713.0
1783359900.0,hyperliquid,BTC,63586.0
1783360800.0,hyperliquid,BTC,63692.0
1783361700.0,hyperliquid,BTC,63762.0
1783362600.0,hyperliquid,BTC,63801.0
1783363500.0,hyperliquid,BTC,63698.0
1783364400.0,hyperliquid,BTC,63745.0
1783365300.0,hyperliquid,BTC,63845.0
1783366200.0,hyperliquid,BTC,63846.0
1783367100.0,hyperliquid,BTC,63741.0
1783368000.0,hyperliquid,BTC,63593.0
1783368900.0,hyperliquid,BTC,63752.0
1783369800.0,hyperliquid,BTC,63826.0
1783370700.0,hyperliquid,BTC,63826.0
1783371600.0,hyperliquid,BTC,64316.0
1783372500.0,hyperliquid,BTC,64235.0
1783373400.0,hyperliquid,BTC,64221.0
1783374300.0,hyperliquid,BTC,64499.0
1783375200.0,hyperliquid,BTC,64382.0
1783376100.0,hyperliquid,BTC,64230.0
1783377000.0,hyperliquid,BTC,64225.0
1783377900.0,hyperliquid,BTC,64260.0
1783378800.0,hyperliquid,BTC,64287.0
1783379700.0,hyperliquid,BTC,64112.0
1783380600.0,hyperliquid,BTC,64083.0
1783381500.0,hyperliquid,BTC,64054.0
1783382400.0,hyperliquid,BTC,64039.0
1783383300.0,hyperliquid,BTC,64264.0
1783384200.0,hyperliquid,BTC,64093.0
1783385100.0,hyperliquid,BTC,64215.0
1783386000.0,hyperliquid,BTC,63980.0
1783386900.0,hyperliquid,BTC,63959.0
1783387800.0,hyperliquid,BTC,63953.0
1783388700.0,hyperliquid,BTC,63844.0
1783389600.0,hyperliquid,BTC,63833.0
1783390500.0,hyperliquid,BTC,63571.0
1783391400.0,hyperliquid,BTC,63592.0
1783392300.0,hyperliquid,BTC,63332.0
1783393200.0,hyperliquid,BTC,63334.0
1783394100.0,hyperliquid,BTC,63294.0
1783395000.0,hyperliquid,BTC,63219.0
1783395900.0,hyperliquid,BTC,63189.0
1783396800.0,hyperliquid,BTC,63194.0
1783397700.0,hyperliquid,BTC,63275.0
1783398600.0,hyperliquid,BTC,63161.0
1783399500.0,hyperliquid,BTC,63105.0
1783400400.0,hyperliquid,BTC,62829.0
1783401300.0,hyperliquid,BTC,62950.0
1783402200.0,hyperliquid,BTC,63184.0
1783403100.0,hyperliquid,BTC,63138.0
1783404000.0,hyperliquid,BTC,63045.0
1783404900.0,hyperliquid,BTC,63182.0
1783405800.0,hyperliquid,BTC,63284.0
1783406700.0,hyperliquid,BTC,63364.0
1783407600.0,hyperliquid,BTC,63426.0
1783408500.0,hyperliquid,BTC,63271.0
1783409400.0,hyperliquid,BTC,63165.0
1783410300.0,hyperliquid,BTC,63088.0
1783411200.0,hyperliquid,BTC,63131.0
1783412100.0,hyperliquid,BTC,63089.0
1783413000.0,hyperliquid,BTC,63097.0
1783413900.0,hyperliquid,BTC,63111.0
1783414800.0,hyperliquid,BTC,63259.0
1783415700.0,hyperliquid,BTC,63180.0
1783416600.0,hyperliquid,BTC,63308.0
1783417500.0,hyperliquid,BTC,63268.0
1783418400.0,hyperliquid,BTC,63381.0
1783419300.0,hyperliquid,BTC,63326.0
1783420200.0,hyperliquid,BTC,63299.0
1783421100.0,hyperliquid,BTC,63283.0
1783422000.0,hyperliquid,BTC,63158.0
1783422900.0,hyperliquid,BTC,63181.0
1783423800.0,hyperliquid,BTC,63278.0
1783424700.0,hyperliquid,BTC,63420.0
1783425600.0,hyperliquid,BTC,63828.0
1783426500.0,hyperliquid,BTC,63716.0
1783427400.0,hyperliquid,BTC,63619.0
1783428300.0,hyperliquid,BTC,63479.0
1783429200.0,hyperliquid,BTC,63344.0
1783430100.0,hyperliquid,BTC,63108.0
1783431000.0,hyperliquid,BTC,63181.0
1783431900.0,hyperliquid,BTC,63059.0
1783432800.0,hyperliquid,BTC,62995.0
1783433700.0,hyperliquid,BTC,63155.0
1783434600.0,hyperliquid,BTC,62939.0
1783435500.0,hyperliquid,BTC,63569.0
1783436400.0,hyperliquid,BTC,63519.0
1783437300.0,hyperliquid,BTC,63750.0
1783438200.0,hyperliquid,BTC,63841.0
1783439100.0,hyperliquid,BTC,63942.0
1783440000.0,hyperliquid,BTC,63886.0
1783440900.0,hyperliquid,BTC,64008.0
1783441800.0,hyperliquid,BTC,64056.0
1783442700.0,hyperliquid,BTC,63987.0
1783443600.0,hyperliquid,BTC,64024.0
1783444500.0,hyperliquid,BTC,64158.0
1783445400.0,hyperliquid,BTC,64241.0
1783446300.0,hyperliquid,BTC,64194.0
1783447200.0,hyperliquid,BTC,64038.0
1783448100.0,hyperliquid,BTC,63994.0
1783449000.0,hyperliquid,BTC,64091.0
1783449900.0,hyperliquid,BTC,63683.0
1783450800.0,hyperliquid,BTC,63533.0
1783451700.0,hyperliquid,BTC,63606.0
1783452600.0,hyperliquid,BTC,63805.0
1783453500.0,hyperliquid,BTC,63825.0
1783454400.0,hyperliquid,BTC,63784.0
1783455300.0,hyperliquid,BTC,63732.0
1783456200.0,hyperliquid,BTC,63670.0
1783457100.0,hyperliquid,BTC,63699.0
1783458000.0,hyperliquid,BTC,63791.0
1783458900.0,hyperliquid,BTC,63509.0
1783459800.0,hyperliquid,BTC,63399.0
1783460700.0,hyperliquid,BTC,63421.0
1783461600.0,hyperliquid,BTC,63449.0
1783462500.0,hyperliquid,BTC,63449.0
1783463400.0,hyperliquid,BTC,63611.0
1783464300.0,hyperliquid,BTC,63543.0
1783465200.0,hyperliquid,BTC,63647.0
1783466100.0,hyperliquid,BTC,63655.0
1783467000.0,hyperliquid,BTC,63438.0
1783467900.0,hyperliquid,BTC,63355.0
1783468800.0,hyperliquid,BTC,63496.0
1783469700.0,hyperliquid,BTC,63606.0
1783470600.0,hyperliquid,BTC,63709.0
1783471500.0,hyperliquid,BTC,63608.0
1783472400.0,hyperliquid,BTC,63629.0
1783473300.0,hyperliquid,BTC,63433.0
1783474200.0,hyperliquid,BTC,63141.0
1783475100.0,hyperliquid,BTC,63015.0
1783476000.0,hyperliquid,BTC,62870.0
1783476900.0,hyperliquid,BTC,62881.0
1783477800.0,hyperliquid,BTC,62966.0
1783478700.0,hyperliquid,BTC,62974.0
1783479600.0,hyperliquid,BTC,63066.0
1783480500.0,hyperliquid,BTC,63047.0
1783481400.0,hyperliquid,BTC,62952.0
1783482300.0,hyperliquid,BTC,62746.0
1783483200.0,hyperliquid,BTC,62795.0
1783484100.0,hyperliquid,BTC,62872.0
1783485000.0,hyperliquid,BTC,62732.0
1783485900.0,hyperliquid,BTC,62790.0
1783486800.0,hyperliquid,BTC,62788.0
1783487700.0,hyperliquid,BTC,62761.0
1783488600.0,hyperliquid,BTC,62600.0
1783489500.0,hyperliquid,BTC,62621.0
1783490400.0,hyperliquid,BTC,62604.0
1783491300.0,hyperliquid,BTC,62613.0
1783492200.0,hyperliquid,BTC,62529.0
1783493100.0,hyperliquid,BTC,62646.0
1783494000.0,hyperliquid,BTC,62742.0
1783494900.0,hyperliquid,BTC,62805.0
1783495800.0,hyperliquid,BTC,62816.0
1783496700.0,hyperliquid,BTC,62887.0
1783497600.0,hyperliquid,BTC,62819.0
1783498500.0,hyperliquid,BTC,62066.0
1783499400.0,hyperliquid,BTC,62043.0
1783500300.0,hyperliquid,BTC,62006.0
1783501200.0,hyperliquid,BTC,61880.0
1783502100.0,hyperliquid,BTC,61931.0
1783503000.0,hyperliquid,BTC,62130.0
1783503900.0,hyperliquid,BTC,62064.0
1783504800.0,hyperliquid,BTC,61994.0
1783505700.0,hyperliquid,BTC,62107.0
1783506600.0,hyperliquid,BTC,62144.0
1783507500.0,hyperliquid,BTC,62171.0
1783508400.0,hyperliquid,BTC,62107.0
1783509300.0,hyperliquid,BTC,62114.0
1783510200.0,hyperliquid,BTC,62321.0
1783511100.0,hyperliquid,BTC,62301.0
1783512000.0,hyperliquid,BTC,62324.0
1783512900.0,hyperliquid,BTC,62282.0
1783513800.0,hyperliquid,BTC,62088.0
1783514700.0,hyperliquid,BTC,61956.0
1783515600.0,hyperliquid,BTC,61931.0
1783516500.0,hyperliquid,BTC,61817.0
1783517400.0,hyperliquid,BTC,61894.0
