ts,side,price,size
1780925400.0,buy,63796.0,769.579565
1780925400.001,sell,63320.0,769.579565
1780926300.0,sell,63392.0,355.98038
1780926300.001,buy,63876.0,355.98038
1780927200.0,sell,63541.0,213.517375
1780927200.001,buy,63887.0,213.517375
1780928100.0,buy,63859.0,153.69777
1780928100.001,sell,63596.0,153.69777
1780929000.0,sell,63738.0,156.08489
1780929000.001,buy,63910.0,156.08489
1780929900.0,sell,63803.0,228.53665
1780929900.001,buy,64066.0,228.53665
1780930800.0,sell,63852.0,268.64967
1780930800.001,buy,64196.0,268.64967
1780931700.0,buy,64186.0,296.588695
1780931700.001,sell,63913.0,296.588695
1780932600.0,buy,63977.0,182.402055
1780932600.001,sell,63774.0,182.402055
1780933500.0,buy,64003.0,371.590555
1780933500.001,sell,63683.0,371.590555
1780934400.0,sell,63657.0,287.67221
1780934400.001,buy,63927.0,287.67221
1780935300.0,sell,63780.0,348.14237
1780935300.001,buy,64030.0,348.14237
1780936200.0,buy,63854.0,215.929255
1780936200.001,sell,63557.0,215.929255
1780937100.0,buy,63677.0,148.740745
1780937100.001,sell,63453.0,148.740745
1780938000.0,buy,63563.0,409.985345
1780938000.001,sell,63288.0,409.985345
1780938900.0,sell,63335.0,383.89631
1780938900.001,buy,63630.0,383.89631
1780939800.0,buy,63600.0,139.246965
1780939800.001,sell,63262.0,139.246965
1780940700.0,sell,63355.0,71.338705
1780940700.001,buy,63538.0,71.338705
1780941600.0,sell,63492.0,82.085975
1780941600.001,buy,63615.0,82.085975
1780942500.0,sell,63503.0,150.578975
1780942500.001,buy,63616.0,150.578975
1780943400.0,buy,63665.0,115.403095
1780943400.001,sell,63406.0,115.403095
1780944300.0,buy,63496.0,118.974445
1780944300.001,sell,63303.0,118.974445
1780945200.0,buy,63535.0,51.13859
1780945200.001,sell,63351.0,51.13859
1780946100.0,sell,63337.0,109.364055
1780946100.001,buy,63545.0,109.364055
1780947000.0,buy,63573.0,56.79008
1780947000.001,sell,63405.0,56.79008
1780947900.0,buy,63516.0,56.845685
1780947900.001,sell,63322.0,56.845685
1780948800.0,buy,63409.0,148.577495
1780948800.001,sell,63171.0,148.577495
1780949700.0,buy,63285.0,120.49416
1780949700.001,sell,63143.0,120.49416
1780950600.0,sell,63152.0,63.542855
1780950600.001,buy,63386.0,63.542855
1780951500.0,sell,63334.0,108.68252
1780951500.001,buy,63460.0,108.68252
1780952400.0,sell,63459.0,205.008865
1780952400.001,buy,63788.0,205.008865
1780953300.0,buy,63755.0,129.79133
1780953300.001,sell,63583.0,129.79133
1780954200.0,sell,63609.0,141.771505
1780954200.001,buy,63835.0,141.771505
1780955100.0,buy,63823.0,120.201805
1780955100.001,sell,63693.0,120.201805
1780956000.0,buy,63694.0,271.81503
1780956000.001,sell,63254.0,271.81503
1780956900.0,sell,63186.0,134.634025
1780956900.001,buy,63424.0,134.634025
1780957800.0,buy,63356.0,79.243425
1780957800.001,sell,63224.0,79.243425
1780958700.0,sell,63206.0,152.740325
1780958700.001,buy,63439.0,152.740325
1780959600.0,sell,63380.0,291.775745
1780959600.001,buy,63572.0,291.775745
1780960500.0,buy,63586.0,403.52522
1780960500.001,sell,63050.0,403.52522
1780961400.0,buy,63171.0,103.204145
1780961400.001,sell,62997.0,103.204145
1780962300.0,buy,63101.0,192.08932
1780962300.001,sell,62951.0,192.08932
1780963200.0,buy,63125.0,107.90845
1780963200.001,sell,62964.0,107.90845
1780964100.0,buy,63151.0,297.437785
1780964100.001,sell,62691.0,297.437785
1780965000.0,buy,62746.0,490.246
1780965000.001,sell,62533.0,490.246
1780965900.0,buy,62688.0,428.64227
1780965900.001,sell,62395.0,428.64227
1780966800.0,sell,62522.0,230.04505
1780966800.001,buy,62694.0,230.04505
1780967700.0,sell,62598.0,346.54744
1780967700.001,buy,62854.0,346.54744
1780968600.0,buy,62856.0,455.94471
1780968600.001,sell,62634.0,455.94471
1780969500.0,sell,62671.0,44.97193
1780969500.001,buy,62832.0,44.97193
1780970400.0,buy,62837.0,47.089115
1780970400.001,sell,62708.0,47.089115
1780971300.0,sell,62542.0,260.99329
1780971300.001,buy,62747.0,260.99329
1780972200.0,buy,62797.0,378.728005
1780972200.001,sell,62506.0,378.728005
1780973100.0,sell,62624.0,145.11328
1780973100.001,buy,62851.0,145.11328
1780974000.0,sell,62786.0,107.17778
1780974000.001,buy,62908.0,107.17778
1780974900.0,buy,62947.0,70.33527
1780974900.001,sell,62751.0,70.33527
1780975800.0,sell,62665.0,199.54558
1780975800.001,buy,62829.0,199.54558
1780976700.0,sell,62720.0,257.47035
1780976700.001,buy,62880.0,257.47035
1780977600.0,sell,62723.0,87.41401
1780977600.001,buy,62966.0,87.41401
1780978500.0,buy,62884.0,29.75982
1780978500.001,sell,62765.0,29.75982
1780979400.0,sell,62739.0,326.15568
1780979400.001,buy,63367.0,326.15568
1780980300.0,sell,63196.0,307.32804
1780980300.001,buy,63417.0,307.32804
1780981200.0,sell,63085.0,325.537735
1780981200.001,buy,63289.0,325.537735
1780982100.0,sell,63230.0,257.30591
1780982100.001,buy,63346.0,257.30591
1780983000.0,sell,63300.0,167.572925
1780983000.001,buy,63514.0,167.572925
1780983900.0,buy,63442.0,148.151375
1780983900.001,sell,63300.0,148.151375
1780984800.0,sell,63262.0,170.474025
1780984800.001,buy,63404.0,170.474025
1780985700.0,sell,63325.0,82.49615
1780985700.001,buy,63500.0,82.49615
1780986600.0,buy,63445.0,56.486445
1780986600.001,sell,63303.0,56.486445
1780987500.0,buy,63394.0,108.411315
1780987500.001,sell,63208.0,108.411315
1780988400.0,buy,63421.0,141.98137
1780988400.001,sell,63275.0,141.98137
1780989300.0,buy,63339.0,149.152625
1780989300.001,sell,62977.0,149.152625
1780990200.0,sell,63009.0,155.800005
1780990200.001,buy,63193.0,155.800005
1780991100.0,sell,63097.0,71.934305
1780991100.001,buy,63195.0,71.934305
1780992000.0,buy,63196.0,293.30477
1780992000.001,sell,62748.0,293.30477
1780992900.0,buy,62957.0,108.43557
1780992900.001,sell,62850.0,108.43557
1780993800.0,sell,62778.0,68.133735
1780993800.001,buy,62990.0,68.133735
1780994700.0,buy,62982.0,162.486825
1780994700.001,sell,62803.0,162.486825
1780995600.0,sell,62678.0,176.364275
1780995600.001,buy,62868.0,176.364275
1780996500.0,buy,62930.0,156.76803
1780996500.001,sell,62783.0,156.76803
1780997400.0,buy,62792.0,225.083905
1780997400.001,sell,62566.0,225.083905
1780998300.0,sell,62614.0,46.91392
1780998300.001,buy,62705.0,46.91392
1780999200.0,sell,62573.0,74.29942
1780999200.001,buy,62776.0,74.29942
1781000100.0,buy,62755.0,83.614385
1781000100.001,sell,62680.0,83.614385
1781001000.0,buy,62737.0,58.235365
1781001000.001,sell,62612.0,58.235365
1781001900.0,sell,62626.0,105.505405
1781001900.001,buy,62811.0,105.505405
1781002800.0,buy,62783.0,142.59249
1781002800.001,sell,62500.0,142.59249
1781003700.0,sell,62461.0,503.42729
1781003700.001,buy,62623.0,503.42729
1781004600.0,sell,62500.0,60.874595
1781004600.001,buy,62655.0,60.874595
1781005500.0,sell,62549.0,136.135905
1781005500.001,buy,62706.0,136.135905
1781006400.0,sell,62669.0,301.564825
1781006400.001,buy,62882.0,301.564825
1781007300.0,buy,62816.0,90.22591
1781007300.001,sell,62617.0,90.22591
1781008200.0,buy,62646.0,280.95945
1781008200.001,sell,62488.0,280.95945
1781009100.0,sell,62403.0,188.705585
1781009100.001,buy,62638.0,188.705585
1781010000.0,buy,62735.0,206.682905
1781010000.001,sell,62503.0,206.682905
1781010900.0,buy,62547.0,672.219675
1781010900.001,sell,62253.0,672.219675
1781011800.0,sell,62136.0,603.855575
1781011800.001,buy,62491.0,603.855575
1781012700.0,buy,62504.0,266.28348
1781012700.001,sell,62254.0,266.28348
1781013600.0,buy,62369.0,444.944055
1781013600.001,sell,61957.0,444.944055
1781014500.0,buy,62046.0,864.535985
1781014500.001,sell,61519.0,864.535985
1781015400.0,buy,61661.0,705.377475
1781015400.001,sell,61293.0,705.377475
1781016300.0,sell,61140.0,840.80058
1781016300.001,buy,61534.0,840.80058
1781017200.0,sell,61312.0,441.210765
1781017200.001,buy,61684.0,441.210765
1781018100.0,buy,61684.0,489.66229
1781018100.001,sell,61279.0,489.66229
1781019000.0,sell,61189.0,585.60567
1781019000.001,buy,61408.0,585.60567
1781019900.0,buy,61368.0,924.658005
1781019900.001,sell,61003.0,924.658005
1781020800.0,buy,61199.0,553.95857
1781020800.001,sell,60906.0,553.95857
1781021700.0,sell,60832.0,582.83835
1781021700.001,buy,61107.0,582.83835
1781022600.0,sell,60765.0,1116.02026
1781022600.001,buy,61310.0,1116.02026
1781023500.0,sell,61151.0,504.83883
1781023500.001,buy,61468.0,504.83883
1781024400.0,sell,61369.0,533.984015
1781024400.001,buy,61666.0,533.984015
1781025300.0,sell,61562.0,929.981105
1781025300.001,buy,61870.0,929.981105
1781026200.0,buy,61824.0,287.035525
1781026200.001,sell,61665.0,287.035525
1781027100.0,sell,61574.0,234.02139
1781027100.001,buy,61845.0,234.02139
1781028000.0,sell,61586.0,207.20294
1781028000.001,buy,61817.0,207.20294
1781028900.0,buy,61938.0,255.572355
1781028900.001,sell,61645.0,255.572355
1781029800.0,buy,61801.0,343.17573
1781029800.001,sell,61566.0,343.17573
1781030700.0,sell,61573.0,192.7218
1781030700.001,buy,61802.0,192.7218
1781031600.0,buy,61895.0,140.583685
1781031600.001,sell,61711.0,140.583685
1781032500.0,sell,61691.0,195.97238
1781032500.001,buy,61888.0,195.97238
1781033400.0,sell,61738.0,222.111995
1781033400.001,buy,62028.0,222.111995
1781034300.0,sell,61730.0,340.81631
1781034300.001,buy,62084.0,340.81631
1781035200.0,sell,61926.0,133.46796
1781035200.001,buy,62189.0,133.46796
1781036100.0,buy,62250.0,148.65369
1781036100.001,sell,61973.0,148.65369
1781037000.0,sell,61954.0,55.37055
1781037000.001,buy,62163.0,55.37055
1781037900.0,sell,62029.0,98.41613
1781037900.001,buy,62139.0,98.41613
1781038800.0,buy,62153.0,107.87788
1781038800.001,sell,62012.0,107.87788
1781039700.0,buy,62117.0,365.60342
1781039700.001,sell,61743.0,365.60342
1781040600.0,sell,61746.0,172.332575
1781040600.001,buy,61880.0,172.332575
1781041500.0,buy,61800.0,123.21557
1781041500.001,sell,61663.0,123.21557
1781042400.0,sell,61634.0,249.563745
1781042400.001,buy,61818.0,249.563745
1781043300.0,buy,61917.0,98.12518
1781043300.001,sell,61751.0,98.12518
1781044200.0,sell,61752.0,161.30189
1781044200.001,buy,61950.0,161.30189
1781045100.0,buy,61846.0,88.03589
1781045100.001,sell,61650.0,88.03589
1781046000.0,sell,61623.0,68.303775
1781046000.001,buy,61775.0,68.303775
1781046900.0,buy,61855.0,51.854585
1781046900.001,sell,61649.0,51.854585
1781047800.0,buy,61700.0,62.59273
1781047800.001,sell,61528.0,62.59273
1781048700.0,sell,61562.0,82.92512
1781048700.001,buy,61723.0,82.92512
1781049600.0,sell,61668.0,150.29228
1781049600.001,buy,61869.0,150.29228
1781050500.0,sell,61691.0,72.25909
1781050500.001,buy,61840.0,72.25909
1781051400.0,buy,61848.0,162.04479
1781051400.001,sell,61413.0,162.04479
1781052300.0,sell,61460.0,139.60871
1781052300.001,buy,61900.0,139.60871
1781053200.0,buy,61947.0,140.982295
1781053200.001,sell,61649.0,140.982295
1781054100.0,sell,61718.0,60.253525
1781054100.001,buy,61858.0,60.253525
1781055000.0,buy,61865.0,85.06115
1781055000.001,sell,61555.0,85.06115
1781055900.0,sell,61583.0,45.1124
1781055900.001,buy,61814.0,45.1124
1781056800.0,buy,61809.0,95.99829
1781056800.001,sell,61514.0,95.99829
1781057700.0,buy,61542.0,205.806595
1781057700.001,sell,61313.0,205.806595
1781058600.0,buy,61525.0,197.269875
1781058600.001,sell,61264.0,197.269875
1781059500.0,buy,61357.0,96.321075
1781059500.001,sell,61201.0,96.321075
1781060400.0,sell,61259.0,132.555785
1781060400.001,buy,61449.0,132.555785
1781061300.0,sell,61306.0,447.215095
1781061300.001,buy,61579.0,447.215095
1781062200.0,buy,61548.0,64.516685
1781062200.001,sell,61414.0,64.516685
1781063100.0,sell,61462.0,33.04846
1781063100.001,buy,61555.0,33.04846
1781064000.0,buy,61536.0,83.13802
1781064000.001,sell,61422.0,83.13802
1781064900.0,buy,61528.0,43.89972
1781064900.001,sell,61428.0,43.89972
1781065800.0,buy,61443.0,291.431695
1781065800.001,sell,61166.0,291.431695
1781066700.0,sell,61160.0,163.846455
1781066700.001,buy,61336.0,163.846455
1781067600.0,buy,61297.0,290.447045
1781067600.001,sell,61088.0,290.447045
1781068500.0,sell,61043.0,247.509145
1781068500.001,buy,61232.0,247.509145
1781069400.0,sell,61156.0,64.839885
1781069400.001,buy,61292.0,64.839885
1781070300.0,sell,61180.0,51.76108
1781070300.001,buy,61374.0,51.76108
1781071200.0,sell,61261.0,53.2978
1781071200.001,buy,61401.0,53.2978
1781072100.0,buy,61450.0,157.563365
1781072100.001,sell,61286.0,157.563365
1781073000.0,sell,61111.0,100.920635
1781073000.001,buy,61431.0,100.920635
1781073900.0,sell,61389.0,46.48973
1781073900.001,buy,61491.0,46.48973
1781074800.0,sell,61399.0,89.10368
1781074800.001,buy,61565.0,89.10368
1781075700.0,sell,61522.0,130.52304
1781075700.001,buy,61685.0,130.52304
1781076600.0,sell,61530.0,40.92168
1781076600.001,buy,61777.0,40.92168
1781077500.0,buy,61740.0,97.367605
1781077500.001,sell,61628.0,97.367605
1781078400.0,buy,61684.0,63.38596
1781078400.001,sell,61507.0,63.38596
1781079300.0,buy,61700.0,104.51172
1781079300.001,sell,61457.0,104.51172
1781080200.0,buy,61581.0,159.575335
1781080200.001,sell,61202.0,159.575335
1781081100.0,sell,61133.0,167.855945
1781081100.001,buy,61299.0,167.855945
1781082000.0,buy,61286.0,185.3334
1781082000.001,sell,61018.0,185.3334
1781082900.0,sell,60733.0,702.587485
1781082900.001,buy,61223.0,702.587485
1781083800.0,sell,61161.0,315.42337
1781083800.001,buy,61402.0,315.42337
1781084700.0,sell,61124.0,200.83342
1781084700.001,buy,61385.0,200.83342
1781085600.0,buy,61313.0,99.885565
1781085600.001,sell,61134.0,99.885565
1781086500.0,sell,61124.0,101.807175
1781086500.001,buy,61333.0,101.807175
1781087400.0,buy,61432.0,147.204525
1781087400.001,sell,61235.0,147.204525
1781088300.0,sell,61253.0,48.918485
1781088300.001,buy,61383.0,48.918485
1781089200.0,buy,61414.0,369.492005
1781089200.001,sell,60832.0,369.492005
1781090100.0,buy,61223.0,231.772825
1781090100.001,sell,60851.0,231.772825
1781091000.0,sell,60885.0,158.18716
1781091000.001,buy,61036.0,158.18716
1781091900.0,sell,60950.0,109.28932
1781091900.001,buy,61083.0,109.28932
1781092800.0,sell,60930.0,276.063275
1781092800.001,buy,61198.0,276.063275
1781093700.0,buy,61210.0,141.320425
1781093700.001,sell,61017.0,141.320425
1781094600.0,sell,61120.0,1306.20978
1781094600.001,buy,61902.0,1306.20978
1781095500.0,buy,61774.0,182.956995
1781095500.001,sell,61536.0,182.956995
1781096400.0,buy,61591.0,218.363015
1781096400.001,sell,61469.0,218.363015
1781097300.0,sell,61409.0,108.278675
1781097300.001,buy,61558.0,108.278675
1781098200.0,sell,61496.0,1357.4803
1781098200.001,buy,62372.0,1357.4803
1781099100.0,buy,62436.0,550.063395
1781099100.001,sell,62044.0,550.063395
1781100000.0,buy,62241.0,287.569415
1781100000.001,sell,61974.0,287.569415
1781100900.0,sell,61838.0,376.137625
1781100900.001,buy,62150.0,376.137625
1781101800.0,buy,62101.0,324.18886
1781101800.001,sell,61786.0,324.18886
1781102700.0,sell,61792.0,352.27892
1781102700.001,buy,62183.0,352.27892
1781103600.0,buy,62412.0,447.004405
1781103600.001,sell,61846.0,447.004405
1781104500.0,sell,61850.0,370.98424
1781104500.001,buy,62340.0,370.98424
1781105400.0,sell,62165.0,197.834385
1781105400.001,buy,62399.0,197.834385
1781106300.0,sell,62093.0,1908.240405
1781106300.001,buy,62827.0,1908.240405
1781107200.0,buy,62621.0,589.622415
1781107200.001,sell,62300.0,589.622415
1781108100.0,buy,62418.0,228.14345
1781108100.001,sell,62078.0,228.14345
1781109000.0,buy,62377.0,112.240005
1781109000.001,sell,62130.0,112.240005
1781109900.0,buy,62200.0,609.771095
1781109900.001,sell,61900.0,609.771095
1781110800.0,buy,62343.0,339.576205
1781110800.001,sell,61978.0,339.576205
1781111700.0,buy,62172.0,184.984355
1781111700.001,sell,61874.0,184.984355
1781112600.0,buy,61896.0,672.28277
1781112600.001,sell,61625.0,672.28277
1781113500.0,sell,61694.0,213.856705
1781113500.001,buy,62037.0,213.856705
1781114400.0,buy,62130.0,311.369135
1781114400.001,sell,61885.0,311.369135
1781115300.0,sell,61834.0,222.59548
1781115300.001,buy,62000.0,222.59548
1781116200.0,buy,62000.0,204.06623
1781116200.001,sell,61726.0,204.06623
1781117100.0,sell,61594.0,388.194515
1781117100.001,buy,61870.0,388.194515
1781118000.0,buy,61925.0,237.25531
1781118000.001,sell,61712.0,237.25531
1781118900.0,sell,61651.0,153.77968
1781118900.001,buy,61813.0,153.77968
1781119800.0,sell,61766.0,199.63876
1781119800.001,buy,62052.0,199.63876
1781120700.0,buy,62019.0,185.77918
1781120700.001,sell,61836.0,185.77918
1781121600.0,buy,61930.0,378.58405
1781121600.001,sell,61664.0,378.58405
1781122500.0,sell,61713.0,222.689365
1781122500.001,buy,61933.0,222.689365
1781123400.0,buy,61896.0,109.849205
1781123400.001,sell,61790.0,109.849205
1781124300.0,buy,61818.0,91.88664
1781124300.001,sell,61676.0,91.88664
1781125200.0,buy,61779.0,371.717425
1781125200.001,sell,61469.0,371.717425
1781126100.0,sell,61502.0,237.975735
1781126100.001,buy,61665.0,237.975735
1781127000.0,sell,61545.0,305.487105
1781127000.001,buy,61701.0,305.487105
1781127900.0,buy,61669.0,581.79088
1781127900.001,sell,61150.0,581.79088
1781128800.0,buy,61332.0,385.24643
1781128800.001,sell,61139.0,385.24643
1781129700.0,sell,61069.0,444.987425
1781129700.001,buy,61318.0,444.987425
1781130600.0,sell,61223.0,196.118795
1781130600.001,buy,61571.0,196.118795
1781131500.0,buy,61534.0,111.76409
1781131500.001,sell,61337.0,111.76409
1781132400.0,buy,61351.0,71.653235
1781132400.001,sell,61158.0,71.653235
1781133300.0,sell,61134.0,374.57168
1781133300.001,buy,61551.0,374.57168
1781134200.0,buy,61578.0,171.515335
1781134200.001,sell,61440.0,171.515335
1781135100.0,buy,61554.0,57.289765
1781135100.001,sell,61450.0,57.289765
1781136000.0,sell,61484.0,180.05761
1781136000.001,buy,61673.0,180.05761
1781136900.0,sell,61668.0,457.47245
1781136900.001,buy,61976.0,457.47245
1781137800.0,buy,61868.0,173.24296
1781137800.001,sell,61743.0,173.24296
1781138700.0,sell,61757.0,75.57884
1781138700.001,buy,61905.0,75.57884
1781139600.0,sell,61796.0,253.484545
1781139600.001,buy,62102.0,253.484545
1781140500.0,sell,61990.0,375.82666
1781140500.001,buy,62195.0,375.82666
1781141400.0,sell,62065.0,293.10037
1781141400.001,buy,62345.0,293.10037
1781142300.0,buy,62277.0,138.922345
1781142300.001,sell,62139.0,138.922345
1781143200.0,buy,62245.0,157.462975
1781143200.001,sell,62066.0,157.462975
1781144100.0,buy,62278.0,154.834455
1781144100.001,sell,62022.0,154.834455
1781145000.0,sell,61900.0,74.83821
1781145000.001,buy,62066.0,74.83821
1781145900.0,sell,61969.0,91.958915
1781145900.001,buy,62190.0,91.958915
1781146800.0,buy,62158.0,159.10952
1781146800.001,sell,61973.0,159.10952
1781147700.0,sell,61984.0,42.77125
1781147700.001,buy,62111.0,42.77125
1781148600.0,sell,62078.0,255.411425
1781148600.001,buy,62534.0,255.411425
1781149500.0,sell,62343.0,294.45253
1781149500.001,buy,62800.0,294.45253
1781150400.0,buy,62712.0,131.185745
1781150400.001,sell,62549.0,131.185745
1781151300.0,buy,62682.0,66.78646
1781151300.001,sell,62576.0,66.78646
1781152200.0,sell,62516.0,215.95165
1781152200.001,buy,62676.0,215.95165
1781153100.0,sell,62632.0,296.2256
1781153100.001,buy,62825.0,296.2256
1781154000.0,buy,62692.0,101.98896
1781154000.001,sell,62526.0,101.98896
1781154900.0,sell,62551.0,45.82538
1781154900.001,buy,62694.0,45.82538
1781155800.0,sell,62564.0,84.923555
1781155800.001,buy,62675.0,84.923555
1781156700.0,buy,62682.0,75.08104
1781156700.001,sell,62568.0,75.08104
1781157600.0,sell,62508.0,136.81732
1781157600.001,buy,62784.0,136.81732
1781158500.0,sell,62705.0,457.45165
1781158500.001,buy,62971.0,457.45165
1781159400.0,sell,62825.0,143.139935
1781159400.001,buy,62961.0,143.139935
1781160300.0,buy,62913.0,106.911155
1781160300.001,sell,62717.0,106.911155
1781161200.0,buy,62750.0,162.411625
1781161200.001,sell,62579.0,162.411625
1781162100.0,sell,62609.0,47.720795
1781162100.001,buy,62775.0,47.720795
1781163000.0,buy,62813.0,111.456515
1781163000.001,sell,62574.0,111.456515
1781163900.0,sell,62641.0,36.448525
1781163900.001,buy,62730.0,36.448525
1781164800.0,sell,62685.0,104.40811
1781164800.001,buy,62845.0,104.40811
1781165700.0,sell,62770.0,106.99844
1781165700.001,buy,62934.0,106.99844
1781166600.0,buy,62946.0,79.122535
1781166600.001,sell,62816.0,79.122535
1781167500.0,sell,62823.0,163.50761
1781167500.001,buy,63026.0,163.50761
1781168400.0,buy,62932.0,143.81561
1781168400.001,sell,62781.0,143.81561
1781169300.0,buy,62835.0,111.29518
1781169300.001,sell,62753.0,111.29518
1781170200.0,sell,62787.0,138.008045
1781170200.001,buy,62937.0,138.008045
1781171100.0,buy,62972.0,96.47073
1781171100.001,sell,62867.0,96.47073
1781172000.0,buy,62954.0,252.062575
1781172000.001,sell,62810.0,252.062575
1781172900.0,buy,62905.0,147.1111
1781172900.001,sell,62772.0,147.1111
1781173800.0,sell,62818.0,44.82758
1781173800.001,buy,62923.0,44.82758
1781174700.0,sell,62893.0,444.124855
1781174700.001,buy,63175.0,444.124855
1781175600.0,sell,63007.0,185.76883
1781175600.001,buy,63176.0,185.76883
1781176500.0,buy,63186.0,80.782105
1781176500.001,sell,63077.0,80.782105
1781177400.0,buy,63244.0,317.499105
1781177400.001,sell,63062.0,317.499105
1781178300.0,buy,63216.0,177.37633
1781178300.001,sell,63051.0,177.37633
1781179200.0,sell,62972.0,161.15629
1781179200.001,buy,63164.0,161.15629
1781180100.0,buy,63153.0,738.820505
1781180100.001,sell,62628.0,738.820505
1781181000.0,sell,62475.0,463.185705
1781181000.001,buy,62895.0,463.185705
1781181900.0,sell,62825.0,226.586785
1781181900.001,buy,63016.0,226.586785
1781182800.0,buy,62976.0,54.745435
1781182800.001,sell,62829.0,54.745435
1781183700.0,buy,63017.0,105.75505
1781183700.001,sell,62761.0,105.75505
1781184600.0,sell,62648.0,318.18376
1781184600.001,buy,62940.0,318.18376
1781185500.0,sell,62912.0,425.484345
1781185500.001,buy,63201.0,425.484345
1781186400.0,buy,63056.0,163.205055
1781186400.001,sell,62726.0,163.205055
1781187300.0,sell,62701.0,339.69236
1781187300.001,buy,62995.0,339.69236
1781188200.0,buy,63049.0,137.971655
1781188200.001,sell,62818.0,137.971655
1781189100.0,buy,62980.0,79.633285
1781189100.001,sell,62706.0,79.633285
1781190000.0,buy,62825.0,605.15177
1781190000.001,sell,62510.0,605.15177
1781190900.0,sell,62583.0,187.502315
1781190900.001,buy,62782.0,187.502315
1781191800.0,buy,62843.0,94.356775
1781191800.001,sell,62602.0,94.356775
1781192700.0,sell,62538.0,77.186465
1781192700.001,buy,62717.0,77.186465
1781193600.0,sell,62646.0,111.02091
1781193600.001,buy,62796.0,111.02091
1781194500.0,buy,62811.0,125.877685
1781194500.001,sell,62545.0,125.877685
1781195400.0,sell,62530.0,232.676945
1781195400.001,buy,62769.0,232.676945
1781196300.0,buy,62652.0,63.54699
1781196300.001,sell,62550.0,63.54699
1781197200.0,buy,62583.0,243.13039
1781197200.001,sell,62350.0,243.13039
1781198100.0,sell,62314.0,467.84946
1781198100.001,buy,62960.0,467.84946
1781199000.0,sell,62931.0,1373.274625
1781199000.001,buy,63453.0,1373.274625
1781199900.0,sell,63290.0,1561.89412
1781199900.001,buy,63638.0,1561.89412
1781200800.0,buy,63777.0,903.903715
1781200800.001,sell,63306.0,903.903715
1781201700.0,buy,63603.0,226.92933
1781201700.001,sell,63327.0,226.92933
1781202600.0,sell,63358.0,168.85511
1781202600.001,buy,63537.0,168.85511
1781203500.0,buy,63559.0,102.70458
1781203500.001,sell,63430.0,102.70458
1781204400.0,sell,63369.0,235.906465
1781204400.001,buy,63578.0,235.906465
1781205300.0,sell,63514.0,237.64371
1781205300.001,buy,63686.0,237.64371
1781206200.0,sell,63575.0,1202.462165
1781206200.001,buy,63919.0,1202.462165
1781207100.0,buy,63690.0,215.162045
1781207100.001,sell,63570.0,215.162045
1781208000.0,buy,63641.0,509.148265
1781208000.001,sell,63465.0,509.148265
1781208900.0,buy,63520.0,257.33733
1781208900.001,sell,63290.0,257.33733
1781209800.0,buy,63375.0,254.243785
1781209800.001,sell,63250.0,254.243785
1781210700.0,sell,63240.0,237.823475
1781210700.001,buy,63383.0,237.823475
1781211600.0,sell,63369.0,112.70673
1781211600.001,buy,63579.0,112.70673
1781212500.0,buy,63536.0,142.712435
1781212500.001,sell,63412.0,142.712435
1781213400.0,sell,63437.0,69.98584
1781213400.001,buy,63516.0,69.98584
1781214300.0,buy,63548.0,39.355325
1781214300.001,sell,63430.0,39.355325
1781215200.0,sell,63482.0,85.311615
1781215200.001,buy,63642.0,85.311615
1781216100.0,buy,63650.0,47.325095
1781216100.001,sell,63509.0,47.325095
1781217000.0,buy,63624.0,239.07178
1781217000.001,sell,63474.0,239.07178
1781217900.0,buy,63561.0,85.027495
1781217900.001,sell,63440.0,85.027495
1781218800.0,buy,63472.0,74.76179
1781218800.001,sell,63334.0,74.76179
1781219700.0,buy,63409.0,23.313115
1781219700.001,sell,63350.0,23.313115
1781220600.0,sell,63354.0,202.029305
1781220600.001,buy,63685.0,202.029305
1781221500.0,sell,63492.0,122.794815
1781221500.001,buy,63636.0,122.794815
1781222400.0,sell,63525.0,199.18404
1781222400.001,buy,63775.0,199.18404
1781223300.0,buy,63718.0,76.919865
1781223300.001,sell,63501.0,76.919865
1781224200.0,sell,63551.0,40.751965
1781224200.001,buy,63728.0,40.751965
1781225100.0,buy,63708.0,45.709435
1781225100.001,sell,63612.0,45.709435
1781226000.0,buy,63629.0,43.4768
1781226000.001,sell,63445.0,43.4768
1781226900.0,buy,63521.0,176.848585
1781226900.001,sell,63277.0,176.848585
1781227800.0,sell,63286.0,118.286395
1781227800.001,buy,63395.0,118.286395
1781228700.0,sell,63346.0,30.556055
1781228700.001,buy,63434.0,30.556055
1781229600.0,sell,63400.0,110.52041
1781229600.001,buy,63760.0,110.52041
1781230500.0,buy,63663.0,60.009865
1781230500.001,sell,63506.0,60.009865
1781231400.0,sell,63472.0,43.416755
1781231400.001,buy,63606.0,43.416755
1781232300.0,buy,63607.0,65.310225
1781232300.001,sell,63529.0,65.310225
1781233200.0,buy,63621.0,74.353555
1781233200.001,sell,63484.0,74.353555
1781234100.0,buy,63501.0,66.646965
1781234100.001,sell,63322.0,66.646965
1781235000.0,sell,63410.0,96.059135
1781235000.001,buy,63497.0,96.059135
1781235900.0,sell,63433.0,18.046875
1781235900.001,buy,63505.0,18.046875
1781236800.0,buy,63536.0,21.817185
1781236800.001,sell,63400.0,21.817185
1781237700.0,sell,63475.0,160.20746
1781237700.001,buy,63792.0,160.20746
1781238600.0,buy,63846.0,142.027125
1781238600.001,sell,63663.0,142.027125
1781239500.0,buy,63726.0,53.172295
1781239500.001,sell,63661.0,53.172295
1781240400.0,buy,63702.0,279.180605
1781240400.001,sell,63400.0,279.180605
1781241300.0,sell,63413.0,109.861115
1781241300.001,buy,63504.0,109.861115
1781242200.0,buy,63471.0,198.583465
1781242200.001,sell,63308.0,198.583465
1781243100.0,buy,63383.0,78.06871
1781243100.001,sell,63265.0,78.06871
1781244000.0,buy,63394.0,199.201545
1781244000.001,sell,63251.0,199.201545
1781244900.0,buy,63276.0,120.79832
1781244900.001,sell,63064.0,120.79832
1781245800.0,buy,63123.0,827.95921
1781245800.001,sell,62801.0,827.95921
1781246700.0,sell,62894.0,209.20464
1781246700.001,buy,62991.0,209.20464
1781247600.0,sell,62948.0,96.581485
1781247600.001,buy,63088.0,96.581485
1781248500.0,sell,62914.0,74.183235
1781248500.001,buy,63052.0,74.183235
1781249400.0,sell,62944.0,51.646255
1781249400.001,buy,63062.0,51.646255
1781250300.0,sell,62973.0,71.19748
1781250300.001,buy,63166.0,71.19748
1781251200.0,sell,63064.0,223.774545
1781251200.001,buy,63320.0,223.774545
1781252100.0,sell,63262.0,245.716765
1781252100.001,buy,63576.0,245.716765
1781253000.0,buy,63510.0,183.24387
1781253000.001,sell,63337.0,183.24387
1781253900.0,sell,63319.0,117.54224
1781253900.001,buy,63460.0,117.54224
1781254800.0,sell,63410.0,51.73878
1781254800.001,buy,63556.0,51.73878
1781255700.0,sell,63520.0,381.43037
1781255700.001,buy,63776.0,381.43037
1781256600.0,sell,63741.0,380.88645
1781256600.001,buy,63928.0,380.88645
1781257500.0,buy,63905.0,335.19793
1781257500.001,sell,63710.0,335.19793
1781258400.0,sell,63652.0,275.606285
1781258400.001,buy,63817.0,275.606285
1781259300.0,buy,63783.0,89.498855
1781259300.001,sell,63552.0,89.498855
1781260200.0,sell,63583.0,29.856175
1781260200.001,buy,63731.0,29.856175
1781261100.0,sell,63632.0,21.21743
1781261100.001,buy,63710.0,21.21743
1781262000.0,sell,63647.0,172.69128
1781262000.001,buy,63858.0,172.69128
1781262900.0,sell,63728.0,33.859675
1781262900.001,buy,63865.0,33.859675
1781263800.0,buy,63805.0,202.320265
1781263800.001,sell,63645.0,202.320265
1781264700.0,buy,63858.0,322.34815
1781264700.001,sell,63710.0,322.34815
1781265600.0,buy,63740.0,249.75627
1781265600.001,sell,63573.0,249.75627
1781266500.0,buy,63645.0,112.62737
1781266500.001,sell,63430.0,112.62737
1781267400.0,buy,63534.0,118.00316
1781267400.001,sell,63362.0,118.00316
1781268300.0,sell,63343.0,62.806035
1781268300.001,buy,63510.0,62.806035
1781269200.0,sell,63334.0,102.092485
1781269200.001,buy,63475.0,102.092485
1781270100.0,buy,63506.0,111.358635
1781270100.001,sell,63321.0,111.358635
1781271000.0,buy,63407.0,478.32974
1781271000.001,sell,63016.0,478.32974
1781271900.0,sell,63077.0,171.65623
1781271900.001,buy,63245.0,171.65623
1781272800.0,sell,63176.0,589.482405
1781272800.001,buy,63564.0,589.482405
1781273700.0,sell,63300.0,364.98674
1781273700.001,buy,63631.0,364.98674
1781274600.0,buy,63759.0,965.821955
1781274600.001,sell,63450.0,965.821955
1781275500.0,sell,63442.0,878.112515
1781275500.001,buy,63985.0,878.112515
1781276400.0,sell,63856.0,1832.636535
1781276400.001,buy,64383.0,1832.636535
1781277300.0,buy,64368.0,277.914565
1781277300.001,sell,64109.0,277.914565
1781278200.0,buy,64111.0,593.585375
1781278200.001,sell,63780.0,593.585375
1781279100.0,buy,63916.0,517.012235
1781279100.001,sell,63529.0,517.012235
1781280000.0,sell,63490.0,344.60319
1781280000.001,buy,63940.0,344.60319
1781280900.0,sell,63741.0,449.98038
1781280900.001,buy,64011.0,449.98038
1781281800.0,buy,63986.0,440.915965
1781281800.001,sell,63744.0,440.915965
1781282700.0,sell,63813.0,235.471455
1781282700.001,buy,63994.0,235.471455
1781283600.0,buy,64093.0,245.798905
1781283600.001,sell,63846.0,245.798905
1781284500.0,buy,63891.0,93.23548
1781284500.001,sell,63714.0,93.23548
1781285400.0,buy,63899.0,216.08796
1781285400.001,sell,63738.0,216.08796
1781286300.0,sell,63779.0,50.088025
1781286300.001,buy,63860.0,50.088025
1781287200.0,buy,63909.0,146.967985
1781287200.001,sell,63690.0,146.967985
1781288100.0,buy,63811.0,95.353535
1781288100.001,sell,63661.0,95.353535
1781289000.0,sell,63703.0,55.4636
1781289000.001,buy,63894.0,55.4636
1781289900.0,buy,63876.0,40.506955
1781289900.001,sell,63665.0,40.506955
1781290800.0,sell,63644.0,59.60402
1781290800.001,buy,63769.0,59.60402
1781291700.0,sell,63631.0,40.4615
1781291700.001,buy,63769.0,40.4615
1781292600.0,buy,63790.0,80.268185
1781292600.001,sell,63618.0,80.268185
1781293500.0,buy,63648.0,55.710725
1781293500.001,sell,63567.0,55.710725
1781294400.0,sell,63545.0,103.14994
1781294400.001,buy,63673.0,103.14994
1781295300.0,buy,63616.0,122.165435
1781295300.001,sell,63484.0,122.165435
1781296200.0,buy,63549.0,31.185595
1781296200.001,sell,63489.0,31.185595
1781297100.0,buy,63515.0,160.82705
1781297100.001,sell,63375.0,160.82705
1781298000.0,sell,63418.0,236.39125
1781298000.001,buy,63609.0,236.39125
1781298900.0,buy,63618.0,30.87876
1781298900.001,sell,63490.0,30.87876
1781299800.0,sell,63493.0,69.22993
1781299800.001,buy,63565.0,69.22993
1781300700.0,buy,63532.0,185.416605
1781300700.001,sell,63431.0,185.416605
1781301600.0,sell,63459.0,83.46793
1781301600.001,buy,63542.0,83.46793
1781302500.0,sell,63481.0,205.261815
1781302500.001,buy,63670.0,205.261815
1781303400.0,buy,63600.0,228.583075
1781303400.001,sell,63446.0,228.583075
1781304300.0,sell,63472.0,29.861985
1781304300.001,buy,63523.0,29.861985
1781305200.0,buy,63497.0,34.850555
1781305200.001,sell,63424.0,34.850555
1781306100.0,buy,63479.0,14.92801
1781306100.001,sell,63409.0,14.92801
1781307000.0,sell,63418.0,194.40114
1781307000.001,buy,63571.0,194.40114
1781307900.0,sell,63496.0,43.22918
1781307900.001,buy,63571.0,43.22918
1781308800.0,sell,63520.0,39.20274
1781308800.001,buy,63596.0,39.20274
1781309700.0,buy,63579.0,116.50139
1781309700.001,sell,63506.0,116.50139
1781310600.0,sell,63484.0,79.501885
1781310600.001,buy,63617.0,79.501885
1781311500.0,sell,63541.0,20.88831
1781311500.001,buy,63630.0,20.88831
1781312400.0,sell,63585.0,32.653925
1781312400.001,buy,63670.0,32.653925
1781313300.0,sell,63592.0,42.26701
1781313300.001,buy,63675.0,42.26701
1781314200.0,sell,63627.0,72.90809
1781314200.001,buy,63854.0,72.90809
1781315100.0,sell,63740.0,71.034305
1781315100.001,buy,63846.0,71.034305
1781316000.0,buy,63815.0,36.770405
1781316000.001,sell,63752.0,36.770405
1781316900.0,buy,63792.0,42.874645
1781316900.001,sell,63689.0,42.874645
1781317800.0,buy,63705.0,29.31
1781317800.001,sell,63598.0,29.31
1781318700.0,sell,63536.0,49.20116
1781318700.001,buy,63637.0,49.20116
1781319600.0,sell,63620.0,25.504045
1781319600.001,buy,63702.0,25.504045
1781320500.0,buy,63657.0,300.4461
1781320500.001,sell,63420.0,300.4461
1781321400.0,buy,63500.0,20.73453
1781321400.001,sell,63461.0,20.73453
1781322300.0,sell,63471.0,100.564345
1781322300.001,buy,63541.0,100.564345
1781323200.0,buy,63547.0,95.85221
1781323200.001,sell,63453.0,95.85221
1781324100.0,sell,63471.0,40.50004
1781324100.001,buy,63571.0,40.50004
1781325000.0,sell,63507.0,107.81441
1781325000.001,buy,63611.0,107.81441
1781325900.0,buy,63634.0,179.509655
1781325900.001,sell,63481.0,179.509655
1781326800.0,sell,63467.0,35.992705
1781326800.001,buy,63565.0,35.992705
1781327700.0,buy,63569.0,42.82347
1781327700.001,sell,63521.0,42.82347
1781328600.0,sell,63505.0,12.21121
1781328600.001,buy,63564.0,12.21121
1781329500.0,sell,63477.0,55.95446
1781329500.001,buy,63579.0,55.95446
1781330400.0,buy,63597.0,21.703185
1781330400.001,sell,63530.0,21.703185
1781331300.0,sell,63526.0,81.3986
1781331300.001,buy,63672.0,81.3986
1781332200.0,buy,63675.0,25.73246
1781332200.001,sell,63625.0,25.73246
1781333100.0,sell,63657.0,21.93682
1781333100.001,buy,63722.0,21.93682
1781334000.0,buy,63724.0,20.837015
1781334000.001,sell,63650.0,20.837015
1781334900.0,sell,63656.0,29.5248
1781334900.001,buy,63793.0,29.5248
1781335800.0,sell,63727.0,105.84156
1781335800.001,buy,63818.0,105.84156
1781336700.0,sell,63782.0,175.22907
1781336700.001,buy,63861.0,175.22907
1781337600.0,buy,63859.0,66.104845
1781337600.001,sell,63752.0,66.104845
1781338500.0,sell,63730.0,77.14737
1781338500.001,buy,63809.0,77.14737
1781339400.0,sell,63775.0,157.390935
1781339400.001,buy,63910.0,157.390935
1781340300.0,buy,63862.0,65.58733
1781340300.001,sell,63776.0,65.58733
1781341200.0,buy,63819.0,38.778775
1781341200.001,sell,63767.0,38.778775
1781342100.0,sell,63776.0,31.873885
1781342100.001,buy,63849.0,31.873885
1781343000.0,buy,63811.0,35.288985
1781343000.001,sell,63762.0,35.288985
1781343900.0,buy,63785.0,42.422115
1781343900.001,sell,63712.0,42.422115
1781344800.0,sell,63705.0,8.51797
1781344800.001,buy,63756.0,8.51797
1781345700.0,buy,63756.0,13.48884
1781345700.001,sell,63729.0,13.48884
1781346600.0,sell,63744.0,85.05665
1781346600.001,buy,63867.0,85.05665
1781347500.0,buy,63881.0,170.83608
1781347500.001,sell,63763.0,170.83608
1781348400.0,sell,63810.0,171.32541
1781348400.001,buy,63919.0,171.32541
1781349300.0,sell,63900.0,175.57259
1781349300.001,buy,63965.0,175.57259
1781350200.0,buy,63939.0,217.10789
1781350200.001,sell,63857.0,217.10789
1781351100.0,sell,63874.0,146.67769
1781351100.001,buy,63956.0,146.67769
1781352000.0,buy,63951.0,124.34014
1781352000.001,sell,63883.0,124.34014
1781352900.0,sell,63899.0,63.716855
1781352900.001,buy,63966.0,63.716855
1781353800.0,sell,63934.0,242.240075
1781353800.001,buy,64012.0,242.240075
1781354700.0,sell,63991.0,169.27946
1781354700.001,buy,64209.0,169.27946
1781355600.0,sell,64052.0,96.15369
1781355600.001,buy,64160.0,96.15369
1781356500.0,sell,64099.0,79.68212
1781356500.001,buy,64217.0,79.68212
1781357400.0,buy,64219.0,78.432875
1781357400.001,sell,64133.0,78.432875
1781358300.0,buy,64173.0,93.944965
1781358300.001,sell,64029.0,93.944965
1781359200.0,sell,64063.0,36.53122
1781359200.001,buy,64167.0,36.53122
1781360100.0,buy,64174.0,33.642515
1781360100.001,sell,64094.0,33.642515
1781361000.0,sell,64115.0,18.010105
1781361000.001,buy,64198.0,18.010105
1781361900.0,sell,64158.0,59.99519
1781361900.001,buy,64221.0,59.99519
1781362800.0,sell,64174.0,78.252705
1781362800.001,buy,64283.0,78.252705
1781363700.0,sell,64215.0,84.10042
1781363700.001,buy,64307.0,84.10042
1781364600.0,buy,64332.0,90.058065
1781364600.001,sell,64216.0,90.058065
1781365500.0,sell,64185.0,88.050985
1781365500.001,buy,64306.0,88.050985
1781366400.0,buy,64298.0,492.59236
1781366400.001,sell,63958.0,492.59236
1781367300.0,buy,64064.0,101.801215
1781367300.001,sell,63951.0,101.801215
1781368200.0,sell,63955.0,33.381155
1781368200.001,buy,64043.0,33.381155
1781369100.0,buy,64159.0,178.56177
1781369100.001,sell,63899.0,178.56177
1781370000.0,buy,64029.0,52.30358
1781370000.001,sell,63918.0,52.30358
1781370900.0,sell,63919.0,47.621345
1781370900.001,buy,64076.0,47.621345
1781371800.0,sell,64045.0,60.75796
1781371800.001,buy,64106.0,60.75796
1781372700.0,buy,64100.0,106.190955
1781372700.001,sell,63917.0,106.190955
1781373600.0,sell,63953.0,36.32413
1781373600.001,buy,64056.0,36.32413
1781374500.0,sell,64011.0,76.634415
1781374500.001,buy,64194.0,76.634415
1781375400.0,sell,64148.0,50.53323
1781375400.001,buy,64271.0,50.53323
1781376300.0,buy,64250.0,185.50313
1781376300.001,sell,64034.0,185.50313
1781377200.0,sell,64122.0,26.591155
1781377200.001,buy,64180.0,26.591155
1781378100.0,buy,64174.0,27.09534
1781378100.001,sell,64120.0,27.09534
1781379000.0,sell,64126.0,295.316495
1781379000.001,buy,64292.0,295.316495
1781379900.0,sell,64268.0,38.27976
1781379900.001,buy,64315.0,38.27976
1781380800.0,buy,64280.0,42.65134
1781380800.001,sell,64204.0,42.65134
1781381700.0,buy,64270.0,17.853685
1781381700.001,sell,64217.0,17.853685
1781382600.0,sell,64207.0,27.678755
1781382600.001,buy,64240.0,27.678755
1781383500.0,sell,64223.0,16.458225
1781383500.001,buy,64265.0,16.458225
1781384400.0,buy,64296.0,144.266215
1781384400.001,sell,64201.0,144.266215
1781385300.0,sell,64205.0,44.48442
1781385300.001,buy,64242.0,44.48442
1781386200.0,sell,64225.0,402.64321
1781386200.001,buy,64750.0,402.64321
1781387100.0,buy,64545.0,230.571145
1781387100.001,sell,64410.0,230.571145
1781388000.0,buy,64450.0,101.63551
1781388000.001,sell,64350.0,101.63551
1781388900.0,sell,64358.0,158.500795
1781388900.001,buy,64514.0,158.500795
1781389800.0,buy,64545.0,78.428455
1781389800.001,sell,64473.0,78.428455
1781390700.0,buy,64500.0,101.78249
1781390700.001,sell,64430.0,101.78249
1781391600.0,buy,64456.0,14.3546
1781391600.001,sell,64413.0,14.3546
1781392500.0,sell,64421.0,29.484355
1781392500.001,buy,64574.0,29.484355
1781393400.0,sell,64425.0,18.28219
1781393400.001,buy,64468.0,18.28219
1781394300.0,buy,64440.0,126.693415
1781394300.001,sell,64363.0,126.693415
1781395200.0,buy,64454.0,155.91321
1781395200.001,sell,64351.0,155.91321
1781396100.0,sell,64352.0,176.48326
1781396100.001,buy,64515.0,176.48326
1781397000.0,sell,64440.0,176.31492
1781397000.001,buy,64552.0,176.31492
1781397900.0,buy,64568.0,53.789185
1781397900.001,sell,64498.0,53.789185
1781398800.0,sell,64481.0,74.56145
1781398800.001,buy,64675.0,74.56145
1781399700.0,sell,64605.0,105.75147
1781399700.001,buy,64697.0,105.75147
1781400600.0,buy,64636.0,136.259695
1781400600.001,sell,64534.0,136.259695
1781401500.0,sell,64539.0,116.04381
1781401500.001,buy,64619.0,116.04381
1781402400.0,sell,64551.0,34.282175
1781402400.001,buy,64617.0,34.282175
1781403300.0,buy,64610.0,152.197145
1781403300.001,sell,64478.0,152.197145
1781404200.0,buy,64535.0,54.864375
1781404200.001,sell,64472.0,54.864375
1781405100.0,buy,64484.0,20.970865
1781405100.001,sell,64445.0,20.970865
1781406000.0,sell,64447.0,55.271725
1781406000.001,buy,64492.0,55.271725
1781406900.0,sell,64467.0,80.772075
1781406900.001,buy,64529.0,80.772075
1781407800.0,buy,64522.0,29.12843
1781407800.001,sell,64449.0,29.12843
1781408700.0,sell,64458.0,57.926355
1781408700.001,buy,64526.0,57.926355
1781409600.0,buy,64540.0,19.950935
1781409600.001,sell,64472.0,19.950935
1781410500.0,buy,64500.0,47.92483
1781410500.001,sell,64439.0,47.92483
1781411400.0,buy,64441.0,164.54854
1781411400.001,sell,64354.0,164.54854
1781412300.0,buy,64361.0,101.59039
1781412300.001,sell,64298.0,101.59039
1781413200.0,sell,64305.0,25.798615
1781413200.001,buy,64359.0,25.798615
1781414100.0,buy,64346.0,52.17119
1781414100.001,sell,64280.0,52.17119
1781415000.0,sell,64275.0,30.19963
1781415000.001,buy,64383.0,30.19963
1781415900.0,buy,64355.0,15.73688
1781415900.001,sell,64319.0,15.73688
1781416800.0,sell,64320.0,139.36151
1781416800.001,buy,64461.0,139.36151
1781417700.0,buy,64451.0,459.97571
1781417700.001,sell,64294.0,459.97571
1781418600.0,buy,64367.0,968.78703
1781418600.001,sell,64213.0,968.78703
1781419500.0,sell,64221.0,159.67996
1781419500.001,buy,64270.0,159.67996
1781420400.0,buy,64268.0,28.01769
1781420400.001,sell,64207.0,28.01769
1781421300.0,sell,64207.0,190.255855
1781421300.001,buy,64365.0,190.255855
1781422200.0,buy,64341.0,66.629065
1781422200.001,sell,64277.0,66.629065
1781423100.0,sell,64281.0,159.192995
1781423100.001,buy,64435.0,159.192995
1781424000.0,sell,64377.0,15.39928
1781424000.001,buy,64440.0,15.39928
1781424900.0,sell,64429.0,106.41651
1781424900.001,buy,64486.0,106.41651
1781425800.0,buy,64488.0,19.332605
1781425800.001,sell,64425.0,19.332605
1781426700.0,buy,64458.0,20.70812
1781426700.001,sell,64427.0,20.70812
1781427600.0,buy,64453.0,9.35116
1781427600.001,sell,64395.0,9.35116
1781428500.0,buy,64413.0,109.352575
1781428500.001,sell,64283.0,109.352575
1781429400.0,sell,64329.0,234.92088
1781429400.001,buy,64574.0,234.92088
1781430300.0,sell,64521.0,140.70632
1781430300.001,buy,64600.0,140.70632
1781431200.0,buy,64600.0,211.719935
1781431200.001,sell,64454.0,211.719935
1781432100.0,sell,64487.0,83.539355
1781432100.001,buy,64631.0,83.539355
1781433000.0,sell,64563.0,128.21701
1781433000.001,buy,64655.0,128.21701
1781433900.0,buy,64590.0,33.735785
1781433900.001,sell,64493.0,33.735785
1781434800.0,sell,64431.0,114.82117
1781434800.001,buy,64553.0,114.82117
1781435700.0,sell,64493.0,21.67949
1781435700.001,buy,64567.0,21.67949
1781436600.0,sell,64556.0,48.372065
1781436600.001,buy,64618.0,48.372065
1781437500.0,buy,64604.0,12.33966
1781437500.001,sell,64517.0,12.33966
1781438400.0,buy,64540.0,75.94755
1781438400.001,sell,64444.0,75.94755
1781439300.0,buy,64482.0,31.800955
1781439300.001,sell,64445.0,31.800955
1781440200.0,buy,64446.0,185.48796
1781440200.001,sell,64279.0,185.48796
1781441100.0,buy,64344.0,28.91128
1781441100.001,sell,64274.0,28.91128
1781442000.0,sell,64283.0,106.3583
1781442000.001,buy,64373.0,106.3583
1781442900.0,buy,64374.0,68.585555
1781442900.001,sell,64233.0,68.585555
1781443800.0,sell,64221.0,177.10213
1781443800.001,buy,64363.0,177.10213
1781444700.0,buy,64362.0,52.65259
1781444700.001,sell,64255.0,52.65259
1781445600.0,buy,64317.0,37.855025
1781445600.001,sell,64234.0,37.855025
1781446500.0,buy,64292.0,99.45543
1781446500.001,sell,64141.0,99.45543
1781447400.0,buy,64152.0,346.993615
1781447400.001,sell,63876.0,346.993615
1781448300.0,sell,63838.0,222.936345
1781448300.001,buy,63966.0,222.936345
1781449200.0,sell,63951.0,110.80589
1781449200.001,buy,64126.0,110.80589
1781450100.0,buy,64096.0,62.253625
1781450100.001,sell,63977.0,62.253625
1781451000.0,buy,64087.0,23.567045
1781451000.001,sell,63976.0,23.567045
1781451900.0,buy,64059.0,64.126185
1781451900.001,sell,63976.0,64.126185
1781452800.0,sell,63987.0,55.18008
1781452800.001,buy,64110.0,55.18008
1781453700.0,sell,64064.0,133.647215
1781453700.001,buy,64184.0,133.647215
1781454600.0,sell,64107.0,49.313565
1781454600.001,buy,64173.0,49.313565
1781455500.0,buy,64149.0,216.093465
1781455500.001,sell,63899.0,216.093465
1781456400.0,sell,63891.0,39.66426
1781456400.001,buy,63993.0,39.66426
1781457300.0,buy,63966.0,49.59703
1781457300.001,sell,63878.0,49.59703
1781458200.0,buy,63942.0,158.997035
1781458200.001,sell,63728.0,158.997035
1781459100.0,buy,63850.0,247.77731
1781459100.001,sell,63648.0,247.77731
1781460000.0,sell,63671.0,98.12582
1781460000.001,buy,63766.0,98.12582
1781460900.0,buy,63753.0,65.55966
1781460900.001,sell,63648.0,65.55966
1781461800.0,sell,63696.0,101.13961
1781461800.001,buy,63771.0,101.13961
1781462700.0,sell,63747.0,63.22623
1781462700.001,buy,63806.0,63.22623
1781463600.0,buy,63805.0,35.140745
1781463600.001,sell,63705.0,35.140745
1781464500.0,sell,63760.0,58.414405
1781464500.001,buy,63836.0,58.414405
1781465400.0,buy,63815.0,26.079065
1781465400.001,sell,63726.0,26.079065
1781466300.0,sell,63728.0,25.43224
1781466300.001,buy,63787.0,25.43224
1781467200.0,sell,63776.0,42.039445
1781467200.001,buy,63850.0,42.039445
1781468100.0,sell,63787.0,98.487515
1781468100.001,buy,63946.0,98.487515
1781469000.0,sell,63896.0,164.56195
1781469000.001,buy,64112.0,164.56195
1781469900.0,buy,64061.0,30.879235
1781469900.001,sell,63982.0,30.879235
1781470800.0,sell,63983.0,129.78472
1781470800.001,buy,64080.0,129.78472
1781471700.0,sell,64071.0,1461.55793
1781471700.001,buy,64950.0,1461.55793
1781472600.0,sell,64650.0,1367.729865
1781472600.001,buy,65435.0,1367.729865
1781473500.0,sell,65255.0,957.006625
1781473500.001,buy,65650.0,957.006625
1781474400.0,buy,65515.0,947.839285
1781474400.001,sell,64923.0,947.839285
1781475300.0,sell,64974.0,485.23561
1781475300.001,buy,65240.0,485.23561
1781476200.0,sell,65152.0,368.89698
1781476200.001,buy,65500.0,368.89698
1781477100.0,buy,65467.0,360.816435
1781477100.001,sell,65311.0,360.816435
1781478000.0,sell,65230.0,469.577345
1781478000.001,buy,65611.0,469.577345
1781478900.0,sell,65489.0,417.818215
1781478900.001,buy,65725.0,417.818215
1781479800.0,buy,65739.0,244.826915
1781479800.001,sell,65512.0,244.826915
1781480700.0,sell,65534.0,131.3669
1781480700.001,buy,65780.0,131.3669
1781481600.0,sell,65610.0,383.30152
1781481600.001,buy,65872.0,383.30152
1781482500.0,buy,65852.0,355.824925
1781482500.001,sell,65633.0,355.824925
1781483400.0,buy,65740.0,267.6092
1781483400.001,sell,65456.0,267.6092
1781484300.0,sell,65484.0,101.252955
1781484300.001,buy,65624.0,101.252955
1781485200.0,buy,65611.0,208.09287
1781485200.001,sell,65325.0,208.09287
1781486100.0,buy,65507.0,128.685045
1781486100.001,sell,65330.0,128.685045
1781487000.0,sell,65358.0,139.10097
1781487000.001,buy,65702.0,139.10097
1781487900.0,buy,65689.0,95.398195
1781487900.001,sell,65451.0,95.398195
1781488800.0,sell,65423.0,46.805515
1781488800.001,buy,65636.0,46.805515
1781489700.0,buy,65756.0,88.154035
1781489700.001,sell,65619.0,88.154035
1781490600.0,buy,65654.0,53.264365
1781490600.001,sell,65546.0,53.264365
1781491500.0,buy,65550.0,83.73062
1781491500.001,sell,65407.0,83.73062
1781492400.0,sell,65412.0,81.19774
1781492400.001,buy,65700.0,81.19774
1781493300.0,sell,65651.0,138.488755
1781493300.001,buy,65700.0,138.488755
1781494200.0,sell,65668.0,143.50793
1781494200.001,buy,65918.0,143.50793
1781495100.0,sell,65808.0,179.219955
1781495100.001,buy,65980.0,179.219955
1781496000.0,buy,65898.0,382.023205
1781496000.001,sell,65670.0,382.023205
1781496900.0,buy,65749.0,47.564005
1781496900.001,sell,65671.0,47.564005
1781497800.0,buy,65715.0,58.51777
1781497800.001,sell,65620.0,58.51777
1781498700.0,buy,65670.0,123.09772
1781498700.001,sell,65596.0,123.09772
1781499600.0,sell,65583.0,142.452875
1781499600.001,buy,65660.0,142.452875
1781500500.0,sell,65659.0,594.122435
1781500500.001,buy,65851.0,594.122435
1781501400.0,buy,65817.0,62.749305
1781501400.001,sell,65686.0,62.749305
1781502300.0,sell,65689.0,46.49489
1781502300.001,buy,65838.0,46.49489
1781503200.0,sell,65793.0,114.428785
1781503200.001,buy,65915.0,114.428785
1781504100.0,sell,65836.0,72.99682
1781504100.001,buy,65955.0,72.99682
1781505000.0,buy,65933.0,35.251935
1781505000.001,sell,65753.0,35.251935
1781505900.0,sell,65785.0,34.90878
1781505900.001,buy,65876.0,34.90878
1781506800.0,sell,65668.0,66.816155
1781506800.001,buy,65854.0,66.816155
1781507700.0,sell,65799.0,291.5248
1781507700.001,buy,66020.0,291.5248
1781508600.0,buy,65948.0,207.03425
1781508600.001,sell,65712.0,207.03425
1781509500.0,buy,65761.0,76.283175
1781509500.001,sell,65620.0,76.283175
1781510400.0,sell,65620.0,68.335755
1781510400.001,buy,65747.0,68.335755
1781511300.0,buy,65734.0,64.41849
1781511300.001,sell,65593.0,64.41849
1781512200.0,sell,65638.0,101.67639
1781512200.001,buy,65768.0,101.67639
1781513100.0,buy,65776.0,110.49962
1781513100.001,sell,65629.0,110.49962
1781514000.0,sell,65645.0,83.36922
1781514000.001,buy,65687.0,83.36922
1781514900.0,buy,65755.0,87.90629
1781514900.001,sell,65626.0,87.90629
1781515800.0,buy,65632.0,185.488295
1781515800.001,sell,65487.0,185.488295
1781516700.0,sell,65492.0,107.361055
1781516700.001,buy,65586.0,107.361055
1781517600.0,sell,65554.0,79.1484
1781517600.001,buy,65735.0,79.1484
1781518500.0,buy,65739.0,31.944965
1781518500.001,sell,65682.0,31.944965
1781519400.0,sell,65684.0,37.46339
1781519400.001,buy,65747.0,37.46339
1781520300.0,sell,65716.0,321.67345
1781520300.001,buy,65938.0,321.67345
1781521200.0,sell,65822.0,232.676695
1781521200.001,buy,65997.0,232.676695
1781522100.0,sell,65905.0,813.91273
1781522100.001,buy,66353.0,813.91273
1781523000.0,buy,66290.0,301.099705
1781523000.001,sell,66113.0,301.099705
1781523900.0,sell,66111.0,73.356355
1781523900.001,buy,66228.0,73.356355
1781524800.0,sell,66086.0,270.96791
1781524800.001,buy,66287.0,270.96791
1781525700.0,buy,66321.0,55.54355
1781525700.001,sell,66167.0,55.54355
1781526600.0,sell,66167.0,289.14648
1781526600.001,buy,66447.0,289.14648
1781527500.0,sell,66413.0,337.8217
1781527500.001,buy,66587.0,337.8217
1781528400.0,sell,66460.0,319.78611
1781528400.001,buy,66677.0,319.78611
1781529300.0,sell,66582.0,479.535735
1781529300.001,buy,66940.0,479.535735
1781530200.0,buy,66869.0,594.343255
1781530200.001,sell,66446.0,594.343255
1781531100.0,buy,66647.0,340.085665
1781531100.001,sell,66383.0,340.085665
1781532000.0,sell,66270.0,292.459045
1781532000.001,buy,66430.0,292.459045
1781532900.0,sell,66375.0,128.820295
1781532900.001,buy,66525.0,128.820295
1781533800.0,buy,66535.0,86.194955
1781533800.001,sell,66397.0,86.194955
1781534700.0,sell,66504.0,147.673015
1781534700.001,buy,66642.0,147.673015
1781535600.0,sell,66554.0,99.4234
1781535600.001,buy,66673.0,99.4234
1781536500.0,sell,66562.0,90.332465
1781536500.001,buy,66684.0,90.332465
1781537400.0,sell,66586.0,170.38249
1781537400.001,buy,66889.0,170.38249
1781538300.0,sell,66877.0,552.913755
1781538300.001,buy,67261.0,552.913755
1781539200.0,buy,67283.0,381.48517
1781539200.001,sell,67069.0,381.48517
1781540100.0,buy,67232.0,136.03571
1781540100.001,sell,67065.0,136.03571
1781541000.0,buy,67245.0,119.833705
1781541000.001,sell,67120.0,119.833705
1781541900.0,buy,67184.0,90.91362
1781541900.001,sell,67064.0,90.91362
1781542800.0,buy,67131.0,299.831475
1781542800.001,sell,66742.0,299.831475
1781543700.0,buy,66945.0,100.701575
1781543700.001,sell,66737.0,100.701575
1781544600.0,sell,66644.0,185.061895
1781544600.001,buy,66900.0,185.061895
1781545500.0,buy,66920.0,91.725095
1781545500.001,sell,66810.0,91.725095
1781546400.0,buy,66904.0,92.50964
1781546400.001,sell,66688.0,92.50964
1781547300.0,sell,66780.0,48.6407
1781547300.001,buy,66866.0,48.6407
1781548200.0,buy,66843.0,65.221555
1781548200.001,sell,66715.0,65.221555
1781549100.0,buy,66890.0,102.4782
1781549100.001,sell,66726.0,102.4782
1781550000.0,sell,66685.0,93.067185
1781550000.001,buy,66861.0,93.067185
1781550900.0,buy,66840.0,460.07038
1781550900.001,sell,66323.0,460.07038
1781551800.0,sell,66495.0,65.123245
1781551800.001,buy,66693.0,65.123245
1781552700.0,buy,66708.0,75.837315
1781552700.001,sell,66471.0,75.837315
1781553600.0,buy,66601.0,54.996935
1781553600.001,sell,66470.0,54.996935
1781554500.0,sell,66488.0,71.003045
1781554500.001,buy,66567.0,71.003045
1781555400.0,sell,66541.0,93.844475
1781555400.001,buy,66649.0,93.844475
1781556300.0,buy,66561.0,120.13666
1781556300.001,sell,66454.0,120.13666
1781557200.0,buy,66494.0,86.63885
1781557200.001,sell,66387.0,86.63885
1781558100.0,buy,66524.0,143.989005
1781558100.001,sell,66346.0,143.989005
1781559000.0,sell,66285.0,154.20162
1781559000.001,buy,66441.0,154.20162
1781559900.0,buy,66406.0,67.489475
1781559900.001,sell,66335.0,67.489475
1781560800.0,buy,66442.0,99.38984
1781560800.001,sell,66330.0,99.38984
1781561700.0,buy,66383.0,373.503415
1781561700.001,sell,66057.0,373.503415
1781562600.0,sell,66063.0,179.19632
1781562600.001,buy,66350.0,179.19632
1781563500.0,buy,66301.0,75.237755
1781563500.001,sell,66162.0,75.237755
1781564400.0,sell,66142.0,44.65555
1781564400.001,buy,66255.0,44.65555
1781565300.0,buy,66260.0,41.01376
1781565300.001,sell,66108.0,41.01376
1781566200.0,sell,66094.0,34.78919
1781566200.001,buy,66237.0,34.78919
1781567100.0,sell,66218.0,36.89855
1781567100.001,buy,66330.0,36.89855
1781568000.0,sell,66242.0,136.773605
1781568000.001,buy,66378.0,136.773605
1781568900.0,buy,66390.0,88.28587
1781568900.001,sell,66206.0,88.28587
1781569800.0,sell,66209.0,108.059215
1781569800.001,buy,66441.0,108.059215
1781570700.0,buy,66408.0,128.841105
1781570700.001,sell,66210.0,128.841105
1781571600.0,sell,66214.0,14.50191
1781571600.001,buy,66334.0,14.50191
1781572500.0,sell,66216.0,47.775045
1781572500.001,buy,66353.0,47.775045
1781573400.0,buy,66386.0,36.612085
1781573400.001,sell,66322.0,36.612085
1781574300.0,buy,66389.0,99.210015
1781574300.001,sell,66290.0,99.210015
1781575200.0,buy,66330.0,556.9676
1781575200.001,sell,66019.0,556.9676
1781576100.0,buy,66123.0,374.441415
1781576100.001,sell,65704.0,374.441415
1781577000.0,sell,65729.0,189.4893
1781577000.001,buy,65882.0,189.4893
1781577900.0,buy,65855.0,86.18578
1781577900.001,sell,65647.0,86.18578
1781578800.0,sell,65650.0,172.00848
1781578800.001,buy,65814.0,172.00848
1781579700.0,sell,65603.0,268.52376
1781579700.001,buy,65974.0,268.52376
1781580600.0,sell,65943.0,83.26951
1781580600.001,buy,66096.0,83.26951
1781581500.0,sell,66058.0,80.763495
1781581500.001,buy,66128.0,80.763495
1781582400.0,buy,66245.0,73.694745
1781582400.001,sell,66100.0,73.694745
1781583300.0,buy,66131.0,74.74608
1781583300.001,sell,65944.0,74.74608
1781584200.0,buy,65945.0,126.452715
1781584200.001,sell,65771.0,126.452715
1781585100.0,buy,65864.0,48.861835
1781585100.001,sell,65779.0,48.861835
1781586000.0,sell,65807.0,95.994695
1781586000.001,buy,66033.0,95.994695
1781586900.0,sell,65934.0,85.97887
1781586900.001,buy,66082.0,85.97887
1781587800.0,sell,65985.0,105.313685
1781587800.001,buy,66087.0,105.313685
1781588700.0,buy,66111.0,22.780145
1781588700.001,sell,66020.0,22.780145
1781589600.0,sell,66032.0,57.969775
1781589600.001,buy,66164.0,57.969775
1781590500.0,sell,66127.0,132.90817
1781590500.001,buy,66330.0,132.90817
1781591400.0,sell,66271.0,180.13317
1781591400.001,buy,66552.0,180.13317
1781592300.0,sell,66358.0,232.547595
1781592300.001,buy,66511.0,232.547595
1781593200.0,buy,66499.0,269.219605
1781593200.001,sell,66296.0,269.219605
1781594100.0,sell,66285.0,51.75403
1781594100.001,buy,66444.0,51.75403
1781595000.0,buy,66407.0,125.97963
1781595000.001,sell,66277.0,125.97963
1781595900.0,sell,66259.0,28.12994
1781595900.001,buy,66350.0,28.12994
1781596800.0,sell,66314.0,122.44617
1781596800.001,buy,66465.0,122.44617
1781597700.0,sell,66335.0,77.21066
1781597700.001,buy,66547.0,77.21066
1781598600.0,sell,66475.0,140.60229
1781598600.001,buy,66632.0,140.60229
1781599500.0,sell,66552.0,419.002565
1781599500.001,buy,66964.0,419.002565
1781600400.0,buy,66887.0,175.97578
1781600400.001,sell,66703.0,175.97578
1781601300.0,buy,66736.0,88.14841
1781601300.001,sell,66526.0,88.14841
1781602200.0,sell,66569.0,273.93639
1781602200.001,buy,66704.0,273.93639
1781603100.0,buy,66707.0,250.498925
1781603100.001,sell,66445.0,250.498925
1781604000.0,sell,66470.0,205.920925
1781604000.001,buy,66574.0,205.920925
1781604900.0,sell,66516.0,173.40339
1781604900.001,buy,66745.0,173.40339
1781605800.0,buy,66646.0,37.518985
1781605800.001,sell,66555.0,37.518985
1781606700.0,buy,66599.0,64.79548
1781606700.001,sell,66450.0,64.79548
1781607600.0,sell,66427.0,70.456855
1781607600.001,buy,66612.0,70.456855
1781608500.0,buy,66555.0,89.88601
1781608500.001,sell,66359.0,89.88601
1781609400.0,buy,66452.0,37.64272
1781609400.001,sell,66336.0,37.64272
1781610300.0,sell,66351.0,21.95306
1781610300.001,buy,66456.0,21.95306
1781611200.0,sell,66374.0,172.261055
1781611200.001,buy,66538.0,172.261055
1781612100.0,sell,66525.0,68.311
1781612100.001,buy,66654.0,68.311
1781613000.0,buy,66792.0,226.192505
1781613000.001,sell,66416.0,226.192505
1781613900.0,buy,66474.0,168.26748
1781613900.001,sell,66349.0,168.26748
1781614800.0,buy,66431.0,391.207035
1781614800.001,sell,65973.0,391.207035
1781615700.0,buy,66245.0,216.79231
1781615700.001,sell,65987.0,216.79231
1781616600.0,sell,65907.0,250.516855
1781616600.001,buy,66149.0,250.516855
1781617500.0,buy,66190.0,236.4036
1781617500.001,sell,65965.0,236.4036
1781618400.0,buy,66240.0,180.51104
1781618400.001,sell,65993.0,180.51104
1781619300.0,buy,66038.0,687.32052
1781619300.001,sell,65474.0,687.32052
1781620200.0,sell,65320.0,591.33845
1781620200.001,buy,65720.0,591.33845
1781621100.0,buy,65741.0,108.135255
1781621100.001,sell,65570.0,108.135255
1781622000.0,sell,65585.0,266.57612
1781622000.001,buy,65860.0,266.57612
1781622900.0,buy,65876.0,161.380935
1781622900.001,sell,65692.0,161.380935
1781623800.0,sell,65781.0,201.530775
1781623800.001,buy,65974.0,201.530775
1781624700.0,sell,65674.0,207.431945
1781624700.001,buy,65954.0,207.431945
1781625600.0,buy,65930.0,61.957935
1781625600.001,sell,65755.0,61.957935
1781626500.0,sell,65697.0,60.9832
1781626500.001,buy,65793.0,60.9832
1781627400.0,sell,65677.0,234.58111
1781627400.001,buy,65849.0,234.58111
1781628300.0,buy,65803.0,100.999725
1781628300.001,sell,65682.0,100.999725
1781629200.0,sell,65720.0,41.542725
1781629200.001,buy,65832.0,41.542725
1781630100.0,buy,65838.0,64.661115
1781630100.001,sell,65693.0,64.661115
1781631000.0,sell,65692.0,52.72347
1781631000.001,buy,65795.0,52.72347
1781631900.0,sell,65724.0,207.452995
1781631900.001,buy,65995.0,207.452995
1781632800.0,sell,65934.0,589.724035
1781632800.001,buy,66216.0,589.724035
1781633700.0,buy,66125.0,149.94509
1781633700.001,sell,65849.0,149.94509
1781634600.0,buy,65958.0,73.116645
1781634600.001,sell,65784.0,73.116645
1781635500.0,buy,65905.0,65.28148
1781635500.001,sell,65802.0,65.28148
1781636400.0,buy,65822.0,169.71652
1781636400.001,sell,65630.0,169.71652
1781637300.0,sell,65545.0,106.84191
1781637300.001,buy,65702.0,106.84191
1781638200.0,buy,65765.0,65.36598
1781638200.001,sell,65583.0,65.36598
1781639100.0,sell,65550.0,117.181665
1781639100.001,buy,65704.0,117.181665
1781640000.0,sell,65567.0,232.957095
1781640000.001,buy,65752.0,232.957095
1781640900.0,buy,65831.0,137.714535
1781640900.001,sell,65673.0,137.714535
1781641800.0,sell,65700.0,127.38113
1781641800.001,buy,65824.0,127.38113
1781642700.0,sell,65802.0,25.048825
1781642700.001,buy,65848.0,25.048825
1781643600.0,sell,65816.0,162.47567
1781643600.001,buy,65919.0,162.47567
1781644500.0,buy,65898.0,56.4036
1781644500.001,sell,65692.0,56.4036
1781645400.0,sell,65615.0,127.662555
1781645400.001,buy,65721.0,127.662555
1781646300.0,sell,65680.0,95.01096
1781646300.001,buy,65762.0,95.01096
1781647200.0,sell,65689.0,89.16984
1781647200.001,buy,65859.0,89.16984
1781648100.0,buy,65863.0,61.035025
1781648100.001,sell,65689.0,61.035025
1781649000.0,buy,65757.0,103.32238
1781649000.001,sell,65669.0,103.32238
1781649900.0,sell,65648.0,50.08592
1781649900.001,buy,65769.0,50.08592
1781650800.0,buy,65806.0,35.090835
1781650800.001,sell,65696.0,35.090835
1781651700.0,buy,65732.0,19.966755
1781651700.001,sell,65620.0,19.966755
1781652600.0,buy,65750.0,15.189055
1781652600.001,sell,65681.0,15.189055
1781653500.0,buy,65696.0,68.278585
1781653500.001,sell,65587.0,68.278585
1781654400.0,sell,65639.0,46.321265
1781654400.001,buy,65776.0,46.321265
1781655300.0,buy,65756.0,31.904645
1781655300.001,sell,65674.0,31.904645
1781656200.0,sell,65657.0,35.80591
1781656200.001,buy,65806.0,35.80591
1781657100.0,buy,65823.0,50.675755
1781657100.001,sell,65669.0,50.675755
1781658000.0,sell,65665.0,17.97861
1781658000.001,buy,65802.0,17.97861
1781658900.0,buy,65771.0,204.24091
1781658900.001,sell,65450.0,204.24091
1781659800.0,sell,65515.0,162.29391
1781659800.001,buy,65804.0,162.29391
1781660700.0,sell,65737.0,162.03904
1781660700.001,buy,65931.0,162.03904
1781661600.0,buy,65922.0,43.44315
1781661600.001,sell,65813.0,43.44315
1781662500.0,sell,65849.0,107.34661
1781662500.001,buy,66121.0,107.34661
1781663400.0,buy,66090.0,118.42056
1781663400.001,sell,65756.0,118.42056
1781664300.0,sell,65806.0,31.126955
1781664300.001,buy,65886.0,31.126955
1781665200.0,buy,65882.0,59.53863
1781665200.001,sell,65787.0,59.53863
1781666100.0,buy,65799.0,35.354835
1781666100.001,sell,65686.0,35.354835
1781667000.0,sell,65759.0,18.955175
1781667000.001,buy,65851.0,18.955175
1781667900.0,sell,65740.0,28.187305
1781667900.001,buy,65824.0,28.187305
1781668800.0,buy,65875.0,46.063165
1781668800.001,sell,65789.0,46.063165
1781669700.0,sell,65765.0,71.38859
1781669700.001,buy,65876.0,71.38859
1781670600.0,sell,65839.0,8.870335
1781670600.001,buy,65904.0,8.870335
1781671500.0,buy,66020.0,177.786895
1781671500.001,sell,65857.0,177.786895
1781672400.0,buy,65954.0,47.680495
1781672400.001,sell,65757.0,47.680495
1781673300.0,sell,65731.0,253.86486
1781673300.001,buy,65838.0,253.86486
1781674200.0,sell,65800.0,31.268185
1781674200.001,buy,65905.0,31.268185
1781675100.0,buy,65909.0,15.570395
1781675100.001,sell,65750.0,15.570395
1781676000.0,sell,65761.0,24.19072
1781676000.001,buy,65844.0,24.19072
1781676900.0,buy,65889.0,275.88225
1781676900.001,sell,65624.0,275.88225
1781677800.0,buy,65705.0,102.3921
1781677800.001,sell,65555.0,102.3921
1781678700.0,buy,65650.0,30.16218
1781678700.001,sell,65572.0,30.16218
1781679600.0,sell,65555.0,113.49126
1781679600.001,buy,65682.0,113.49126
1781680500.0,buy,65692.0,212.89388
1781680500.001,sell,65464.0,212.89388
1781681400.0,buy,65544.0,82.76067
1781681400.001,sell,65456.0,82.76067
1781682300.0,sell,65215.0,357.844955
1781682300.001,buy,65564.0,357.844955
1781683200.0,buy,65550.0,151.6496
1781683200.001,sell,65303.0,151.6496
1781684100.0,buy,65368.0,137.328225
1781684100.001,sell,65201.0,137.328225
1781685000.0,buy,65297.0,616.565665
1781685000.001,sell,64889.0,616.565665
1781685900.0,sell,64821.0,267.4225
1781685900.001,buy,64997.0,267.4225
1781686800.0,sell,64887.0,203.797935
1781686800.001,buy,65012.0,203.797935
1781687700.0,sell,64907.0,117.0518
1781687700.001,buy,65066.0,117.0518
1781688600.0,buy,65047.0,105.468725
1781688600.001,sell,64912.0,105.468725
1781689500.0,buy,64981.0,139.220175
1781689500.001,sell,64813.0,139.220175
1781690400.0,buy,64986.0,256.34479
1781690400.001,sell,64800.0,256.34479
1781691300.0,sell,64836.0,139.76388
1781691300.001,buy,64969.0,139.76388
1781692200.0,buy,64954.0,52.230655
1781692200.001,sell,64853.0,52.230655
1781693100.0,buy,64922.0,185.820035
1781693100.001,sell,64750.0,185.820035
1781694000.0,buy,64835.0,435.5596
1781694000.001,sell,64518.0,435.5596
1781694900.0,sell,64541.0,214.662895
1781694900.001,buy,64730.0,214.662895
1781695800.0,sell,64652.0,156.71488
1781695800.001,buy,64793.0,156.71488
1781696700.0,sell,64774.0,86.40556
1781696700.001,buy,64849.0,86.40556
1781697600.0,sell,64751.0,77.32124
1781697600.001,buy,64866.0,77.32124
1781698500.0,buy,64834.0,97.70625
1781698500.001,sell,64631.0,97.70625
1781699400.0,sell,64572.0,161.06274
1781699400.001,buy,64909.0,161.06274
1781700300.0,sell,64903.0,161.984215
1781700300.001,buy,65098.0,161.984215
1781701200.0,sell,64965.0,210.738555
1781701200.001,buy,65085.0,210.738555
1781702100.0,buy,65069.0,108.19605
1781702100.001,sell,64851.0,108.19605
1781703000.0,sell,64826.0,290.611815
1781703000.001,buy,65315.0,290.611815
1781703900.0,sell,65214.0,194.60274
1781703900.001,buy,65354.0,194.60274
1781704800.0,sell,65115.0,112.363295
1781704800.001,buy,65335.0,112.363295
1781705700.0,buy,65439.0,165.52354
1781705700.001,sell,65117.0,165.52354
1781706600.0,buy,65280.0,101.6651
1781706600.001,sell,65028.0,101.6651
1781707500.0,buy,65284.0,246.55311
1781707500.001,sell,64754.0,246.55311
1781708400.0,sell,64951.0,95.8395
1781708400.001,buy,65220.0,95.8395
1781709300.0,sell,65172.0,103.604595
1781709300.001,buy,65408.0,103.604595
1781710200.0,sell,65248.0,275.551855
1781710200.001,buy,65518.0,275.551855
1781711100.0,sell,65465.0,589.851435
1781711100.001,buy,65848.0,589.851435
1781712000.0,sell,65702.0,249.551375
1781712000.001,buy,65879.0,249.551375
1781712900.0,sell,65795.0,1012.112215
1781712900.001,buy,66429.0,1012.112215
1781713800.0,buy,66272.0,523.390175
1781713800.001,sell,65871.0,523.390175
1781714700.0,buy,66000.0,162.415175
1781714700.001,sell,65813.0,162.415175
1781715600.0,buy,65950.0,199.783365
1781715600.001,sell,65756.0,199.783365
1781716500.0,sell,65804.0,83.24351
1781716500.001,buy,65978.0,83.24351
1781717400.0,buy,65963.0,112.80659
1781717400.001,sell,65811.0,112.80659
1781718300.0,sell,65780.0,366.71482
1781718300.001,buy,66159.0,366.71482
1781719200.0,buy,66066.0,1799.57308
1781719200.001,sell,64668.0,1799.57308
1781720100.0,sell,65228.0,520.24839
1781720100.001,buy,65513.0,520.24839
1781721000.0,sell,65256.0,783.760315
1781721000.001,buy,66027.0,783.760315
1781721900.0,buy,66013.0,721.121275
1781721900.001,sell,65319.0,721.121275
1781722800.0,buy,65629.0,505.55206
1781722800.001,sell,65045.0,505.55206
1781723700.0,buy,65350.0,1164.14917
1781723700.001,sell,64283.0,1164.14917
1781724600.0,buy,64648.0,1078.783155
1781724600.001,sell,64109.0,1078.783155
1781725500.0,sell,64000.0,624.376165
1781725500.001,buy,64287.0,624.376165
1781726400.0,buy,64428.0,410.208925
1781726400.001,sell,64166.0,410.208925
1781727300.0,sell,64175.0,213.256775
1781727300.001,buy,64426.0,213.256775
1781728200.0,buy,64456.0,68.98121
1781728200.001,sell,64193.0,68.98121
1781729100.0,sell,64159.0,115.286905
1781729100.001,buy,64399.0,115.286905
1781730000.0,buy,64418.0,144.35743
1781730000.001,sell,64230.0,144.35743
1781730900.0,buy,64348.0,114.31294
1781730900.001,sell,64225.0,114.31294
1781731800.0,buy,64384.0,181.51783
1781731800.001,sell,64122.0,181.51783
1781732700.0,sell,64106.0,375.044425
1781732700.001,buy,64249.0,375.044425
1781733600.0,buy,64228.0,469.95565
1781733600.001,sell,63878.0,469.95565
1781734500.0,sell,64030.0,235.031105
1781734500.001,buy,64338.0,235.031105
1781735400.0,buy,64400.0,384.97541
1781735400.001,sell,64197.0,384.97541
1781736300.0,sell,64227.0,111.399255
1781736300.001,buy,64382.0,111.399255
1781737200.0,sell,64206.0,116.193965
1781737200.001,buy,64373.0,116.193965
1781738100.0,sell,64285.0,190.917765
1781738100.001,buy,64493.0,190.917765
1781739000.0,buy,64491.0,76.62704
1781739000.001,sell,64371.0,76.62704
1781739900.0,sell,64363.0,31.50563
1781739900.001,buy,64474.0,31.50563
1781740800.0,sell,64454.0,153.77893
1781740800.001,buy,64628.0,153.77893
1781741700.0,buy,64666.0,128.546645
1781741700.001,sell,64511.0,128.546645
1781742600.0,buy,64666.0,181.025705
1781742600.001,sell,64471.0,181.025705
1781743500.0,buy,64585.0,69.51436
1781743500.001,sell,64421.0,69.51436
1781744400.0,sell,64431.0,228.196675
1781744400.001,buy,64771.0,228.196675
1781745300.0,buy,64709.0,54.99931
1781745300.001,sell,64591.0,54.99931
1781746200.0,buy,64727.0,50.680225
1781746200.001,sell,64574.0,50.680225
1781747100.0,buy,64582.0,122.85576
1781747100.001,sell,64429.0,122.85576
1781748000.0,sell,64495.0,121.1866
1781748000.001,buy,64637.0,121.1866
1781748900.0,sell,64452.0,138.62246
1781748900.001,buy,64714.0,138.62246
1781749800.0,sell,64646.0,108.32012
1781749800.001,buy,64711.0,108.32012
1781750700.0,buy,64711.0,156.501565
1781750700.001,sell,64630.0,156.501565
1781751600.0,buy,64652.0,68.195095
1781751600.001,sell,64486.0,68.195095
1781752500.0,buy,64487.0,119.400335
1781752500.001,sell,64267.0,119.400335
1781753400.0,sell,64222.0,78.572415
1781753400.001,buy,64360.0,78.572415
1781754300.0,buy,64360.0,111.76583
1781754300.001,sell,64238.0,111.76583
1781755200.0,buy,64296.0,672.219415
1781755200.001,sell,63779.0,672.219415
1781756100.0,buy,64069.0,518.33272
1781756100.001,sell,63816.0,518.33272
1781757000.0,buy,63948.0,145.90318
1781757000.001,sell,63829.0,145.90318
1781757900.0,sell,63789.0,282.62169
1781757900.001,buy,63938.0,282.62169
1781758800.0,sell,63655.0,719.61364
1781758800.001,buy,63945.0,719.61364
1781759700.0,sell,63887.0,70.218905
1781759700.001,buy,63968.0,70.218905
1781760600.0,buy,63993.0,133.111605
1781760600.001,sell,63816.0,133.111605
1781761500.0,sell,63851.0,68.16715
1781761500.001,buy,63964.0,68.16715
1781762400.0,buy,64039.0,98.2987
1781762400.001,sell,63850.0,98.2987
1781763300.0,sell,63812.0,29.559215
1781763300.001,buy,63962.0,29.559215
1781764200.0,sell,63945.0,69.600685
1781764200.001,buy,64065.0,69.600685
1781765100.0,buy,64095.0,70.05221
1781765100.001,sell,64016.0,70.05221
1781766000.0,sell,63979.0,40.83667
1781766000.001,buy,64069.0,40.83667
1781766900.0,sell,64051.0,263.820585
1781766900.001,buy,64286.0,263.820585
1781767800.0,sell,64228.0,220.060645
1781767800.001,buy,64423.0,220.060645
1781768700.0,sell,64393.0,119.57671
1781768700.001,buy,64478.0,119.57671
1781769600.0,sell,64350.0,113.935635
1781769600.001,buy,64617.0,113.935635
1781770500.0,sell,64481.0,164.94885
1781770500.001,buy,64575.0,164.94885
1781771400.0,buy,64567.0,104.395495
1781771400.001,sell,64484.0,104.395495
1781772300.0,buy,64495.0,192.070665
1781772300.001,sell,64327.0,192.070665
1781773200.0,buy,64367.0,53.66797
1781773200.001,sell,64268.0,53.66797
1781774100.0,buy,64451.0,283.479555
1781774100.001,sell,64205.0,283.479555
1781775000.0,sell,64180.0,36.09586
1781775000.001,buy,64274.0,36.09586
1781775900.0,buy,64290.0,63.55594
1781775900.001,sell,64148.0,63.55594
1781776800.0,buy,64163.0,163.12237
1781776800.001,sell,63958.0,163.12237
1781777700.0,buy,64017.0,177.614385
1781777700.001,sell,63879.0,177.614385
1781778600.0,sell,63910.0,257.190125
1781778600.001,buy,64059.0,257.190125
1781779500.0,sell,63973.0,227.824725
1781779500.001,buy,64190.0,227.824725
1781780400.0,buy,64167.0,282.834885
1781780400.001,sell,63969.0,282.834885
1781781300.0,sell,63880.0,363.60239
1781781300.001,buy,64051.0,363.60239
1781782200.0,buy,64053.0,70.86366
1781782200.001,sell,63852.0,70.86366
1781783100.0,sell,63846.0,280.12353
1781783100.001,buy,64017.0,280.12353
1781784000.0,sell,63897.0,93.028555
1781784000.001,buy,64000.0,93.028555
1781784900.0,sell,63962.0,135.50083
1781784900.001,buy,64168.0,135.50083
1781785800.0,sell,64107.0,193.03527
1781785800.001,buy,64240.0,193.03527
1781786700.0,sell,64227.0,133.47127
1781786700.001,buy,64379.0,133.47127
1781787600.0,sell,64251.0,245.981155
1781787600.001,buy,64420.0,245.981155
1781788500.0,buy,64404.0,244.773055
1781788500.001,sell,64288.0,244.773055
1781789400.0,buy,64335.0,371.66511
1781789400.001,sell,63839.0,371.66511
1781790300.0,sell,63760.0,501.736285
1781790300.001,buy,64117.0,501.736285
1781791200.0,buy,64043.0,468.71007
1781791200.001,sell,63700.0,468.71007
1781792100.0,sell,63677.0,371.16764
1781792100.001,buy,64176.0,371.16764
1781793000.0,sell,63717.0,415.72508
1781793000.001,buy,64041.0,415.72508
1781793900.0,buy,63957.0,385.432725
1781793900.001,sell,63559.0,385.432725
1781794800.0,buy,63778.0,251.21202
1781794800.001,sell,63516.0,251.21202
1781795700.0,buy,63560.0,1151.732135
1781795700.001,sell,63123.0,1151.732135
1781796600.0,buy,63343.0,1336.1133
1781796600.001,sell,62634.0,1336.1133
1781797500.0,buy,62850.0,1003.40266
1781797500.001,sell,62254.0,1003.40266
1781798400.0,sell,62305.0,1143.06251
1781798400.001,buy,62706.0,1143.06251
1781799300.0,buy,62734.0,413.4084
1781799300.001,sell,62500.0,413.4084
1781800200.0,sell,62512.0,362.57355
1781800200.001,buy,62751.0,362.57355
1781801100.0,buy,62784.0,91.78639
1781801100.001,sell,62610.0,91.78639
1781802000.0,buy,62679.0,284.923915
1781802000.001,sell,62381.0,284.923915
1781802900.0,sell,62235.0,280.224235
1781802900.001,buy,62597.0,280.224235
1781803800.0,sell,62490.0,340.6359
1781803800.001,buy,62725.0,340.6359
1781804700.0,buy,62703.0,111.487535
1781804700.001,sell,62500.0,111.487535
1781805600.0,sell,62560.0,140.982125
1781805600.001,buy,62716.0,140.982125
1781806500.0,sell,62590.0,232.849805
1781806500.001,buy,62954.0,232.849805
1781807400.0,buy,62832.0,388.92647
1781807400.001,sell,62651.0,388.92647
1781808300.0,buy,62855.0,560.10021
1781808300.001,sell,62581.0,560.10021
1781809200.0,buy,62709.0,97.88431
1781809200.001,sell,62598.0,97.88431
1781810100.0,sell,62610.0,129.904695
1781810100.001,buy,62783.0,129.904695
1781811000.0,sell,62741.0,137.26026
1781811000.001,buy,62959.0,137.26026
1781811900.0,buy,62980.0,223.07031
1781811900.001,sell,62878.0,223.07031
1781812800.0,sell,62917.0,480.21916
1781812800.001,buy,63204.0,480.21916
1781813700.0,buy,63253.0,120.20797
1781813700.001,sell,63076.0,120.20797
1781814600.0,sell,63100.0,298.305005
1781814600.001,buy,63165.0,298.305005
1781815500.0,buy,63116.0,163.869505
1781815500.001,sell,63022.0,163.869505
1781816400.0,buy,63107.0,101.965085
1781816400.001,sell,62895.0,101.965085
1781817300.0,sell,62841.0,85.70644
1781817300.001,buy,63030.0,85.70644
1781818200.0,buy,62966.0,117.693085
1781818200.001,sell,62856.0,117.693085
1781819100.0,sell,62873.0,90.833655
1781819100.001,buy,62982.0,90.833655
1781820000.0,buy,62968.0,24.87854
1781820000.001,sell,62890.0,24.87854
1781820900.0,buy,62904.0,438.740625
1781820900.001,sell,62749.0,438.740625
1781821800.0,buy,62826.0,306.87151
1781821800.001,sell,62709.0,306.87151
1781822700.0,sell,62753.0,64.0138
1781822700.001,buy,62869.0,64.0138
1781823600.0,buy,62909.0,295.914585
1781823600.001,sell,62726.0,295.914585
1781824500.0,sell,62726.0,95.86984
1781824500.001,buy,62842.0,95.86984
1781825400.0,sell,62842.0,30.180735
1781825400.001,buy,62909.0,30.180735
1781826300.0,sell,62828.0,121.28498
1781826300.001,buy,62969.0,121.28498
1781827200.0,buy,62963.0,90.48996
1781827200.001,sell,62809.0,90.48996
1781828100.0,sell,62820.0,156.074805
1781828100.001,buy,62966.0,156.074805
1781829000.0,sell,62933.0,58.769355
1781829000.001,buy,63031.0,58.769355
1781829900.0,buy,63062.0,73.37776
1781829900.001,sell,62946.0,73.37776
1781830800.0,buy,63070.0,141.200985
1781830800.001,sell,62868.0,141.200985
1781831700.0,buy,63077.0,76.788725
1781831700.001,sell,62899.0,76.788725
1781832600.0,buy,62929.0,109.504345
1781832600.001,sell,62818.0,109.504345
1781833500.0,sell,62882.0,127.014465
1781833500.001,buy,63011.0,127.014465
1781834400.0,buy,63088.0,88.686975
1781834400.001,sell,62997.0,88.686975
1781835300.0,buy,63043.0,15.042315
1781835300.001,sell,62924.0,15.042315
1781836200.0,buy,62997.0,280.833635
1781836200.001,sell,62878.0,280.833635
1781837100.0,sell,62864.0,65.76674
1781837100.001,buy,63001.0,65.76674
1781838000.0,buy,63001.0,75.731175
1781838000.001,sell,62685.0,75.731175
1781838900.0,sell,62350.0,1085.73023
1781838900.001,buy,62853.0,1085.73023
1781839800.0,buy,62819.0,125.78929
1781839800.001,sell,62590.0,125.78929
1781840700.0,sell,62608.0,163.18257
1781840700.001,buy,62799.0,163.18257
1781841600.0,sell,62592.0,160.280465
1781841600.001,buy,62857.0,160.280465
1781842500.0,buy,62900.0,84.20944
1781842500.001,sell,62691.0,84.20944
1781843400.0,buy,62707.0,72.97273
1781843400.001,sell,62500.0,72.97273
1781844300.0,buy,62657.0,124.35275
1781844300.001,sell,62386.0,124.35275
1781845200.0,sell,62425.0,148.75329
1781845200.001,buy,62650.0,148.75329
1781846100.0,buy,62651.0,79.257505
1781846100.001,sell,62550.0,79.257505
1781847000.0,sell,62532.0,60.77526
1781847000.001,buy,62652.0,60.77526
1781847900.0,sell,62624.0,110.426295
1781847900.001,buy,62722.0,110.426295
1781848800.0,sell,62701.0,59.402855
1781848800.001,buy,62833.0,59.402855
1781849700.0,buy,62835.0,30.31001
1781849700.001,sell,62750.0,30.31001
1781850600.0,buy,62859.0,82.528845
1781850600.001,sell,62703.0,82.528845
1781851500.0,sell,62744.0,48.136455
1781851500.001,buy,62890.0,48.136455
1781852400.0,buy,62894.0,68.30388
1781852400.001,sell,62742.0,68.30388
1781853300.0,buy,62804.0,104.238735
1781853300.001,sell,62692.0,104.238735
1781854200.0,buy,62805.0,98.87793
1781854200.001,sell,62468.0,98.87793
1781855100.0,sell,62486.0,99.19548
1781855100.001,buy,62656.0,99.19548
1781856000.0,sell,62522.0,44.04642
1781856000.001,buy,62649.0,44.04642
1781856900.0,buy,62691.0,65.66354
1781856900.001,sell,62578.0,65.66354
1781857800.0,buy,62759.0,442.843445
1781857800.001,sell,62547.0,442.843445
1781858700.0,buy,62651.0,88.65374
1781858700.001,sell,62531.0,88.65374
1781859600.0,buy,62622.0,239.088745
1781859600.001,sell,62302.0,239.088745
1781860500.0,buy,62444.0,146.619135
1781860500.001,sell,62292.0,146.619135
1781861400.0,sell,62351.0,47.98292
1781861400.001,buy,62460.0,47.98292
1781862300.0,buy,62401.0,140.141765
1781862300.001,sell,62307.0,140.141765
1781863200.0,sell,62355.0,158.51674
1781863200.001,buy,62529.0,158.51674
1781864100.0,buy,62525.0,120.757325
1781864100.001,sell,62399.0,120.757325
1781865000.0,buy,62479.0,104.578425
1781865000.001,sell,62384.0,104.578425
1781865900.0,sell,62373.0,62.16097
1781865900.001,buy,62572.0,62.16097
1781866800.0,buy,62544.0,37.45719
1781866800.001,sell,62420.0,37.45719
1781867700.0,sell,62432.0,147.424375
1781867700.001,buy,62663.0,147.424375
1781868600.0,sell,62560.0,33.50375
1781868600.001,buy,62653.0,33.50375
1781869500.0,buy,62663.0,29.69787
1781869500.001,sell,62571.0,29.69787
1781870400.0,buy,62662.0,60.216285
1781870400.001,sell,62575.0,60.216285
1781871300.0,buy,62597.0,168.115125
1781871300.001,sell,62456.0,168.115125
1781872200.0,buy,62573.0,223.29946
1781872200.001,sell,62376.0,223.29946
1781873100.0,sell,62312.0,260.245615
1781873100.001,buy,62853.0,260.245615
1781874000.0,buy,62955.0,438.08653
1781874000.001,sell,62730.0,438.08653
1781874900.0,sell,62629.0,165.6059
1781874900.001,buy,62770.0,165.6059
1781875800.0,sell,62721.0,408.820085
1781875800.001,buy,63078.0,408.820085
1781876700.0,sell,63064.0,393.92522
1781876700.001,buy,63423.0,393.92522
1781877600.0,buy,63232.0,254.15353
1781877600.001,sell,63012.0,254.15353
1781878500.0,sell,62980.0,164.330035
1781878500.001,buy,63281.0,164.330035
1781879400.0,sell,63144.0,115.32689
1781879400.001,buy,63386.0,115.32689
1781880300.0,buy,63335.0,108.14115
1781880300.001,sell,63166.0,108.14115
1781881200.0,buy,63229.0,143.34588
1781881200.001,sell,63080.0,143.34588
1781882100.0,buy,63186.0,81.80715
1781882100.001,sell,63000.0,81.80715
1781883000.0,sell,63033.0,160.893095
1781883000.001,buy,63269.0,160.893095
1781883900.0,buy,63250.0,73.61996
1781883900.001,sell,63173.0,73.61996
1781884800.0,sell,63067.0,132.387245
1781884800.001,buy,63380.0,132.387245
1781885700.0,buy,63361.0,66.00783
1781885700.001,sell,63239.0,66.00783
1781886600.0,buy,63361.0,115.669195
1781886600.001,sell,63223.0,115.669195
1781887500.0,buy,63224.0,286.66871
1781887500.001,sell,62902.0,286.66871
1781888400.0,sell,62868.0,124.20598
1781888400.001,buy,63000.0,124.20598
1781889300.0,buy,63093.0,70.01365
1781889300.001,sell,62835.0,70.01365
1781890200.0,sell,62889.0,44.79472
1781890200.001,buy,63082.0,44.79472
1781891100.0,sell,63008.0,101.4281
1781891100.001,buy,63205.0,101.4281
1781892000.0,buy,63180.0,90.57338
1781892000.001,sell,63082.0,90.57338
1781892900.0,buy,63143.0,69.41296
1781892900.001,sell,63086.0,69.41296
1781893800.0,buy,63157.0,68.518335
1781893800.001,sell,62964.0,68.518335
1781894700.0,sell,62990.0,22.48414
1781894700.001,buy,63116.0,22.48414
1781895600.0,buy,63094.0,68.2414
1781895600.001,sell,62974.0,68.2414
1781896500.0,buy,63039.0,37.118325
1781896500.001,sell,62915.0,37.118325
1781897400.0,sell,62944.0,64.09485
1781897400.001,buy,63003.0,64.09485
1781898300.0,sell,62970.0,58.21486
1781898300.001,buy,63123.0,58.21486
1781899200.0,sell,62985.0,66.43357
1781899200.001,buy,63056.0,66.43357
1781900100.0,sell,62930.0,51.5429
1781900100.001,buy,63055.0,51.5429
1781901000.0,sell,63005.0,38.160015
1781901000.001,buy,63078.0,38.160015
1781901900.0,sell,63065.0,73.263185
1781901900.001,buy,63263.0,73.263185
1781902800.0,sell,63132.0,69.906935
1781902800.001,buy,63255.0,69.906935
1781903700.0,buy,63249.0,23.92729
1781903700.001,sell,63139.0,23.92729
1781904600.0,buy,63150.0,75.10098
1781904600.001,sell,63066.0,75.10098
1781905500.0,buy,63112.0,109.951675
1781905500.001,sell,63030.0,109.951675
1781906400.0,sell,63030.0,42.02049
1781906400.001,buy,63078.0,42.02049
1781907300.0,sell,63068.0,106.265475
1781907300.001,buy,63287.0,106.265475
1781908200.0,sell,63217.0,86.358645
1781908200.001,buy,63320.0,86.358645
1781909100.0,buy,63359.0,84.0203
1781909100.001,sell,63276.0,84.0203
1781910000.0,buy,63322.0,72.4702
1781910000.001,sell,63251.0,72.4702
1781910900.0,sell,63253.0,65.27293
1781910900.001,buy,63295.0,65.27293
1781911800.0,sell,63280.0,53.72865
1781911800.001,buy,63341.0,53.72865
1781912700.0,sell,63274.0,393.03943
1781912700.001,buy,63630.0,393.03943
1781913600.0,buy,63588.0,75.865185
1781913600.001,sell,63437.0,75.865185
1781914500.0,sell,63447.0,65.971445
1781914500.001,buy,63627.0,65.971445
1781915400.0,buy,63762.0,234.883935
1781915400.001,sell,63505.0,234.883935
1781916300.0,buy,63580.0,44.98769
1781916300.001,sell,63490.0,44.98769
1781917200.0,buy,63517.0,45.806045
1781917200.001,sell,63403.0,45.806045
1781918100.0,sell,63376.0,31.740205
1781918100.001,buy,63491.0,31.740205
1781919000.0,sell,63480.0,47.744135
1781919000.001,buy,63591.0,47.744135
1781919900.0,sell,63514.0,19.9167
1781919900.001,buy,63559.0,19.9167
1781920800.0,buy,63551.0,31.65912
1781920800.001,sell,63441.0,31.65912
1781921700.0,buy,63448.0,107.113455
1781921700.001,sell,63360.0,107.113455
1781922600.0,buy,63476.0,110.80301
1781922600.001,sell,63333.0,110.80301
1781923500.0,buy,63400.0,30.90333
1781923500.001,sell,63310.0,30.90333
1781924400.0,sell,63285.0,25.698295
1781924400.001,buy,63350.0,25.698295
1781925300.0,sell,63321.0,14.88898
1781925300.001,buy,63429.0,14.88898
1781926200.0,sell,63386.0,14.20189
1781926200.001,buy,63486.0,14.20189
1781927100.0,buy,63464.0,16.35562
1781927100.001,sell,63407.0,16.35562
1781928000.0,buy,63444.0,7.999415
1781928000.001,sell,63368.0,7.999415
1781928900.0,sell,63392.0,96.385935
1781928900.001,buy,63543.0,96.385935
1781929800.0,sell,63490.0,37.753805
1781929800.001,buy,63589.0,37.753805
1781930700.0,buy,63581.0,39.21828
1781930700.001,sell,63517.0,39.21828
1781931600.0,sell,63515.0,267.56597
1781931600.001,buy,63878.0,267.56597
1781932500.0,buy,63809.0,97.48012
1781932500.001,sell,63601.0,97.48012
1781933400.0,sell,63602.0,69.130165
1781933400.001,buy,63698.0,69.130165
1781934300.0,sell,63560.0,30.99768
1781934300.001,buy,63677.0,30.99768
1781935200.0,sell,63611.0,66.82359
1781935200.001,buy,63682.0,66.82359
1781936100.0,sell,63611.0,172.48623
1781936100.001,buy,63733.0,172.48623
1781937000.0,sell,63662.0,117.90143
1781937000.001,buy,63741.0,117.90143
1781937900.0,buy,63738.0,32.72335
1781937900.001,sell,63709.0,32.72335
1781938800.0,buy,63722.0,33.46252
1781938800.001,sell,63570.0,33.46252
1781939700.0,sell,63636.0,98.95199
1781939700.001,buy,63776.0,98.95199
1781940600.0,buy,63775.0,109.707025
1781940600.001,sell,63687.0,109.707025
1781941500.0,buy,63742.0,95.93915
1781941500.001,sell,63608.0,95.93915
1781942400.0,buy,63624.0,255.101215
1781942400.001,sell,63468.0,255.101215
1781943300.0,buy,63543.0,33.2666
1781943300.001,sell,63443.0,33.2666
1781944200.0,buy,63450.0,37.101795
1781944200.001,sell,63393.0,37.101795
1781945100.0,buy,63429.0,152.229085
1781945100.001,sell,63354.0,152.229085
1781946000.0,sell,63394.0,69.131215
1781946000.001,buy,63497.0,69.131215
1781946900.0,sell,63476.0,38.36202
1781946900.001,buy,63549.0,38.36202
1781947800.0,sell,63529.0,55.64497
1781947800.001,buy,63683.0,55.64497
1781948700.0,sell,63608.0,49.86281
1781948700.001,buy,63764.0,49.86281
1781949600.0,buy,63751.0,26.112995
1781949600.001,sell,63660.0,26.112995
1781950500.0,buy,63690.0,105.338125
1781950500.001,sell,63609.0,105.338125
1781951400.0,buy,63667.0,50.484465
1781951400.001,sell,63564.0,50.484465
1781952300.0,sell,63568.0,89.647395
1781952300.001,buy,63666.0,89.647395
1781953200.0,buy,63688.0,53.6018
1781953200.001,sell,63593.0,53.6018
1781954100.0,sell,63634.0,26.38274
1781954100.001,buy,63711.0,26.38274
1781955000.0,sell,63652.0,37.73555
1781955000.001,buy,63713.0,37.73555
1781955900.0,buy,63773.0,39.97182
1781955900.001,sell,63657.0,39.97182
1781956800.0,sell,63649.0,94.78495
1781956800.001,buy,63766.0,94.78495
1781957700.0,buy,63742.0,45.723805
1781957700.001,sell,63671.0,45.723805
1781958600.0,buy,63721.0,156.128405
1781958600.001,sell,63553.0,156.128405
1781959500.0,sell,63513.0,111.316745
1781959500.001,buy,63623.0,111.316745
1781960400.0,buy,63623.0,40.205115
1781960400.001,sell,63553.0,40.205115
1781961300.0,buy,63596.0,435.228815
1781961300.001,sell,63248.0,435.228815
1781962200.0,sell,63308.0,248.437775
1781962200.001,buy,63446.0,248.437775
1781963100.0,buy,63463.0,65.058785
1781963100.001,sell,63339.0,65.058785
1781964000.0,buy,63389.0,160.997275
1781964000.001,sell,63170.0,160.997275
1781964900.0,sell,63184.0,152.004695
1781964900.001,buy,63354.0,152.004695
1781965800.0,sell,63321.0,129.04533
1781965800.001,buy,63497.0,129.04533
1781966700.0,sell,63470.0,813.23237
1781966700.001,buy,64122.0,813.23237
1781967600.0,sell,63815.0,337.24085
1781967600.001,buy,64030.0,337.24085
1781968500.0,sell,63938.0,412.219775
1781968500.001,buy,64361.0,412.219775
1781969400.0,buy,64181.0,112.33114
1781969400.001,sell,64045.0,112.33114
1781970300.0,sell,64050.0,61.482195
1781970300.001,buy,64175.0,61.482195
1781971200.0,buy,64136.0,139.689605
1781971200.001,sell,63943.0,139.689605
1781972100.0,buy,64073.0,100.2969
1781972100.001,sell,63957.0,100.2969
1781973000.0,sell,63871.0,94.543475
1781973000.001,buy,64022.0,94.543475
1781973900.0,sell,63930.0,53.56418
1781973900.001,buy,64013.0,53.56418
1781974800.0,buy,63991.0,38.67801
1781974800.001,sell,63856.0,38.67801
1781975700.0,sell,63835.0,30.537145
1781975700.001,buy,63959.0,30.537145
1781976600.0,buy,64009.0,204.01526
1781976600.001,sell,63725.0,204.01526
1781977500.0,buy,63866.0,49.294585
1781977500.001,sell,63788.0,49.294585
1781978400.0,buy,63896.0,34.290655
1781978400.001,sell,63766.0,34.290655
1781979300.0,sell,63804.0,13.160655
1781979300.001,buy,63857.0,13.160655
1781980200.0,buy,63858.0,19.03297
1781980200.001,sell,63753.0,19.03297
1781981100.0,buy,63808.0,21.819375
1781981100.001,sell,63753.0,21.819375
1781982000.0,sell,63765.0,33.516895
1781982000.001,buy,63897.0,33.516895
1781982900.0,buy,63904.0,25.037815
1781982900.001,sell,63829.0,25.037815
1781983800.0,sell,63814.0,47.242075
1781983800.001,buy,63947.0,47.242075
1781984700.0,buy,63927.0,17.85272
1781984700.001,sell,63897.0,17.85272
1781985600.0,sell,63895.0,19.816485
1781985600.001,buy,63954.0,19.816485
1781986500.0,buy,63953.0,19.259825
1781986500.001,sell,63878.0,19.259825
1781987400.0,buy,63892.0,18.64961
1781987400.001,sell,63828.0,18.64961
1781988300.0,sell,63847.0,18.205925
1781988300.001,buy,63910.0,18.205925
1781989200.0,sell,63896.0,59.426735
1781989200.001,buy,64024.0,59.426735
1781990100.0,buy,63967.0,8.365125
1781990100.001,sell,63899.0,8.365125
1781991000.0,sell,63897.0,22.43715
1781991000.001,buy,64020.0,22.43715
1781991900.0,buy,64068.0,62.770235
1781991900.001,sell,63966.0,62.770235
1781992800.0,sell,63957.0,35.777635
1781992800.001,buy,64144.0,35.777635
1781993700.0,sell,64045.0,234.68195
1781993700.001,buy,64316.0,234.68195
1781994600.0,buy,64336.0,71.45348
1781994600.001,sell,64225.0,71.45348
1781995500.0,buy,64293.0,26.46661
1781995500.001,sell,64229.0,26.46661
1781996400.0,buy,64274.0,41.430675
1781996400.001,sell,64230.0,41.430675
1781997300.0,sell,64231.0,21.436005
1781997300.001,buy,64289.0,21.436005
1781998200.0,sell,64233.0,72.39841
1781998200.001,buy,64312.0,72.39841
1781999100.0,buy,64315.0,35.369115
1781999100.001,sell,64254.0,35.369115
1782000000.0,buy,64287.0,117.351815
1782000000.001,sell,64211.0,117.351815
1782000900.0,sell,64214.0,129.590025
1782000900.001,buy,64289.0,129.590025
1782001800.0,sell,64224.0,93.740475
1782001800.001,buy,64305.0,93.740475
1782002700.0,buy,64301.0,89.869845
1782002700.001,sell,64222.0,89.869845
1782003600.0,buy,64312.0,134.166425
1782003600.001,sell,64222.0,134.166425
1782004500.0,buy,64226.0,17.037835
1782004500.001,sell,64221.0,17.037835
1782005400.0,sell,64187.0,165.643805
1782005400.001,buy,64274.0,165.643805
1782006300.0,sell,64224.0,83.854055
1782006300.001,buy,64293.0,83.854055
1782007200.0,buy,64230.0,5.201695
1782007200.001,sell,64206.0,5.201695
1782008100.0,buy,64228.0,70.1845
1782008100.001,sell,64196.0,70.1845
1782009000.0,sell,64201.0,5.865885
1782009000.001,buy,64239.0,5.865885
1782009900.0,sell,64210.0,71.545205
1782009900.001,buy,64256.0,71.545205
1782010800.0,sell,64210.0,10.975715
1782010800.001,buy,64271.0,10.975715
1782011700.0,sell,64258.0,237.04849
1782011700.001,buy,64449.0,237.04849
1782012600.0,sell,64260.0,144.629295
1782012600.001,buy,64418.0,144.629295
1782013500.0,buy,64418.0,34.899995
1782013500.001,sell,64375.0,34.899995
1782014400.0,buy,64399.0,75.484885
1782014400.001,sell,64356.0,75.484885
1782015300.0,sell,64374.0,258.340755
1782015300.001,buy,64549.0,258.340755
1782016200.0,buy,64555.0,253.768715
1782016200.001,sell,64462.0,253.768715
1782017100.0,buy,64464.0,160.46279
1782017100.001,sell,64235.0,160.46279
1782018000.0,buy,64275.0,42.27568
1782018000.001,sell,64210.0,42.27568
1782018900.0,sell,64196.0,59.18438
1782018900.001,buy,64265.0,59.18438
1782019800.0,sell,64256.0,84.74419
1782019800.001,buy,64343.0,84.74419
1782020700.0,buy,64274.0,114.251875
1782020700.001,sell,64201.0,114.251875
1782021600.0,buy,64226.0,23.601005
1782021600.001,sell,64167.0,23.601005
1782022500.0,sell,64175.0,63.030385
1782022500.001,buy,64277.0,63.030385
1782023400.0,sell,64226.0,50.63142
1782023400.001,buy,64301.0,50.63142
1782024300.0,buy,64290.0,9.80191
1782024300.001,sell,64261.0,9.80191
1782025200.0,buy,64273.0,48.551165
1782025200.001,sell,64216.0,48.551165
1782026100.0,buy,64241.0,290.938205
1782026100.001,sell,64117.0,290.938205
1782027000.0,sell,64135.0,20.620385
1782027000.001,buy,64201.0,20.620385
1782027900.0,buy,64224.0,47.649775
1782027900.001,sell,64135.0,47.649775
1782028800.0,buy,64186.0,83.435605
1782028800.001,sell,64081.0,83.435605
1782029700.0,buy,64089.0,62.996075
1782029700.001,sell,64014.0,62.996075
1782030600.0,buy,64027.0,118.21116
1782030600.001,sell,63864.0,118.21116
1782031500.0,sell,63890.0,75.523625
1782031500.001,buy,63986.0,75.523625
1782032400.0,buy,63993.0,180.1252
1782032400.001,sell,63923.0,180.1252
1782033300.0,sell,63937.0,59.125145
1782033300.001,buy,64059.0,59.125145
1782034200.0,sell,64021.0,49.184625
1782034200.001,buy,64220.0,49.184625
1782035100.0,sell,64083.0,60.753065
1782035100.001,buy,64200.0,60.753065
1782036000.0,sell,64169.0,52.151385
1782036000.001,buy,64260.0,52.151385
1782036900.0,sell,64217.0,92.933735
1782036900.001,buy,64360.0,92.933735
1782037800.0,sell,64268.0,96.34976
1782037800.001,buy,64364.0,96.34976
1782038700.0,sell,64300.0,46.50891
1782038700.001,buy,64383.0,46.50891
1782039600.0,sell,64307.0,97.32124
1782039600.001,buy,64452.0,97.32124
1782040500.0,buy,64389.0,286.729055
1782040500.001,sell,64079.0,286.729055
1782041400.0,buy,64380.0,151.31776
1782041400.001,sell,64194.0,151.31776
1782042300.0,buy,64244.0,169.30517
1782042300.001,sell,64067.0,169.30517
1782043200.0,buy,64197.0,66.665115
1782043200.001,sell,64017.0,66.665115
1782044100.0,buy,64072.0,80.5723
1782044100.001,sell,63950.0,80.5723
1782045000.0,sell,63910.0,115.910105
1782045000.001,buy,64043.0,115.910105
1782045900.0,sell,64014.0,74.21126
1782045900.001,buy,64181.0,74.21126
1782046800.0,buy,64162.0,35.58154
1782046800.001,sell,64075.0,35.58154
1782047700.0,sell,64079.0,43.626695
1782047700.001,buy,64146.0,43.626695
1782048600.0,buy,64129.0,56.32815
1782048600.001,sell,63982.0,56.32815
1782049500.0,sell,64006.0,76.50422
1782049500.001,buy,64106.0,76.50422
1782050400.0,buy,64110.0,41.24318
1782050400.001,sell,64016.0,41.24318
1782051300.0,buy,64060.0,35.147615
1782051300.001,sell,63975.0,35.147615
1782052200.0,sell,63968.0,28.713245
1782052200.001,buy,64051.0,28.713245
1782053100.0,sell,63977.0,15.38418
1782053100.001,buy,64117.0,15.38418
1782054000.0,sell,64087.0,70.038815
1782054000.001,buy,64270.0,70.038815
1782054900.0,sell,64153.0,58.773335
1782054900.001,buy,64252.0,58.773335
1782055800.0,sell,64161.0,82.34502
1782055800.001,buy,64306.0,82.34502
1782056700.0,buy,64278.0,38.58829
1782056700.001,sell,64180.0,38.58829
1782057600.0,buy,64215.0,54.477845
1782057600.001,sell,64072.0,54.477845
1782058500.0,sell,64084.0,29.53092
1782058500.001,buy,64219.0,29.53092
1782059400.0,buy,64156.0,74.196865
1782059400.001,sell,64007.0,74.196865
1782060300.0,sell,64069.0,17.66496
1782060300.001,buy,64169.0,17.66496
1782061200.0,sell,64076.0,38.99622
1782061200.001,buy,64189.0,38.99622
1782062100.0,buy,64173.0,13.391725
1782062100.001,sell,64073.0,13.391725
1782063000.0,sell,64036.0,24.33195
1782063000.001,buy,64095.0,24.33195
1782063900.0,sell,64088.0,33.76381
1782063900.001,buy,64153.0,33.76381
1782064800.0,buy,64125.0,90.10619
1782064800.001,sell,63922.0,90.10619
1782065700.0,sell,63963.0,42.382845
1782065700.001,buy,64026.0,42.382845
1782066600.0,sell,64001.0,72.8582
1782066600.001,buy,64211.0,72.8582
1782067500.0,sell,64105.0,76.87223
1782067500.001,buy,64176.0,76.87223
1782068400.0,sell,64130.0,41.147615
1782068400.001,buy,64255.0,41.147615
1782069300.0,sell,64159.0,34.241515
1782069300.001,buy,64209.0,34.241515
1782070200.0,buy,64206.0,9.888705
1782070200.001,sell,64141.0,9.888705
1782071100.0,buy,64195.0,15.154885
1782071100.001,sell,64148.0,15.154885
1782072000.0,buy,64232.0,89.66732
1782072000.001,sell,64099.0,89.66732
1782072900.0,buy,64127.0,107.166535
1782072900.001,sell,64017.0,107.166535
1782073800.0,buy,64100.0,191.20466
1782073800.001,sell,63927.0,191.20466
1782074700.0,buy,63943.0,446.986835
1782074700.001,sell,63654.0,446.986835
1782075600.0,buy,63831.0,391.70425
1782075600.001,sell,63492.0,391.70425
1782076500.0,sell,63461.0,588.991625
1782076500.001,buy,63746.0,588.991625
1782077400.0,sell,63649.0,192.02571
1782077400.001,buy,63921.0,192.02571
1782078300.0,buy,63890.0,138.71354
1782078300.001,sell,63739.0,138.71354
1782079200.0,buy,63817.0,447.33557
1782079200.001,sell,63541.0,447.33557
1782080100.0,sell,63593.0,72.793555
1782080100.001,buy,63742.0,72.793555
1782081000.0,buy,63692.0,110.393135
1782081000.001,sell,63552.0,110.393135
1782081900.0,sell,63626.0,65.221755
1782081900.001,buy,63820.0,65.221755
1782082800.0,buy,63763.0,66.143935
1782082800.001,sell,63585.0,66.143935
1782083700.0,buy,63758.0,83.962015
1782083700.001,sell,63600.0,83.962015
1782084600.0,buy,63626.0,468.636005
1782084600.001,sell,63260.0,468.636005
1782085500.0,buy,63351.0,75.237985
1782085500.001,sell,63242.0,75.237985
1782086400.0,sell,63270.0,158.263895
1782086400.001,buy,63555.0,158.263895
1782087300.0,sell,63463.0,166.905545
1782087300.001,buy,63725.0,166.905545
1782088200.0,sell,63670.0,197.358275
1782088200.001,buy,64057.0,197.358275
1782089100.0,buy,63972.0,121.25091
1782089100.001,sell,63698.0,121.25091
1782090000.0,buy,64014.0,337.790365
1782090000.001,sell,63814.0,337.790365
1782090900.0,sell,63858.0,885.08162
1782090900.001,buy,64775.0,885.08162
1782091800.0,buy,64676.0,355.98703
1782091800.001,sell,64344.0,355.98703
1782092700.0,sell,64453.0,314.16916
1782092700.001,buy,64664.0,314.16916
1782093600.0,buy,64636.0,110.83983
1782093600.001,sell,64472.0,110.83983
1782094500.0,buy,64616.0,68.685735
1782094500.001,sell,64475.0,68.685735
1782095400.0,buy,64559.0,41.12843
1782095400.001,sell,64436.0,41.12843
1782096300.0,buy,64466.0,293.33064
1782096300.001,sell,64211.0,293.33064
1782097200.0,buy,64219.0,473.69874
1782097200.001,sell,63885.0,473.69874
1782098100.0,sell,64024.0,685.99544
1782098100.001,buy,64425.0,685.99544
1782099000.0,buy,64410.0,428.42653
1782099000.001,sell,64129.0,428.42653
1782099900.0,buy,64172.0,295.00718
1782099900.001,sell,63884.0,295.00718
1782100800.0,buy,63985.0,99.56751
1782100800.001,sell,63832.0,99.56751
1782101700.0,sell,63876.0,24.30573
1782101700.001,buy,63998.0,24.30573
1782102600.0,buy,64029.0,107.977715
1782102600.001,sell,63926.0,107.977715
1782103500.0,sell,63926.0,25.794265
1782103500.001,buy,64080.0,25.794265
1782104400.0,sell,64058.0,51.474785
1782104400.001,buy,64268.0,51.474785
1782105300.0,buy,64260.0,37.41623
1782105300.001,sell,64183.0,37.41623
1782106200.0,sell,64137.0,210.39704
1782106200.001,buy,64313.0,210.39704
1782107100.0,buy,64239.0,68.839875
1782107100.001,sell,64151.0,68.839875
1782108000.0,buy,64291.0,36.25003
1782108000.001,sell,64114.0,36.25003
1782108900.0,buy,64205.0,39.257295
1782108900.001,sell,64058.0,39.257295
1782109800.0,buy,64119.0,122.44116
1782109800.001,sell,63968.0,122.44116
1782110700.0,buy,64015.0,62.191585
1782110700.001,sell,63919.0,62.191585
1782111600.0,sell,63940.0,77.55556
1782111600.001,buy,64210.0,77.55556
1782112500.0,sell,64170.0,150.087565
1782112500.001,buy,64272.0,150.087565
1782113400.0,sell,64225.0,64.02073
1782113400.001,buy,64363.0,64.02073
1782114300.0,buy,64246.0,80.476015
1782114300.001,sell,64137.0,80.476015
1782115200.0,sell,64075.0,99.739635
1782115200.001,buy,64292.0,99.739635
1782116100.0,buy,64320.0,70.21706
1782116100.001,sell,64160.0,70.21706
1782117000.0,sell,64009.0,57.48375
1782117000.001,buy,64238.0,57.48375
1782117900.0,buy,64262.0,21.254825
1782117900.001,sell,64080.0,21.254825
1782118800.0,sell,64120.0,26.83144
1782118800.001,buy,64225.0,26.83144
1782119700.0,buy,64168.0,13.2544
1782119700.001,sell,64067.0,13.2544
1782120600.0,sell,64016.0,47.223785
1782120600.001,buy,64159.0,47.223785
1782121500.0,sell,64067.0,9.64752
1782121500.001,buy,64111.0,9.64752
1782122400.0,sell,64101.0,67.199095
1782122400.001,buy,64247.0,67.199095
1782123300.0,buy,64200.0,52.7925
1782123300.001,sell,64115.0,52.7925
1782124200.0,buy,64171.0,23.326175
1782124200.001,sell,64042.0,23.326175
1782125100.0,sell,64045.0,25.66381
1782125100.001,buy,64146.0,25.66381
1782126000.0,sell,64070.0,181.36587
1782126000.001,buy,64375.0,181.36587
1782126900.0,sell,64202.0,128.275465
1782126900.001,buy,64437.0,128.275465
1782127800.0,sell,64342.0,719.88999
1782127800.001,buy,64732.0,719.88999
1782128700.0,sell,64545.0,120.64133
1782128700.001,buy,64741.0,120.64133
1782129600.0,sell,64558.0,936.35914
1782129600.001,buy,64865.0,936.35914
1782130500.0,sell,64660.0,378.694305
1782130500.001,buy,64951.0,378.694305
1782131400.0,sell,64812.0,817.592895
1782131400.001,buy,65155.0,817.592895
1782132300.0,sell,64957.0,680.750895
1782132300.001,buy,65200.0,680.750895
1782133200.0,buy,65176.0,317.247285
1782133200.001,sell,65000.0,317.247285
1782134100.0,buy,65127.0,209.15409
1782134100.001,sell,64911.0,209.15409
1782135000.0,sell,64952.0,634.77108
1782135000.001,buy,65420.0,634.77108
1782135900.0,sell,65340.0,527.40883
1782135900.001,buy,65555.0,527.40883
1782136800.0,buy,65587.0,393.43724
1782136800.001,sell,65249.0,393.43724
1782137700.0,buy,65264.0,310.45487
1782137700.001,sell,64942.0,310.45487
1782138600.0,buy,65047.0,394.680825
1782138600.001,sell,64837.0,394.680825
1782139500.0,sell,64816.0,209.21545
1782139500.001,buy,65018.0,209.21545
1782140400.0,sell,64878.0,242.569315
1782140400.001,buy,65105.0,242.569315
1782141300.0,buy,65079.0,146.944685
1782141300.001,sell,64915.0,146.944685
1782142200.0,sell,64988.0,115.47127
1782142200.001,buy,65100.0,115.47127
1782143100.0,buy,65053.0,465.947315
1782143100.001,sell,64722.0,465.947315
1782144000.0,buy,64826.0,474.39918
1782144000.001,sell,64632.0,474.39918
1782144900.0,buy,64760.0,116.77548
1782144900.001,sell,64626.0,116.77548
1782145800.0,buy,64671.0,213.32779
1782145800.001,sell,64527.0,213.32779
1782146700.0,sell,64494.0,190.626925
1782146700.001,buy,64771.0,190.626925
1782147600.0,buy,64750.0,153.0628
1782147600.001,sell,64607.0,153.0628
1782148500.0,buy,64683.0,106.89459
1782148500.001,sell,64507.0,106.89459
1782149400.0,buy,64508.0,157.186815
1782149400.001,sell,64363.0,157.186815
1782150300.0,sell,64406.0,166.250205
1782150300.001,buy,64634.0,166.250205
1782151200.0,sell,64586.0,188.62985
1782151200.001,buy,64710.0,188.62985
1782152100.0,buy,64707.0,153.368885
1782152100.001,sell,64557.0,153.368885
1782153000.0,buy,64605.0,110.04394
1782153000.001,sell,64486.0,110.04394
1782153900.0,buy,64499.0,141.31134
1782153900.001,sell,64287.0,141.31134
1782154800.0,sell,64300.0,473.552525
1782154800.001,buy,64422.0,473.552525
1782155700.0,buy,64428.0,327.22487
1782155700.001,sell,64296.0,327.22487
1782156600.0,sell,64339.0,71.39325
1782156600.001,buy,64443.0,71.39325
1782157500.0,sell,64268.0,174.070805
1782157500.001,buy,64486.0,174.070805
1782158400.0,sell,64457.0,745.06796
1782158400.001,buy,64653.0,745.06796
1782159300.0,buy,64516.0,137.71239
1782159300.001,sell,64334.0,137.71239
1782160200.0,sell,64384.0,145.78531
1782160200.001,buy,64486.0,145.78531
1782161100.0,buy,64470.0,43.52383
1782161100.001,sell,64373.0,43.52383
1782162000.0,buy,64467.0,72.173545
1782162000.001,sell,64333.0,72.173545
1782162900.0,buy,64383.0,194.964225
1782162900.001,sell,64227.0,194.964225
1782163800.0,buy,64307.0,125.304015
1782163800.001,sell,64131.0,125.304015
1782164700.0,sell,64149.0,63.837345
1782164700.001,buy,64298.0,63.837345
1782165600.0,buy,64375.0,58.17076
1782165600.001,sell,64250.0,58.17076
1782166500.0,buy,64293.0,739.707485
1782166500.001,sell,63881.0,739.707485
1782167400.0,buy,64130.0,707.30083
1782167400.001,sell,63785.0,707.30083
1782168300.0,sell,63820.0,144.78765
1782168300.001,buy,63985.0,144.78765
1782169200.0,buy,64010.0,100.487275
1782169200.001,sell,63887.0,100.487275
1782170100.0,sell,63880.0,158.54643
1782170100.001,buy,64043.0,158.54643
1782171000.0,buy,64032.0,43.640425
1782171000.001,sell,63948.0,43.640425
1782171900.0,sell,63935.0,55.14091
1782171900.001,buy,64042.0,55.14091
1782172800.0,buy,64031.0,173.270125
1782172800.001,sell,63873.0,173.270125
1782173700.0,buy,63983.0,126.175965
1782173700.001,sell,63820.0,126.175965
1782174600.0,sell,63846.0,81.76543
1782174600.001,buy,64108.0,81.76543
1782175500.0,sell,64041.0,73.82642
1782175500.001,buy,64145.0,73.82642
1782176400.0,sell,64122.0,84.93455
1782176400.001,buy,64254.0,84.93455
1782177300.0,buy,64249.0,368.681195
1782177300.001,sell,64122.0,368.681195
1782178200.0,buy,64217.0,247.02027
1782178200.001,sell,63980.0,247.02027
1782179100.0,sell,63871.0,102.97333
1782179100.001,buy,64155.0,102.97333
1782180000.0,buy,64168.0,69.232925
1782180000.001,sell,64019.0,69.232925
1782180900.0,sell,64096.0,228.20747
1782180900.001,buy,64195.0,228.20747
1782181800.0,sell,64126.0,162.02508
1782181800.001,buy,64213.0,162.02508
1782182700.0,buy,64236.0,234.467015
1782182700.001,sell,64130.0,234.467015
1782183600.0,buy,64167.0,77.559755
1782183600.001,sell,63942.0,77.559755
1782184500.0,sell,63983.0,27.95814
1782184500.001,buy,64065.0,27.95814
1782185400.0,buy,64064.0,32.418835
1782185400.001,sell,63936.0,32.418835
1782186300.0,sell,63965.0,83.8378
1782186300.001,buy,64046.0,83.8378
1782187200.0,buy,64068.0,90.599965
1782187200.001,sell,63984.0,90.599965
1782188100.0,buy,64027.0,101.190205
1782188100.001,sell,63887.0,101.190205
1782189000.0,buy,63952.0,205.496655
1782189000.001,sell,63764.0,205.496655
1782189900.0,buy,63825.0,309.93475
1782189900.001,sell,63572.0,309.93475
1782190800.0,buy,63705.0,123.06726
1782190800.001,sell,63587.0,123.06726
1782191700.0,buy,63652.0,287.397605
1782191700.001,sell,63358.0,287.397605
1782192600.0,buy,63495.0,242.73042
1782192600.001,sell,63365.0,242.73042
1782193500.0,buy,63432.0,114.617015
1782193500.001,sell,63331.0,114.617015
1782194400.0,buy,63372.0,484.314535
1782194400.001,sell,63100.0,484.314535
1782195300.0,buy,63250.0,1753.34533
1782195300.001,sell,62532.0,1753.34533
1782196200.0,sell,62657.0,519.01346
1782196200.001,buy,62963.0,519.01346
1782197100.0,buy,63008.0,126.393655
1782197100.001,sell,62872.0,126.393655
1782198000.0,sell,62856.0,158.339375
1782198000.001,buy,63028.0,158.339375
1782198900.0,buy,63051.0,215.01632
1782198900.001,sell,62950.0,215.01632
1782199800.0,buy,62995.0,286.173255
1782199800.001,sell,62843.0,286.173255
1782200700.0,buy,62963.0,73.245225
1782200700.001,sell,62832.0,73.245225
1782201600.0,buy,62910.0,154.863275
1782201600.001,sell,62617.0,154.863275
1782202500.0,buy,62657.0,1256.202195
1782202500.001,sell,61901.0,1256.202195
1782203400.0,sell,62000.0,631.40491
1782203400.001,buy,62409.0,631.40491
1782204300.0,buy,62418.0,294.43592
1782204300.001,sell,62267.0,294.43592
1782205200.0,sell,62308.0,373.37114
1782205200.001,buy,62433.0,373.37114
1782206100.0,sell,62399.0,106.655175
1782206100.001,buy,62478.0,106.655175
1782207000.0,buy,62478.0,109.342905
1782207000.001,sell,62309.0,109.342905
1782207900.0,sell,62312.0,130.89219
1782207900.001,buy,62388.0,130.89219
1782208800.0,sell,62348.0,204.383425
1782208800.001,buy,62549.0,204.383425
1782209700.0,buy,62430.0,88.27285
1782209700.001,sell,62306.0,88.27285
1782210600.0,buy,62341.0,102.35032
1782210600.001,sell,62202.0,102.35032
1782211500.0,sell,62216.0,196.396355
1782211500.001,buy,62316.0,196.396355
1782212400.0,sell,62294.0,181.97481
1782212400.001,buy,62394.0,181.97481
1782213300.0,sell,62356.0,305.47814
1782213300.001,buy,62549.0,305.47814
1782214200.0,sell,62516.0,156.410615
1782214200.001,buy,62617.0,156.410615
1782215100.0,buy,62574.0,148.071035
1782215100.001,sell,62391.0,148.071035
1782216000.0,buy,62537.0,124.247315
1782216000.001,sell,62377.0,124.247315
1782216900.0,buy,62424.0,65.52429
1782216900.001,sell,62319.0,65.52429
1782217800.0,buy,62453.0,62.427065
1782217800.001,sell,62274.0,62.427065
1782218700.0,buy,62312.0,166.79012
1782218700.001,sell,62190.0,166.79012
1782219600.0,buy,62260.0,443.01389
1782219600.001,sell,62030.0,443.01389
1782220500.0,buy,62145.0,190.39792
1782220500.001,sell,62000.0,190.39792
1782221400.0,sell,61935.0,1009.304275
1782221400.001,buy,62421.0,1009.304275
1782222300.0,sell,62258.0,596.99428
1782222300.001,buy,62517.0,596.99428
1782223200.0,sell,62408.0,276.251705
1782223200.001,buy,62724.0,276.251705
1782224100.0,buy,62818.0,603.55674
1782224100.001,sell,62424.0,603.55674
1782225000.0,buy,62747.0,229.59193
1782225000.001,sell,62427.0,229.59193
1782225900.0,buy,62577.0,158.73348
1782225900.001,sell,62390.0,158.73348
1782226800.0,buy,62479.0,152.778155
1782226800.001,sell,62279.0,152.778155
1782227700.0,buy,62350.0,256.402425
1782227700.001,sell,62157.0,256.402425
1782228600.0,sell,62239.0,350.35399
1782228600.001,buy,62471.0,350.35399
1782229500.0,sell,62175.0,184.41305
1782229500.001,buy,62464.0,184.41305
1782230400.0,sell,62396.0,790.622965
1782230400.001,buy,62794.0,790.622965
1782231300.0,buy,62788.0,241.47926
1782231300.001,sell,62545.0,241.47926
1782232200.0,sell,62549.0,82.60276
1782232200.001,buy,62628.0,82.60276
1782233100.0,buy,62605.0,68.176865
1782233100.001,sell,62467.0,68.176865
1782234000.0,buy,62526.0,77.32006
1782234000.001,sell,62391.0,77.32006
1782234900.0,sell,62403.0,86.33965
1782234900.001,buy,62630.0,86.33965
1782235800.0,buy,62664.0,103.06606
1782235800.001,sell,62479.0,103.06606
1782236700.0,buy,62529.0,60.076345
1782236700.001,sell,62300.0,60.076345
1782237600.0,sell,62241.0,91.70517
1782237600.001,buy,62424.0,91.70517
1782238500.0,buy,62381.0,104.36379
1782238500.001,sell,62294.0,104.36379
1782239400.0,buy,62320.0,140.411845
1782239400.001,sell,62110.0,140.411845
1782240300.0,sell,62080.0,168.73413
1782240300.001,buy,62243.0,168.73413
1782241200.0,sell,62204.0,114.963235
1782241200.001,buy,62398.0,114.963235
1782242100.0,sell,62229.0,98.82168
1782242100.001,buy,62417.0,98.82168
1782243000.0,buy,62453.0,83.27691
1782243000.001,sell,62276.0,83.27691
1782243900.0,sell,62246.0,40.996465
1782243900.001,buy,62398.0,40.996465
1782244800.0,sell,62366.0,135.44729
1782244800.001,buy,62507.0,135.44729
1782245700.0,sell,62388.0,47.642245
1782245700.001,buy,62490.0,47.642245
1782246600.0,buy,62471.0,19.417815
1782246600.001,sell,62426.0,19.417815
1782247500.0,buy,62449.0,81.368915
1782247500.001,sell,62357.0,81.368915
1782248400.0,sell,62440.0,85.32858
1782248400.001,buy,62584.0,85.32858
1782249300.0,sell,62451.0,50.425595
1782249300.001,buy,62554.0,50.425595
1782250200.0,sell,62527.0,42.609275
1782250200.001,buy,62611.0,42.609275
1782251100.0,buy,62638.0,78.7308
1782251100.001,sell,62558.0,78.7308
1782252000.0,sell,62565.0,140.526035
1782252000.001,buy,62752.0,140.526035
1782252900.0,buy,62757.0,169.87223
1782252900.001,sell,62535.0,169.87223
1782253800.0,buy,62601.0,92.180805
1782253800.001,sell,62508.0,92.180805
1782254700.0,sell,62505.0,43.934975
1782254700.001,buy,62593.0,43.934975
1782255600.0,buy,62585.0,272.387715
1782255600.001,sell,62500.0,272.387715
1782256500.0,sell,62500.0,115.43292
1782256500.001,buy,62672.0,115.43292
1782257400.0,buy,62658.0,90.621585
1782257400.001,sell,62571.0,90.621585
1782258300.0,sell,62589.0,73.028085
1782258300.001,buy,62768.0,73.028085
1782259200.0,sell,62706.0,218.52617
1782259200.001,buy,62885.0,218.52617
1782260100.0,buy,62900.0,126.57259
1782260100.001,sell,62795.0,126.57259
1782261000.0,sell,62768.0,122.329535
1782261000.001,buy,63000.0,122.329535
1782261900.0,sell,62878.0,45.609785
1782261900.001,buy,63000.0,45.609785
1782262800.0,buy,63006.0,169.422915
1782262800.001,sell,62828.0,169.422915
1782263700.0,buy,62960.0,79.233275
1782263700.001,sell,62751.0,79.233275
1782264600.0,sell,62887.0,303.61607
1782264600.001,buy,63087.0,303.61607
1782265500.0,buy,62999.0,55.27011
1782265500.001,sell,62904.0,55.27011
1782266400.0,buy,62984.0,100.627725
1782266400.001,sell,62785.0,100.627725
1782267300.0,buy,62842.0,61.63496
1782267300.001,sell,62663.0,61.63496
1782268200.0,buy,62791.0,194.47815
1782268200.001,sell,62600.0,194.47815
1782269100.0,buy,62757.0,88.0613
1782269100.001,sell,62573.0,88.0613
1782270000.0,buy,62656.0,117.98984
1782270000.001,sell,62547.0,117.98984
1782270900.0,sell,62441.0,314.50957
1782270900.001,buy,62649.0,314.50957
1782271800.0,sell,62647.0,90.1406
1782271800.001,buy,62808.0,90.1406
1782272700.0,buy,62812.0,54.27069
1782272700.001,sell,62703.0,54.27069
1782273600.0,buy,62732.0,60.004745
1782273600.001,sell,62615.0,60.004745
1782274500.0,buy,62676.0,83.752415
1782274500.001,sell,62511.0,83.752415
1782275400.0,sell,62570.0,112.07638
1782275400.001,buy,62728.0,112.07638
1782276300.0,sell,62645.0,36.580625
1782276300.001,buy,62778.0,36.580625
1782277200.0,sell,62690.0,109.081535
1782277200.001,buy,62824.0,109.081535
1782278100.0,sell,62764.0,98.485675
1782278100.001,buy,62876.0,98.485675
1782279000.0,sell,62842.0,683.098785
1782279000.001,buy,63065.0,683.098785
1782279900.0,buy,62929.0,54.477115
1782279900.001,sell,62832.0,54.477115
1782280800.0,buy,62863.0,81.002205
1782280800.001,sell,62737.0,81.002205
1782281700.0,sell,62763.0,13.221785
1782281700.001,buy,62885.0,13.221785
1782282600.0,buy,62856.0,92.69604
1782282600.001,sell,62748.0,92.69604
1782283500.0,buy,62762.0,106.56163
1782283500.001,sell,62700.0,106.56163
1782284400.0,sell,62648.0,146.55102
1782284400.001,buy,62821.0,146.55102
1782285300.0,buy,62784.0,53.766875
1782285300.001,sell,62641.0,53.766875
1782286200.0,sell,62602.0,49.417355
1782286200.001,buy,62696.0,49.417355
1782287100.0,buy,62706.0,157.189395
1782287100.001,sell,62568.0,157.189395
1782288000.0,sell,62578.0,61.16331
1782288000.001,buy,62667.0,61.16331
1782288900.0,sell,62616.0,95.079695
1782288900.001,buy,62688.0,95.079695
1782289800.0,sell,62647.0,146.043905
1782289800.001,buy,62781.0,146.043905
1782290700.0,sell,62721.0,69.2003
1782290700.001,buy,62791.0,69.2003
1782291600.0,buy,62781.0,67.206475
1782291600.001,sell,62654.0,67.206475
1782292500.0,buy,62754.0,18.72223
1782292500.001,sell,62666.0,18.72223
1782293400.0,buy,62678.0,29.32671
1782293400.001,sell,62610.0,29.32671
1782294300.0,sell,62615.0,17.41693
1782294300.001,buy,62688.0,17.41693
1782295200.0,buy,62658.0,74.92127
1782295200.001,sell,62532.0,74.92127
1782296100.0,buy,62604.0,160.856635
1782296100.001,sell,62467.0,160.856635
1782297000.0,sell,62492.0,38.24855
1782297000.001,buy,62601.0,38.24855
1782297900.0,buy,62573.0,101.142765
1782297900.001,sell,62400.0,101.142765
1782298800.0,buy,62450.0,265.12147
1782298800.001,sell,62293.0,265.12147
1782299700.0,buy,62385.0,70.882015
1782299700.001,sell,62293.0,70.882015
1782300600.0,sell,62355.0,240.235345
1782300600.001,buy,62729.0,240.235345
1782301500.0,sell,62697.0,598.061965
1782301500.001,buy,63196.0,598.061965
1782302400.0,buy,62939.0,168.151345
1782302400.001,sell,62783.0,168.151345
1782303300.0,buy,62870.0,89.028255
1782303300.001,sell,62731.0,89.028255
1782304200.0,sell,62731.0,119.781705
1782304200.001,buy,62884.0,119.781705
1782305100.0,buy,62830.0,178.253025
1782305100.001,sell,62555.0,178.253025
1782306000.0,buy,62595.0,874.75269
1782306000.001,sell,61938.0,874.75269
1782306900.0,buy,62199.0,778.300415
1782306900.001,sell,61659.0,778.300415
1782307800.0,buy,62130.0,1093.353405
1782307800.001,sell,61389.0,1093.353405
1782308700.0,buy,61629.0,810.80172
1782308700.001,sell,61223.0,810.80172
1782309600.0,buy,61444.0,606.79175
1782309600.001,sell,61100.0,606.79175
1782310500.0,sell,60856.0,1202.75483
1782310500.001,buy,61292.0,1202.75483
1782311400.0,buy,61349.0,353.00876
1782311400.001,sell,61034.0,353.00876
1782312300.0,buy,61224.0,267.564735
1782312300.001,sell,60927.0,267.564735
1782313200.0,buy,61087.0,325.390535
1782313200.001,sell,60820.0,325.390535
1782314100.0,buy,61110.0,297.80355
1782314100.001,sell,60804.0,297.80355
1782315000.0,buy,60848.0,666.53945
1782315000.001,sell,60509.0,666.53945
1782315900.0,buy,60552.0,792.07721
1782315900.001,sell,60227.0,792.07721
1782316800.0,sell,60185.0,606.447145
1782316800.001,buy,60530.0,606.447145
1782317700.0,sell,60406.0,309.425395
1782317700.001,buy,60639.0,309.425395
1782318600.0,buy,60541.0,440.03533
1782318600.001,sell,60140.0,440.03533
1782319500.0,buy,60225.0,1840.422425
1782319500.001,sell,59565.0,1840.422425
1782320400.0,buy,60026.0,646.948145
1782320400.001,sell,59698.0,646.948145
1782321300.0,buy,59841.0,1281.972695
1782321300.001,sell,59300.0,1281.972695
1782322200.0,buy,59720.0,615.078135
1782322200.001,sell,59265.0,615.078135
1782323100.0,sell,59060.0,1276.111595
1782323100.001,buy,59459.0,1276.111595
1782324000.0,sell,59280.0,487.770365
1782324000.001,buy,59597.0,487.770365
1782324900.0,sell,59555.0,508.071315
1782324900.001,buy,59914.0,508.071315
1782325800.0,buy,59719.0,430.49669
1782325800.001,sell,59460.0,430.49669
1782326700.0,sell,59387.0,366.46718
1782326700.001,buy,59624.0,366.46718
1782327600.0,sell,59495.0,268.625065
1782327600.001,buy,59699.0,268.625065
1782328500.0,sell,59562.0,246.24122
1782328500.001,buy,59819.0,246.24122
1782329400.0,buy,59888.0,199.757165
1782329400.001,sell,59708.0,199.757165
1782330300.0,sell,59721.0,211.783665
1782330300.001,buy,59966.0,211.783665
1782331200.0,sell,59823.0,1468.42709
1782331200.001,buy,60795.0,1468.42709
1782332100.0,sell,60552.0,731.10527
1782332100.001,buy,60795.0,731.10527
1782333000.0,sell,60651.0,662.081705
1782333000.001,buy,60885.0,662.081705
1782333900.0,sell,60840.0,487.023975
1782333900.001,buy,61181.0,487.023975
1782334800.0,buy,60989.0,460.13794
1782334800.001,sell,60640.0,460.13794
1782335700.0,sell,60664.0,107.16746
1782335700.001,buy,60879.0,107.16746
1782336600.0,sell,60767.0,151.4604
1782336600.001,buy,61100.0,151.4604
1782337500.0,sell,60980.0,142.55827
1782337500.001,buy,61115.0,142.55827
1782338400.0,buy,61231.0,135.78134
1782338400.001,sell,60973.0,135.78134
1782339300.0,buy,60974.0,183.814655
1782339300.001,sell,60846.0,183.814655
1782340200.0,sell,60780.0,81.84959
1782340200.001,buy,60917.0,81.84959
1782341100.0,buy,60886.0,50.48337
1782341100.001,sell,60782.0,50.48337
1782342000.0,sell,60796.0,82.23456
1782342000.001,buy,60932.0,82.23456
1782342900.0,sell,60808.0,64.888645
1782342900.001,buy,61008.0,64.888645
1782343800.0,sell,60929.0,66.143155
1782343800.001,buy,61034.0,66.143155
1782344700.0,sell,60913.0,57.95933
1782344700.001,buy,61084.0,57.95933
1782345600.0,sell,61000.0,93.3876
1782345600.001,buy,61128.0,93.3876
1782346500.0,buy,61077.0,182.39289
1782346500.001,sell,60883.0,182.39289
1782347400.0,buy,60963.0,167.432395
1782347400.001,sell,60811.0,167.432395
1782348300.0,buy,60884.0,221.22098
1782348300.001,sell,60703.0,221.22098
1782349200.0,buy,60859.0,78.376585
1782349200.001,sell,60709.0,78.376585
1782350100.0,sell,60692.0,116.76057
1782350100.001,buy,60897.0,116.76057
1782351000.0,buy,60872.0,133.156705
1782351000.001,sell,60776.0,133.156705
1782351900.0,sell,60769.0,120.37526
1782351900.001,buy,60968.0,120.37526
1782352800.0,buy,60930.0,84.505875
1782352800.001,sell,60684.0,84.505875
1782353700.0,sell,60720.0,54.009385
1782353700.001,buy,60900.0,54.009385
1782354600.0,buy,60901.0,64.601285
1782354600.001,sell,60728.0,64.601285
1782355500.0,sell,60664.0,126.86569
1782355500.001,buy,60787.0,126.86569
1782356400.0,buy,60835.0,40.90663
1782356400.001,sell,60684.0,40.90663
1782357300.0,sell,60661.0,31.88965
1782357300.001,buy,60804.0,31.88965
1782358200.0,buy,60812.0,27.863925
1782358200.001,sell,60713.0,27.863925
1782359100.0,sell,60722.0,177.44738
1782359100.001,buy,60881.0,177.44738
1782360000.0,buy,60876.0,90.428205
1782360000.001,sell,60791.0,90.428205
1782360900.0,sell,60758.0,61.232995
1782360900.001,buy,60883.0,61.232995
1782361800.0,sell,60779.0,132.606875
1782361800.001,buy,60954.0,132.606875
1782362700.0,sell,60944.0,382.000125
1782362700.001,buy,61373.0,382.000125
1782363600.0,sell,61255.0,594.822015
1782363600.001,buy,61713.0,594.822015
1782364500.0,buy,61777.0,468.89174
1782364500.001,sell,61445.0,468.89174
1782365400.0,buy,61625.0,122.294345
1782365400.001,sell,61498.0,122.294345
1782366300.0,sell,61482.0,141.95809
1782366300.001,buy,61651.0,141.95809
1782367200.0,sell,61572.0,98.679875
1782367200.001,buy,61740.0,98.679875
1782368100.0,buy,61771.0,85.9461
1782368100.001,sell,61614.0,85.9461
1782369000.0,sell,61622.0,234.094045
1782369000.001,buy,61728.0,234.094045
1782369900.0,buy,61809.0,151.248305
1782369900.001,sell,61683.0,151.248305
1782370800.0,sell,61625.0,235.78039
1782370800.001,buy,61790.0,235.78039
1782371700.0,sell,61723.0,120.106085
1782371700.001,buy,61868.0,120.106085
1782372600.0,sell,61772.0,109.78821
1782372600.001,buy,61927.0,109.78821
1782373500.0,buy,61910.0,235.822005
1782373500.001,sell,61775.0,235.822005
1782374400.0,buy,61884.0,177.140455
1782374400.001,sell,61720.0,177.140455
1782375300.0,buy,61756.0,108.00692
1782375300.001,sell,61677.0,108.00692
1782376200.0,buy,61736.0,100.13832
1782376200.001,sell,61671.0,100.13832
1782377100.0,buy,61775.0,147.026615
1782377100.001,sell,61637.0,147.026615
1782378000.0,sell,61639.0,194.22246
1782378000.001,buy,61752.0,194.22246
1782378900.0,buy,61729.0,80.6562
1782378900.001,sell,61571.0,80.6562
1782379800.0,sell,61659.0,81.90014
1782379800.001,buy,61739.0,81.90014
1782380700.0,buy,61748.0,24.74441
1782380700.001,sell,61667.0,24.74441
1782381600.0,buy,61719.0,29.09439
1782381600.001,sell,61617.0,29.09439
1782382500.0,buy,61719.0,119.520605
1782382500.001,sell,61534.0,119.520605
1782383400.0,buy,61556.0,139.36484
1782383400.001,sell,61360.0,139.36484
1782384300.0,buy,61361.0,185.9251
1782384300.001,sell,61217.0,185.9251
1782385200.0,sell,61028.0,275.809415
1782385200.001,buy,61330.0,275.809415
1782386100.0,buy,61384.0,207.864655
1782386100.001,sell,61210.0,207.864655
1782387000.0,sell,61211.0,106.48097
1782387000.001,buy,61358.0,106.48097
1782387900.0,buy,61285.0,144.975575
1782387900.001,sell,61115.0,144.975575
1782388800.0,buy,61336.0,109.919845
1782388800.001,sell,61120.0,109.919845
1782389700.0,buy,61239.0,172.57161
1782389700.001,sell,61037.0,172.57161
1782390600.0,sell,61065.0,441.853125
1782390600.001,buy,61700.0,441.853125
1782391500.0,buy,61376.0,326.128435
1782391500.001,sell,61131.0,326.128435
1782392400.0,sell,61139.0,83.295075
1782392400.001,buy,61336.0,83.295075
1782393300.0,buy,61325.0,55.824945
1782393300.001,sell,61166.0,55.824945
1782394200.0,buy,61310.0,1668.457315
1782394200.001,sell,60029.0,1668.457315
1782395100.0,buy,60200.0,4685.14536
1782395100.001,sell,58062.0,4685.14536
1782396000.0,sell,58236.0,2943.44425
1782396000.001,buy,59700.0,2943.44425
1782396900.0,sell,58735.0,1493.46099
1782396900.001,buy,59522.0,1493.46099
1782397800.0,sell,59134.0,2409.838275
1782397800.001,buy,60465.0,2409.838275
1782398700.0,buy,59769.0,532.85715
1782398700.001,sell,59309.0,532.85715
1782399600.0,buy,59439.0,930.89692
1782399600.001,sell,59006.0,930.89692
1782400500.0,sell,58819.0,1127.2934
1782400500.001,buy,59350.0,1127.2934
1782401400.0,buy,59504.0,400.180975
1782401400.001,sell,59040.0,400.180975
1782402300.0,sell,59143.0,586.4276
1782402300.001,buy,59620.0,586.4276
1782403200.0,sell,59438.0,781.449335
1782403200.001,buy,60030.0,781.449335
1782404100.0,buy,59815.0,183.480885
1782404100.001,sell,59647.0,183.480885
1782405000.0,buy,59718.0,776.77029
1782405000.001,sell,59200.0,776.77029
1782405900.0,sell,59117.0,312.641225
1782405900.001,buy,59352.0,312.641225
1782406800.0,sell,59102.0,439.236195
1782406800.001,buy,59430.0,439.236195
1782407700.0,sell,59302.0,475.742865
1782407700.001,buy,59581.0,475.742865
1782408600.0,buy,59699.0,298.530605
1782408600.001,sell,59468.0,298.530605
1782409500.0,sell,59410.0,217.75533
1782409500.001,buy,59653.0,217.75533
1782410400.0,buy,59759.0,341.818445
1782410400.001,sell,59367.0,341.818445
1782411300.0,sell,59364.0,267.000375
1782411300.001,buy,59715.0,267.000375
1782412200.0,buy,59691.0,142.89004
1782412200.001,sell,59374.0,142.89004
1782413100.0,sell,59332.0,236.65139
1782413100.001,buy,59561.0,236.65139
1782414000.0,buy,59490.0,167.68003
1782414000.001,sell,59193.0,167.68003
1782414900.0,sell,59136.0,414.60429
1782414900.001,buy,59322.0,414.60429
1782415800.0,buy,59405.0,157.435565
1782415800.001,sell,59251.0,157.435565
1782416700.0,sell,59152.0,145.880605
1782416700.001,buy,59331.0,145.880605
1782417600.0,sell,59284.0,400.1588
1782417600.001,buy,59710.0,400.1588
1782418500.0,sell,59528.0,202.02325
1782418500.001,buy,59706.0,202.02325
1782419400.0,buy,59634.0,120.616535
1782419400.001,sell,59373.0,120.616535
1782420300.0,buy,59490.0,68.09443
1782420300.001,sell,59303.0,68.09443
1782421200.0,sell,59418.0,77.052065
1782421200.001,buy,59587.0,77.052065
1782422100.0,sell,59518.0,90.627945
1782422100.001,buy,59681.0,90.627945
1782423000.0,sell,59672.0,348.02717
1782423000.001,buy,59974.0,348.02717
1782423900.0,sell,59868.0,413.217735
1782423900.001,buy,60210.0,413.217735
1782424800.0,buy,60180.0,245.26443
1782424800.001,sell,59841.0,245.26443
1782425700.0,buy,59981.0,101.455495
1782425700.001,sell,59759.0,101.455495
1782426600.0,sell,59718.0,80.877375
1782426600.001,buy,59847.0,80.877375
1782427500.0,sell,59699.0,98.2518
1782427500.001,buy,59898.0,98.2518
1782428400.0,sell,59764.0,141.238755
1782428400.001,buy,59924.0,141.238755
1782429300.0,sell,59894.0,174.88751
1782429300.001,buy,60138.0,174.88751
1782430200.0,buy,60166.0,148.47026
1782430200.001,sell,59923.0,148.47026
1782431100.0,buy,59951.0,210.77536
1782431100.001,sell,59691.0,210.77536
1782432000.0,sell,59734.0,52.180355
1782432000.001,buy,59871.0,52.180355
1782432900.0,buy,59853.0,95.778825
1782432900.001,sell,59675.0,95.778825
1782433800.0,sell,59677.0,64.189865
1782433800.001,buy,59844.0,64.189865
1782434700.0,buy,59782.0,80.289575
1782434700.001,sell,59595.0,80.289575
1782435600.0,buy,59747.0,170.435575
1782435600.001,sell,59405.0,170.435575
1782436500.0,buy,59634.0,276.23498
1782436500.001,sell,59257.0,276.23498
1782437400.0,sell,59192.0,164.539735
1782437400.001,buy,59342.0,164.539735
1782438300.0,sell,59233.0,59.223905
1782438300.001,buy,59406.0,59.223905
1782439200.0,buy,59411.0,374.389885
1782439200.001,sell,58620.0,374.389885
1782440100.0,sell,58308.0,761.388605
1782440100.001,buy,58857.0,761.388605
1782441000.0,buy,58983.0,291.48296
1782441000.001,sell,58656.0,291.48296
1782441900.0,buy,58789.0,258.15137
1782441900.001,sell,58397.0,258.15137
1782442800.0,sell,58311.0,334.617565
1782442800.001,buy,58930.0,334.617565
1782443700.0,sell,58769.0,212.535675
1782443700.001,buy,59160.0,212.535675
1782444600.0,sell,58981.0,419.125265
1782444600.001,buy,59495.0,419.125265
1782445500.0,sell,59453.0,1179.25634
1782445500.001,buy,60091.0,1179.25634
1782446400.0,buy,60066.0,791.256915
1782446400.001,sell,59812.0,791.256915
1782447300.0,sell,59864.0,498.77436
1782447300.001,buy,60212.0,498.77436
1782448200.0,buy,59993.0,109.03376
1782448200.001,sell,59863.0,109.03376
1782449100.0,buy,59956.0,146.09644
1782449100.001,sell,59804.0,146.09644
1782450000.0,sell,59809.0,219.37542
1782450000.001,buy,59956.0,219.37542
1782450900.0,buy,60008.0,330.33432
1782450900.001,sell,59697.0,330.33432
1782451800.0,buy,60017.0,161.42037
1782451800.001,sell,59835.0,161.42037
1782452700.0,sell,59752.0,84.74019
1782452700.001,buy,59947.0,84.74019
1782453600.0,buy,59920.0,272.41117
1782453600.001,sell,59670.0,272.41117
1782454500.0,sell,59671.0,345.520025
1782454500.001,buy,60065.0,345.520025
1782455400.0,sell,59916.0,509.34501
1782455400.001,buy,60377.0,509.34501
1782456300.0,buy,60421.0,308.19621
1782456300.001,sell,60202.0,308.19621
1782457200.0,sell,60249.0,282.17414
1782457200.001,buy,60500.0,282.17414
1782458100.0,sell,60435.0,384.100195
1782458100.001,buy,60660.0,384.100195
1782459000.0,buy,60726.0,153.244335
1782459000.001,sell,60528.0,153.244335
1782459900.0,buy,60600.0,121.743325
1782459900.001,sell,60465.0,121.743325
1782460800.0,buy,60542.0,283.212845
1782460800.001,sell,60193.0,283.212845
1782461700.0,sell,60145.0,316.77065
1782461700.001,buy,60340.0,316.77065
1782462600.0,buy,60318.0,236.924175
1782462600.001,sell,60114.0,236.924175
1782463500.0,sell,60112.0,264.691915
1782463500.001,buy,60246.0,264.691915
1782464400.0,buy,60227.0,119.15019
1782464400.001,sell,60050.0,119.15019
1782465300.0,buy,60146.0,96.65151
1782465300.001,sell,60055.0,96.65151
1782466200.0,buy,60097.0,109.205795
1782466200.001,sell,59920.0,109.205795
1782467100.0,buy,59997.0,283.283
1782467100.001,sell,59554.0,283.283
1782468000.0,sell,59619.0,238.131035
1782468000.001,buy,59792.0,238.131035
1782468900.0,buy,59831.0,97.63597
1782468900.001,sell,59689.0,97.63597
1782469800.0,buy,59781.0,272.030295
1782469800.001,sell,59427.0,272.030295
1782470700.0,buy,59534.0,174.34181
1782470700.001,sell,59207.0,174.34181
1782471600.0,sell,59242.0,88.422695
1782471600.001,buy,59563.0,88.422695
1782472500.0,buy,59473.0,85.780535
1782472500.001,sell,59339.0,85.780535
1782473400.0,sell,59357.0,95.58163
1782473400.001,buy,59499.0,95.58163
1782474300.0,buy,59427.0,64.7547
1782474300.001,sell,59257.0,64.7547
1782475200.0,sell,59320.0,181.031635
1782475200.001,buy,59491.0,181.031635
1782476100.0,sell,59432.0,429.376755
1782476100.001,buy,59707.0,429.376755
1782477000.0,buy,59979.0,1111.29368
1782477000.001,sell,58922.0,1111.29368
1782477900.0,sell,59032.0,1001.6858
1782477900.001,buy,59578.0,1001.6858
1782478800.0,buy,59232.0,534.287925
1782478800.001,sell,58915.0,534.287925
1782479700.0,buy,59137.0,918.126605
1782479700.001,sell,58482.0,918.126605
1782480600.0,sell,58816.0,918.289005
1782480600.001,buy,59493.0,918.289005
1782481500.0,sell,59307.0,782.86243
1782481500.001,buy,60188.0,782.86243
1782482400.0,buy,60258.0,498.52021
1782482400.001,sell,59790.0,498.52021
1782483300.0,sell,59790.0,252.23661
1782483300.001,buy,60220.0,252.23661
1782484200.0,buy,60036.0,541.917155
1782484200.001,sell,59508.0,541.917155
1782485100.0,buy,59873.0,564.62058
1782485100.001,sell,59354.0,564.62058
1782486000.0,sell,59549.0,289.46667
1782486000.001,buy,60058.0,289.46667
1782486900.0,sell,59759.0,402.96136
1782486900.001,buy,60356.0,402.96136
1782487800.0,sell,60110.0,439.791895
1782487800.001,buy,60477.0,439.791895
1782488700.0,buy,60406.0,350.87513
1782488700.001,sell,60108.0,350.87513
1782489600.0,buy,60543.0,322.459845
1782489600.001,sell,60125.0,322.459845
1782490500.0,buy,60252.0,276.2896
1782490500.001,sell,59931.0,276.2896
1782491400.0,sell,60007.0,143.975905
1782491400.001,buy,60350.0,143.975905
1782492300.0,buy,60145.0,68.61581
1782492300.001,sell,59979.0,68.61581
1782493200.0,sell,59977.0,98.588435
1782493200.001,buy,60256.0,98.588435
1782494100.0,buy,60220.0,74.646315
1782494100.001,sell,60005.0,74.646315
1782495000.0,buy,60187.0,90.846655
1782495000.001,sell,59920.0,90.846655
1782495900.0,buy,60076.0,58.911275
1782495900.001,sell,59925.0,58.911275
1782496800.0,sell,59980.0,80.834825
1782496800.001,buy,60127.0,80.834825
1782497700.0,buy,60084.0,140.07118
1782497700.001,sell,59770.0,140.07118
1782498600.0,buy,59842.0,131.066085
1782498600.001,sell,59705.0,131.066085
1782499500.0,buy,59741.0,165.926555
1782499500.001,sell,59522.0,165.926555
1782500400.0,sell,59579.0,300.697175
1782500400.001,buy,60060.0,300.697175
1782501300.0,buy,59992.0,110.010135
1782501300.001,sell,59847.0,110.010135
1782502200.0,buy,60060.0,157.10269
1782502200.001,sell,59851.0,157.10269
1782503100.0,buy,59897.0,79.980985
1782503100.001,sell,59736.0,79.980985
1782504000.0,buy,59952.0,158.91009
1782504000.001,sell,59646.0,158.91009
1782504900.0,sell,59679.0,60.442655
1782504900.001,buy,59780.0,60.442655
1782505800.0,buy,59748.0,233.41194
1782505800.001,sell,59560.0,233.41194
1782506700.0,sell,59613.0,101.48212
1782506700.001,buy,59772.0,101.48212
1782507600.0,sell,59641.0,44.28562
1782507600.001,buy,59744.0,44.28562
1782508500.0,sell,59661.0,132.3811
1782508500.001,buy,59859.0,132.3811
1782509400.0,sell,59841.0,86.15298
1782509400.001,buy,60025.0,86.15298
1782510300.0,buy,60027.0,72.10125
1782510300.001,sell,59882.0,72.10125
1782511200.0,buy,59922.0,176.07366
1782511200.001,sell,59718.0,176.07366
1782512100.0,buy,59945.0,110.03521
1782512100.001,sell,59859.0,110.03521
1782513000.0,sell,59835.0,46.52523
1782513000.001,buy,59956.0,46.52523
1782513900.0,sell,59894.0,31.829685
1782513900.001,buy,60049.0,31.829685
1782514800.0,sell,59983.0,143.3247
1782514800.001,buy,60093.0,143.3247
1782515700.0,buy,60056.0,185.61628
1782515700.001,sell,59947.0,185.61628
1782516600.0,sell,59906.0,146.88015
1782516600.001,buy,60062.0,146.88015
1782517500.0,sell,60032.0,52.106615
1782517500.001,buy,60097.0,52.106615
1782518400.0,sell,60032.0,137.258865
1782518400.001,buy,60159.0,137.258865
1782519300.0,buy,60098.0,98.09591
1782519300.001,sell,60000.0,98.09591
1782520200.0,buy,60013.0,98.75744
1782520200.001,sell,59837.0,98.75744
1782521100.0,sell,59914.0,36.480575
1782521100.001,buy,60040.0,36.480575
1782522000.0,buy,60033.0,45.55766
1782522000.001,sell,59929.0,45.55766
1782522900.0,sell,59906.0,17.60767
1782522900.001,buy,59977.0,17.60767
1782523800.0,buy,59965.0,26.89482
1782523800.001,sell,59899.0,26.89482
1782524700.0,buy,59961.0,26.931995
1782524700.001,sell,59901.0,26.931995
1782525600.0,sell,59887.0,38.390595
1782525600.001,buy,60090.0,38.390595
1782526500.0,sell,60057.0,331.194995
1782526500.001,buy,60357.0,331.194995
1782527400.0,buy,60304.0,98.848285
1782527400.001,sell,60170.0,98.848285
1782528300.0,buy,60337.0,53.926075
1782528300.001,sell,60247.0,53.926075
1782529200.0,buy,60391.0,198.319835
1782529200.001,sell,60138.0,198.319835
1782530100.0,sell,60143.0,113.197665
1782530100.001,buy,60329.0,113.197665
1782531000.0,buy,60355.0,25.78126
1782531000.001,sell,60257.0,25.78126
1782531900.0,buy,60334.0,23.104395
1782531900.001,sell,60232.0,23.104395
1782532800.0,sell,60280.0,71.513355
1782532800.001,buy,60435.0,71.513355
1782533700.0,buy,60457.0,50.570525
1782533700.001,sell,60350.0,50.570525
1782534600.0,buy,60419.0,22.275075
1782534600.001,sell,60330.0,22.275075
1782535500.0,buy,60351.0,106.640035
1782535500.001,sell,60184.0,106.640035
1782536400.0,sell,60171.0,35.19878
1782536400.001,buy,60285.0,35.19878
1782537300.0,buy,60276.0,155.165475
1782537300.001,sell,60129.0,155.165475
1782538200.0,sell,60103.0,29.20909
1782538200.001,buy,60200.0,29.20909
1782539100.0,sell,60189.0,19.548475
1782539100.001,buy,60241.0,19.548475
1782540000.0,buy,60214.0,128.31106
1782540000.001,sell,60082.0,128.31106
1782540900.0,sell,60088.0,30.360405
1782540900.001,buy,60199.0,30.360405
1782541800.0,sell,60174.0,132.10154
1782541800.001,buy,60412.0,132.10154
1782542700.0,buy,60459.0,80.262155
1782542700.001,sell,60323.0,80.262155
1782543600.0,buy,60364.0,108.54974
1782543600.001,sell,60265.0,108.54974
1782544500.0,sell,60278.0,118.013885
1782544500.001,buy,60427.0,118.013885
1782545400.0,sell,60363.0,28.05486
1782545400.001,buy,60443.0,28.05486
1782546300.0,sell,60418.0,71.633455
1782546300.001,buy,60546.0,71.633455
1782547200.0,buy,60519.0,63.408355
1782547200.001,sell,60421.0,63.408355
1782548100.0,buy,60489.0,86.247915
1782548100.001,sell,60407.0,86.247915
1782549000.0,buy,60432.0,77.139665
1782549000.001,sell,60333.0,77.139665
1782549900.0,sell,60340.0,73.216125
1782549900.001,buy,60500.0,73.216125
1782550800.0,buy,60478.0,98.228605
1782550800.001,sell,60311.0,98.228605
1782551700.0,sell,60249.0,117.838175
1782551700.001,buy,60337.0,117.838175
1782552600.0,sell,60333.0,68.018495
1782552600.001,buy,60418.0,68.018495
1782553500.0,sell,60359.0,12.08872
1782553500.001,buy,60413.0,12.08872
1782554400.0,sell,60373.0,11.53385
1782554400.001,buy,60440.0,11.53385
1782555300.0,buy,60459.0,21.039955
1782555300.001,sell,60417.0,21.039955
1782556200.0,buy,60429.0,12.17983
1782556200.001,sell,60375.0,12.17983
1782557100.0,buy,60399.0,61.35949
1782557100.001,sell,60340.0,61.35949
1782558000.0,buy,60420.0,48.316715
1782558000.001,sell,60333.0,48.316715
1782558900.0,buy,60371.0,91.349095
1782558900.001,sell,60204.0,91.349095
1782559800.0,sell,60166.0,64.609645
1782559800.001,buy,60281.0,64.609645
1782560700.0,sell,60229.0,171.435465
1782560700.001,buy,60400.0,171.435465
1782561600.0,buy,60338.0,85.10717
1782561600.001,sell,60224.0,85.10717
1782562500.0,sell,60255.0,71.773395
1782562500.001,buy,60324.0,71.773395
1782563400.0,buy,60350.0,70.070605
1782563400.001,sell,60274.0,70.070605
1782564300.0,sell,60275.0,21.097375
1782564300.001,buy,60393.0,21.097375
1782565200.0,sell,60353.0,46.097575
1782565200.001,buy,60440.0,46.097575
1782566100.0,sell,60359.0,56.222995
1782566100.001,buy,60460.0,56.222995
1782567000.0,sell,60421.0,227.057945
1782567000.001,buy,60628.0,227.057945
1782567900.0,buy,60597.0,129.80953
1782567900.001,sell,60516.0,129.80953
1782568800.0,sell,60473.0,156.527665
1782568800.001,buy,60700.0,156.527665
1782569700.0,buy,60646.0,52.566305
1782569700.001,sell,60568.0,52.566305
1782570600.0,sell,60503.0,90.540135
1782570600.001,buy,60625.0,90.540135
1782571500.0,buy,60647.0,36.70082
1782571500.001,sell,60578.0,36.70082
1782572400.0,sell,60541.0,296.06533
1782572400.001,buy,60886.0,296.06533
1782573300.0,buy,60845.0,120.429235
1782573300.001,sell,60690.0,120.429235
1782574200.0,buy,60935.0,183.002
1782574200.001,sell,60740.0,183.002
1782575100.0,sell,60723.0,39.26439
1782575100.001,buy,60826.0,39.26439
1782576000.0,buy,60820.0,69.11939
1782576000.001,sell,60715.0,69.11939
1782576900.0,buy,60733.0,138.369465
1782576900.001,sell,60679.0,138.369465
1782577800.0,sell,60648.0,71.475685
1782577800.001,buy,60767.0,71.475685
1782578700.0,sell,60738.0,42.43917
1782578700.001,buy,60797.0,42.43917
1782579600.0,buy,60796.0,230.45111
1782579600.001,sell,60402.0,230.45111
1782580500.0,sell,60450.0,64.52148
1782580500.001,buy,60595.0,64.52148
1782581400.0,sell,60487.0,52.582295
1782581400.001,buy,60638.0,52.582295
1782582300.0,buy,60597.0,52.017325
1782582300.001,sell,60497.0,52.017325
1782583200.0,buy,60541.0,64.730245
1782583200.001,sell,60417.0,64.730245
1782584100.0,buy,60526.0,24.04333
1782584100.001,sell,60433.0,24.04333
1782585000.0,sell,60467.0,31.93385
1782585000.001,buy,60543.0,31.93385
1782585900.0,sell,60486.0,19.40205
1782585900.001,buy,60548.0,19.40205
1782586800.0,sell,60527.0,25.630965
1782586800.001,buy,60580.0,25.630965
1782587700.0,buy,60568.0,196.826055
1782587700.001,sell,60223.0,196.826055
1782588600.0,buy,60292.0,305.292795
1782588600.001,sell,60058.0,305.292795
1782589500.0,buy,60211.0,109.47469
1782589500.001,sell,60115.0,109.47469
1782590400.0,sell,60145.0,174.386855
1782590400.001,buy,60271.0,174.386855
1782591300.0,sell,60225.0,26.550655
1782591300.001,buy,60276.0,26.550655
1782592200.0,buy,60251.0,17.95696
1782592200.001,sell,60222.0,17.95696
1782593100.0,sell,60224.0,15.331905
1782593100.001,buy,60273.0,15.331905
1782594000.0,sell,60266.0,57.653915
1782594000.001,buy,60375.0,57.653915
1782594900.0,sell,60326.0,110.782845
1782594900.001,buy,60425.0,110.782845
1782595800.0,buy,60455.0,98.338905
1782595800.001,sell,60202.0,98.338905
1782596700.0,buy,60263.0,52.458245
1782596700.001,sell,60110.0,52.458245
1782597600.0,buy,60174.0,178.088955
1782597600.001,sell,60012.0,178.088955
1782598500.0,sell,59825.0,266.22556
1782598500.001,buy,60144.0,266.22556
1782599400.0,sell,60092.0,87.155245
1782599400.001,buy,60225.0,87.155245
1782600300.0,sell,60128.0,44.98379
1782600300.001,buy,60215.0,44.98379
1782601200.0,buy,60291.0,170.639135
1782601200.001,sell,59988.0,170.639135
1782602100.0,buy,60057.0,89.214015
1782602100.001,sell,59913.0,89.214015
1782603000.0,sell,59930.0,45.679565
1782603000.001,buy,60049.0,45.679565
1782603900.0,buy,60050.0,63.142745
1782603900.001,sell,59971.0,63.142745
1782604800.0,sell,59979.0,38.22375
1782604800.001,buy,60110.0,38.22375
1782605700.0,sell,60097.0,29.323975
1782605700.001,buy,60160.0,29.323975
1782606600.0,sell,60057.0,21.336765
1782606600.001,buy,60141.0,21.336765
1782607500.0,buy,60157.0,29.94946
1782607500.001,sell,60106.0,29.94946
1782608400.0,buy,60135.0,185.95354
1782608400.001,sell,59938.0,185.95354
1782609300.0,sell,60033.0,133.24232
1782609300.001,buy,60208.0,133.24232
1782610200.0,sell,60158.0,126.4362
1782610200.001,buy,60245.0,126.4362
1782611100.0,buy,60244.0,39.8683
1782611100.001,sell,60181.0,39.8683
1782612000.0,sell,60190.0,17.832625
1782612000.001,buy,60259.0,17.832625
1782612900.0,buy,60311.0,96.5696
1782612900.001,sell,60014.0,96.5696
1782613800.0,sell,60066.0,9.707565
1782613800.001,buy,60123.0,9.707565
1782614700.0,sell,60074.0,10.928705
1782614700.001,buy,60151.0,10.928705
1782615600.0,sell,60122.0,84.43809
1782615600.001,buy,60242.0,84.43809
1782616500.0,sell,60179.0,60.321325
1782616500.001,buy,60248.0,60.321325
1782617400.0,buy,60250.0,13.59816
1782617400.001,sell,60152.0,13.59816
1782618300.0,sell,60126.0,14.77117
1782618300.001,buy,60187.0,14.77117
1782619200.0,sell,60115.0,13.71868
1782619200.001,buy,60204.0,13.71868
1782620100.0,buy,60208.0,17.77898
1782620100.001,sell,60173.0,17.77898
1782621000.0,buy,60173.0,99.146695
1782621000.001,sell,60059.0,99.146695
1782621900.0,buy,60167.0,7.8612
1782621900.001,sell,60094.0,7.8612
1782622800.0,buy,60106.0,117.72124
1782622800.001,sell,59936.0,117.72124
1782623700.0,buy,59990.0,189.21535
1782623700.001,sell,59732.0,189.21535
1782624600.0,sell,59761.0,89.378255
1782624600.001,buy,59927.0,89.378255
1782625500.0,sell,59893.0,57.37797
1782625500.001,buy,59990.0,57.37797
1782626400.0,buy,60001.0,78.07736
1782626400.001,sell,59820.0,78.07736
1782627300.0,sell,59785.0,45.22615
1782627300.001,buy,59924.0,45.22615
1782628200.0,sell,59898.0,36.63465
1782628200.001,buy,59971.0,36.63465
1782629100.0,sell,59933.0,33.17788
1782629100.001,buy,60008.0,33.17788
1782630000.0,sell,59974.0,116.592865
1782630000.001,buy,60174.0,116.592865
1782630900.0,buy,60119.0,25.180715
1782630900.001,sell,60077.0,25.180715
1782631800.0,sell,60076.0,56.689535
1782631800.001,buy,60216.0,56.689535
1782632700.0,buy,60233.0,35.178735
1782632700.001,sell,60172.0,35.178735
1782633600.0,buy,60227.0,120.327715
1782633600.001,sell,60110.0,120.327715
1782634500.0,sell,60125.0,126.698535
1782634500.001,buy,60187.0,126.698535
1782635400.0,sell,60184.0,319.60792
1782635400.001,buy,60500.0,319.60792
1782636300.0,buy,60455.0,144.25683
1782636300.001,sell,60336.0,144.25683
1782637200.0,sell,60249.0,210.683075
1782637200.001,buy,60434.0,210.683075
1782638100.0,buy,60369.0,111.62789
1782638100.001,sell,60282.0,111.62789
1782639000.0,sell,60277.0,74.24828
1782639000.001,buy,60369.0,74.24828
1782639900.0,buy,60357.0,99.325825
1782639900.001,sell,60208.0,99.325825
1782640800.0,sell,60147.0,51.85797
1782640800.001,buy,60258.0,51.85797
1782641700.0,buy,60248.0,90.74402
1782641700.001,sell,60032.0,90.74402
1782642600.0,sell,60040.0,24.57177
1782642600.001,buy,60109.0,24.57177
1782643500.0,sell,60093.0,24.17242
1782643500.001,buy,60143.0,24.17242
1782644400.0,buy,60234.0,34.40265
1782644400.001,sell,60089.0,34.40265
1782645300.0,sell,60091.0,114.233785
1782645300.001,buy,60339.0,114.233785
1782646200.0,buy,60300.0,52.80508
1782646200.001,sell,60242.0,52.80508
1782647100.0,sell,60225.0,113.06194
1782647100.001,buy,60343.0,113.06194
1782648000.0,buy,60375.0,54.56079
1782648000.001,sell,60270.0,54.56079
1782648900.0,sell,60157.0,89.96184
1782648900.001,buy,60312.0,89.96184
1782649800.0,buy,60418.0,39.620645
1782649800.001,sell,60169.0,39.620645
1782650700.0,sell,60210.0,38.17633
1782650700.001,buy,60277.0,38.17633
1782651600.0,buy,60269.0,175.48502
1782651600.001,sell,59946.0,175.48502
1782652500.0,sell,60038.0,28.70113
1782652500.001,buy,60140.0,28.70113
1782653400.0,sell,60017.0,72.82929
1782653400.001,buy,60150.0,72.82929
1782654300.0,buy,60103.0,17.58286
1782654300.001,sell,60031.0,17.58286
1782655200.0,sell,60000.0,24.33876
1782655200.001,buy,60144.0,24.33876
1782656100.0,buy,60212.0,71.535595
1782656100.001,sell,60070.0,71.535595
1782657000.0,buy,60157.0,40.704295
1782657000.001,sell,60053.0,40.704295
1782657900.0,buy,60141.0,67.68434
1782657900.001,sell,59981.0,67.68434
1782658800.0,sell,59854.0,70.62357
1782658800.001,buy,60068.0,70.62357
1782659700.0,buy,60090.0,46.58407
1782659700.001,sell,59971.0,46.58407
1782660600.0,buy,60064.0,37.472015
1782660600.001,sell,59871.0,37.472015
1782661500.0,buy,59974.0,214.19193
1782661500.001,sell,59790.0,214.19193
1782662400.0,buy,59912.0,94.994895
1782662400.001,sell,59790.0,94.994895
1782663300.0,buy,59874.0,170.603815
1782663300.001,sell,59640.0,170.603815
1782664200.0,buy,59761.0,343.956505
1782664200.001,sell,59575.0,343.956505
1782665100.0,sell,59550.0,70.339765
1782665100.001,buy,59706.0,70.339765
1782666000.0,buy,59820.0,229.41034
1782666000.001,sell,59543.0,229.41034
1782666900.0,buy,59658.0,127.75322
1782666900.001,sell,59564.0,127.75322
1782667800.0,buy,59614.0,417.062305
1782667800.001,sell,59370.0,417.062305
1782668700.0,sell,59494.0,119.912505
1782668700.001,buy,59606.0,119.912505
1782669600.0,sell,59545.0,145.91574
1782669600.001,buy,59680.0,145.91574
1782670500.0,buy,59643.0,50.310535
1782670500.001,sell,59569.0,50.310535
1782671400.0,buy,59642.0,49.02533
1782671400.001,sell,59552.0,49.02533
1782672300.0,sell,59469.0,58.32404
1782672300.001,buy,59599.0,58.32404
1782673200.0,buy,59593.0,148.8193
1782673200.001,sell,59434.0,148.8193
1782674100.0,sell,59402.0,77.83761
1782674100.001,buy,59520.0,77.83761
1782675000.0,buy,59650.0,182.462105
1782675000.001,sell,59379.0,182.462105
1782675900.0,sell,59230.0,283.151325
1782675900.001,buy,59472.0,283.151325
1782676800.0,sell,59442.0,95.38654
1782676800.001,buy,59650.0,95.38654
1782677700.0,sell,59625.0,272.306555
1782677700.001,buy,59740.0,272.306555
1782678600.0,buy,59700.0,107.286535
1782678600.001,sell,59600.0,107.286535
1782679500.0,buy,59698.0,55.970375
1782679500.001,sell,59621.0,55.970375
1782680400.0,sell,59617.0,52.978625
1782680400.001,buy,59673.0,52.978625
1782681300.0,sell,59631.0,73.50077
1782681300.001,buy,59724.0,73.50077
1782682200.0,buy,59758.0,75.282635
1782682200.001,sell,59635.0,75.282635
1782683100.0,buy,59649.0,355.72398
1782683100.001,sell,59297.0,355.72398
1782684000.0,sell,59418.0,414.093025
1782684000.001,buy,59884.0,414.093025
1782684900.0,buy,59613.0,376.708985
1782684900.001,sell,59177.0,376.708985
1782685800.0,buy,59430.0,393.746675
1782685800.001,sell,59050.0,393.746675
1782686700.0,buy,59187.0,433.615085
1782686700.001,sell,58875.0,433.615085
1782687600.0,sell,58974.0,299.891995
1782687600.001,buy,59343.0,299.891995
1782688500.0,sell,59227.0,218.9196
1782688500.001,buy,59563.0,218.9196
1782689400.0,sell,59507.0,343.96586
1782689400.001,buy,59823.0,343.96586
1782690300.0,buy,59771.0,156.16343
1782690300.001,sell,59544.0,156.16343
1782691200.0,sell,59232.0,337.15604
1782691200.001,buy,59666.0,337.15604
1782692100.0,buy,59564.0,195.177
1782692100.001,sell,59168.0,195.177
1782693000.0,sell,58976.0,337.26378
1782693000.001,buy,59359.0,337.26378
1782693900.0,sell,59157.0,261.92721
1782693900.001,buy,59683.0,261.92721
1782694800.0,buy,59660.0,152.717325
1782694800.001,sell,59427.0,152.717325
1782695700.0,buy,59485.0,221.5945
1782695700.001,sell,59202.0,221.5945
1782696600.0,sell,59180.0,155.948915
1782696600.001,buy,59549.0,155.948915
1782697500.0,buy,59553.0,70.53994
1782697500.001,sell,59400.0,70.53994
1782698400.0,buy,59485.0,285.0374
1782698400.001,sell,58871.0,285.0374
1782699300.0,sell,58956.0,246.773365
1782699300.001,buy,59555.0,246.773365
1782700200.0,sell,59470.0,162.29882
1782700200.001,buy,59770.0,162.29882
1782701100.0,buy,59770.0,80.373385
1782701100.001,sell,59671.0,80.373385
1782702000.0,sell,59722.0,399.301545
1782702000.001,buy,60156.0,399.301545
1782702900.0,sell,59936.0,86.937985
1782702900.001,buy,60188.0,86.937985
1782703800.0,buy,60170.0,144.410145
1782703800.001,sell,59848.0,144.410145
1782704700.0,sell,59850.0,42.415855
1782704700.001,buy,60050.0,42.415855
1782705600.0,buy,60029.0,136.421745
1782705600.001,sell,59871.0,136.421745
1782706500.0,sell,59811.0,58.333715
1782706500.001,buy,59967.0,58.333715
1782707400.0,buy,59937.0,70.62383
1782707400.001,sell,59708.0,70.62383
1782708300.0,buy,59869.0,151.61326
1782708300.001,sell,59749.0,151.61326
1782709200.0,buy,59831.0,235.2094
1782709200.001,sell,59353.0,235.2094
1782710100.0,sell,59498.0,106.415655
1782710100.001,buy,59693.0,106.415655
1782711000.0,sell,59623.0,69.398555
1782711000.001,buy,59897.0,69.398555
1782711900.0,sell,59876.0,128.40891
1782711900.001,buy,60076.0,128.40891
1782712800.0,sell,60053.0,118.672205
1782712800.001,buy,60197.0,118.672205
1782713700.0,buy,60313.0,211.892755
1782713700.001,sell,60091.0,211.892755
1782714600.0,buy,60175.0,102.223165
1782714600.001,sell,60034.0,102.223165
1782715500.0,buy,60131.0,99.43752
1782715500.001,sell,60015.0,99.43752
1782716400.0,sell,59894.0,163.440445
1782716400.001,buy,60056.0,163.440445
1782717300.0,sell,59989.0,66.89781
1782717300.001,buy,60150.0,66.89781
1782718200.0,buy,60111.0,68.63242
1782718200.001,sell,60017.0,68.63242
1782719100.0,buy,60108.0,37.920555
1782719100.001,sell,59996.0,37.920555
1782720000.0,buy,60068.0,60.385135
1782720000.001,sell,59874.0,60.385135
1782720900.0,buy,60035.0,196.34827
1782720900.001,sell,59767.0,196.34827
1782721800.0,sell,59708.0,121.518615
1782721800.001,buy,59883.0,121.518615
1782722700.0,buy,59916.0,45.95898
1782722700.001,sell,59804.0,45.95898
1782723600.0,sell,59780.0,54.503405
1782723600.001,buy,59920.0,54.503405
1782724500.0,buy,60085.0,93.966015
1782724500.001,sell,59757.0,93.966015
1782725400.0,sell,59866.0,90.51695
1782725400.001,buy,59982.0,90.51695
1782726300.0,sell,59890.0,91.233035
1782726300.001,buy,60044.0,91.233035
1782727200.0,sell,60025.0,192.955715
1782727200.001,buy,60272.0,192.955715
1782728100.0,buy,60285.0,131.979015
1782728100.001,sell,60153.0,131.979015
1782729000.0,buy,60190.0,86.092705
1782729000.001,sell,60045.0,86.092705
1782729900.0,buy,60128.0,39.833135
1782729900.001,sell,60041.0,39.833135
1782730800.0,buy,60066.0,134.683885
1782730800.001,sell,59922.0,134.683885
1782731700.0,sell,59850.0,127.83015
1782731700.001,buy,59977.0,127.83015
1782732600.0,buy,60183.0,273.510095
1782732600.001,sell,59786.0,273.510095
1782733500.0,sell,59761.0,280.476485
1782733500.001,buy,59948.0,280.476485
1782734400.0,sell,59564.0,1421.238065
1782734400.001,buy,60767.0,1421.238065
1782735300.0,buy,60750.0,611.97432
1782735300.001,sell,60385.0,611.97432
1782736200.0,buy,60438.0,699.012485
1782736200.001,sell,59804.0,699.012485
1782737100.0,sell,59753.0,234.19535
1782737100.001,buy,60027.0,234.19535
1782738000.0,sell,59922.0,318.51371
1782738000.001,buy,60300.0,318.51371
1782738900.0,buy,60278.0,226.146705
1782738900.001,sell,59928.0,226.146705
1782739800.0,buy,60254.0,604.28132
1782739800.001,sell,59409.0,604.28132
1782740700.0,sell,59297.0,498.48149
1782740700.001,buy,59581.0,498.48149
1782741600.0,buy,59567.0,497.082785
1782741600.001,sell,59046.0,497.082785
1782742500.0,sell,58990.0,750.554555
1782742500.001,buy,59543.0,750.554555
1782743400.0,buy,59680.0,436.244875
1782743400.001,sell,59287.0,436.244875
1782744300.0,sell,59225.0,270.685155
1782744300.001,buy,59583.0,270.685155
1782745200.0,buy,59449.0,397.829435
1782745200.001,sell,59069.0,397.829435
1782746100.0,sell,59104.0,271.41002
1782746100.001,buy,59476.0,271.41002
1782747000.0,sell,59465.0,597.055025
1782747000.001,buy,59853.0,597.055025
1782747900.0,buy,59931.0,276.6506
1782747900.001,sell,59738.0,276.6506
1782748800.0,buy,59897.0,170.272925
1782748800.001,sell,59675.0,170.272925
1782749700.0,buy,59745.0,114.01154
1782749700.001,sell,59552.0,114.01154
1782750600.0,sell,59569.0,266.66254
1782750600.001,buy,59860.0,266.66254
1782751500.0,sell,59799.0,137.93023
1782751500.001,buy,59974.0,137.93023
1782752400.0,sell,59863.0,597.420185
1782752400.001,buy,60459.0,597.420185
1782753300.0,sell,60367.0,543.28585
1782753300.001,buy,60600.0,543.28585
1782754200.0,sell,60360.0,310.458635
1782754200.001,buy,60648.0,310.458635
1782755100.0,buy,60604.0,132.62726
1782755100.001,sell,60370.0,132.62726
1782756000.0,sell,60296.0,153.74155
1782756000.001,buy,60491.0,153.74155
1782756900.0,buy,60491.0,138.30308
1782756900.001,sell,60215.0,138.30308
1782757800.0,sell,60187.0,66.08418
1782757800.001,buy,60310.0,66.08418
1782758700.0,sell,60165.0,157.73223
1782758700.001,buy,60275.0,157.73223
1782759600.0,buy,60279.0,222.143215
1782759600.001,sell,60129.0,222.143215
1782760500.0,sell,60167.0,194.658035
1782760500.001,buy,60458.0,194.658035
1782761400.0,sell,60288.0,67.475595
1782761400.001,buy,60444.0,67.475595
1782762300.0,buy,60537.0,148.231815
1782762300.001,sell,60389.0,148.231815
1782763200.0,sell,60393.0,71.98188
1782763200.001,buy,60524.0,71.98188
1782764100.0,buy,60460.0,240.88018
1782764100.001,sell,60332.0,240.88018
1782765000.0,sell,60370.0,144.517545
1782765000.001,buy,60444.0,144.517545
1782765900.0,buy,60384.0,62.405825
1782765900.001,sell,60270.0,62.405825
1782766800.0,sell,60227.0,145.0468
1782766800.001,buy,60391.0,145.0468
1782767700.0,buy,60386.0,110.81419
1782767700.001,sell,60279.0,110.81419
1782768600.0,sell,60326.0,171.469735
1782768600.001,buy,60471.0,171.469735
1782769500.0,sell,60440.0,75.13111
1782769500.001,buy,60570.0,75.13111
1782770400.0,buy,60471.0,153.56012
1782770400.001,sell,60331.0,153.56012
1782771300.0,sell,60411.0,84.83906
1782771300.001,buy,60493.0,84.83906
1782772200.0,buy,60436.0,80.348515
1782772200.001,sell,60317.0,80.348515
1782773100.0,buy,60403.0,34.489135
1782773100.001,sell,60319.0,34.489135
1782774000.0,buy,60355.0,40.33301
1782774000.001,sell,60300.0,40.33301
1782774900.0,buy,60332.0,79.11239
1782774900.001,sell,60175.0,79.11239
1782775800.0,sell,60189.0,43.4727
1782775800.001,buy,60269.0,43.4727
1782776700.0,buy,60270.0,37.15551
1782776700.001,sell,60188.0,37.15551
1782777600.0,buy,60248.0,83.282825
1782777600.001,sell,60125.0,83.282825
1782778500.0,buy,60204.0,229.29817
1782778500.001,sell,59900.0,229.29817
1782779400.0,buy,59909.0,388.66749
1782779400.001,sell,59671.0,388.66749
1782780300.0,sell,59736.0,162.400025
1782780300.001,buy,59886.0,162.400025
1782781200.0,buy,59848.0,62.265615
1782781200.001,sell,59755.0,62.265615
1782782100.0,sell,59784.0,87.94397
1782782100.001,buy,60022.0,87.94397
1782783000.0,buy,60027.0,125.61105
1782783000.001,sell,59763.0,125.61105
1782783900.0,sell,59805.0,55.778465
1782783900.001,buy,59917.0,55.778465
1782784800.0,buy,59923.0,93.62231
1782784800.001,sell,59734.0,93.62231
1782785700.0,sell,59721.0,137.527795
1782785700.001,buy,59975.0,137.527795
1782786600.0,sell,59889.0,105.7397
1782786600.001,buy,60000.0,105.7397
1782787500.0,buy,60003.0,230.48785
1782787500.001,sell,59912.0,230.48785
1782788400.0,buy,59947.0,97.391425
1782788400.001,sell,59829.0,97.391425
1782789300.0,buy,60000.0,108.93898
1782789300.001,sell,59770.0,108.93898
1782790200.0,buy,59824.0,327.37086
1782790200.001,sell,59701.0,327.37086
1782791100.0,buy,59704.0,191.973805
1782791100.001,sell,59565.0,191.973805
1782792000.0,buy,59590.0,228.964195
1782792000.001,sell,59390.0,228.964195
1782792900.0,sell,59410.0,124.23973
1782792900.001,buy,59550.0,124.23973
1782793800.0,sell,59520.0,87.682685
1782793800.001,buy,59668.0,87.682685
1782794700.0,buy,59580.0,104.19023
1782794700.001,sell,59415.0,104.19023
1782795600.0,buy,59505.0,199.47286
1782795600.001,sell,59342.0,199.47286
1782796500.0,buy,59472.0,107.33555
1782796500.001,sell,59349.0,107.33555
1782797400.0,sell,59334.0,299.044595
1782797400.001,buy,59561.0,299.044595
1782798300.0,sell,59532.0,254.224885
1782798300.001,buy,59638.0,254.224885
1782799200.0,buy,59651.0,117.882605
1782799200.001,sell,59519.0,117.882605
1782800100.0,sell,59479.0,170.289415
1782800100.001,buy,59685.0,170.289415
1782801000.0,buy,59690.0,171.98119
1782801000.001,sell,59519.0,171.98119
1782801900.0,sell,59522.0,60.154335
1782801900.001,buy,59582.0,60.154335
1782802800.0,buy,59609.0,116.99449
1782802800.001,sell,59422.0,116.99449
1782803700.0,buy,59553.0,141.059655
1782803700.001,sell,59430.0,141.059655
1782804600.0,sell,59450.0,64.71077
1782804600.001,buy,59550.0,64.71077
1782805500.0,sell,59450.0,165.1314
1782805500.001,buy,59539.0,165.1314
1782806400.0,buy,59528.0,117.58461
1782806400.001,sell,59405.0,117.58461
1782807300.0,buy,59418.0,65.58738
1782807300.001,sell,59340.0,65.58738
1782808200.0,buy,59415.0,281.807235
1782808200.001,sell,59186.0,281.807235
1782809100.0,sell,59170.0,145.684555
1782809100.001,buy,59341.0,145.684555
1782810000.0,sell,59260.0,121.25987
1782810000.001,buy,59376.0,121.25987
1782810900.0,buy,59339.0,79.80349
1782810900.001,sell,59240.0,79.80349
1782811800.0,sell,59221.0,34.19658
1782811800.001,buy,59361.0,34.19658
1782812700.0,sell,59328.0,56.83745
1782812700.001,buy,59395.0,56.83745
1782813600.0,buy,59391.0,62.21739
1782813600.001,sell,59289.0,62.21739
1782814500.0,buy,59400.0,99.409475
1782814500.001,sell,59301.0,99.409475
1782815400.0,buy,59345.0,46.026335
1782815400.001,sell,59261.0,46.026335
1782816300.0,sell,59272.0,68.862565
1782816300.001,buy,59380.0,68.862565
1782817200.0,sell,59307.0,68.96026
1782817200.001,buy,59390.0,68.96026
1782818100.0,buy,59369.0,222.803065
1782818100.001,sell,59171.0,222.803065
1782819000.0,sell,59100.0,304.363875
1782819000.001,buy,59254.0,304.363875
1782819900.0,buy,59306.0,172.11223
1782819900.001,sell,59124.0,172.11223
1782820800.0,buy,59159.0,539.416895
1782820800.001,sell,58963.0,539.416895
1782821700.0,buy,59047.0,575.38735
1782821700.001,sell,58721.0,575.38735
1782822600.0,buy,58867.0,192.31894
1782822600.001,sell,58749.0,192.31894
1782823500.0,buy,58827.0,713.861185
1782823500.001,sell,58363.0,713.861185
1782824400.0,sell,58300.0,457.30918
1782824400.001,buy,58622.0,457.30918
1782825300.0,sell,58420.0,200.303435
1782825300.001,buy,58573.0,200.303435
1782826200.0,sell,58194.0,945.712255
1782826200.001,buy,58739.0,945.712255
1782827100.0,sell,58434.0,381.4437
1782827100.001,buy,58762.0,381.4437
1782828000.0,sell,58637.0,1955.943055
1782828000.001,buy,59293.0,1955.943055
1782828900.0,sell,58874.0,276.73535
1782828900.001,buy,59134.0,276.73535
1782829800.0,buy,59088.0,554.191365
1782829800.001,sell,58570.0,554.191365
1782830700.0,buy,58907.0,453.99599
1782830700.001,sell,58412.0,453.99599
1782831600.0,buy,58588.0,1624.331095
1782831600.001,sell,58160.0,1624.331095
1782832500.0,buy,58452.0,436.72566
1782832500.001,sell,58175.0,436.72566
1782833400.0,sell,58237.0,213.517285
1782833400.001,buy,58474.0,213.517285
1782834300.0,buy,58778.0,320.524775
1782834300.001,sell,58320.0,320.524775
1782835200.0,sell,58333.0,266.133855
1782835200.001,buy,58600.0,266.133855
1782836100.0,buy,58445.0,280.90266
1782836100.001,sell,58241.0,280.90266
1782837000.0,sell,58236.0,127.191685
1782837000.001,buy,58459.0,127.191685
1782837900.0,sell,58304.0,142.842155
1782837900.001,buy,58550.0,142.842155
1782838800.0,buy,58596.0,233.196145
1782838800.001,sell,58361.0,233.196145
1782839700.0,buy,58460.0,49.75506
1782839700.001,sell,58341.0,49.75506
1782840600.0,buy,58442.0,138.146675
1782840600.001,sell,58309.0,138.146675
1782841500.0,sell,58282.0,177.402095
1782841500.001,buy,58406.0,177.402095
1782842400.0,sell,58335.0,160.56236
1782842400.001,buy,58480.0,160.56236
1782843300.0,sell,58410.0,221.42499
1782843300.001,buy,58673.0,221.42499
1782844200.0,buy,58531.0,92.945265
1782844200.001,sell,58365.0,92.945265
1782845100.0,sell,58439.0,205.178835
1782845100.001,buy,58667.0,205.178835
1782846000.0,buy,58700.0,245.56457
1782846000.001,sell,58567.0,245.56457
1782846900.0,sell,58561.0,69.823
1782846900.001,buy,58651.0,69.823
1782847800.0,sell,58631.0,109.449215
1782847800.001,buy,58787.0,109.449215
1782848700.0,sell,58665.0,125.150635
1782848700.001,buy,58815.0,125.150635
1782849600.0,sell,58717.0,179.99353
1782849600.001,buy,58857.0,179.99353
1782850500.0,buy,58842.0,196.454155
1782850500.001,sell,58662.0,196.454155
1782851400.0,buy,58710.0,85.45031
1782851400.001,sell,58611.0,85.45031
1782852300.0,sell,58621.0,121.435145
1782852300.001,buy,58770.0,121.435145
1782853200.0,buy,58742.0,88.730635
1782853200.001,sell,58526.0,88.730635
1782854100.0,sell,58474.0,82.095985
1782854100.001,buy,58612.0,82.095985
1782855000.0,buy,58635.0,43.995965
1782855000.001,sell,58554.0,43.995965
1782855900.0,sell,58509.0,53.59174
1782855900.001,buy,58627.0,53.59174
1782856800.0,sell,58611.0,51.70249
1782856800.001,buy,58718.0,51.70249
1782857700.0,buy,58765.0,38.889435
1782857700.001,sell,58619.0,38.889435
1782858600.0,buy,58627.0,57.760775
1782858600.001,sell,58479.0,57.760775
1782859500.0,sell,58523.0,29.841375
1782859500.001,buy,58600.0,29.841375
1782860400.0,buy,58618.0,94.340495
1782860400.001,sell,58510.0,94.340495
1782861300.0,sell,58551.0,75.58992
1782861300.001,buy,58633.0,75.58992
1782862200.0,buy,58613.0,43.217305
1782862200.001,sell,58537.0,43.217305
1782863100.0,sell,58561.0,26.51256
1782863100.001,buy,58640.0,26.51256
1782864000.0,sell,58584.0,157.363925
1782864000.001,buy,58729.0,157.363925
1782864900.0,buy,58660.0,397.79299
1782864900.001,sell,58275.0,397.79299
1782865800.0,sell,58360.0,62.8907
1782865800.001,buy,58543.0,62.8907
1782866700.0,sell,58438.0,60.827615
1782866700.001,buy,58588.0,60.827615
1782867600.0,buy,58559.0,1281.13247
1782867600.001,sell,57768.0,1281.13247
1782868500.0,sell,58005.0,645.664525
1782868500.001,buy,58379.0,645.664525
1782869400.0,sell,58310.0,734.422145
1782869400.001,buy,58963.0,734.422145
1782870300.0,buy,58975.0,335.18111
1782870300.001,sell,58684.0,335.18111
1782871200.0,sell,58627.0,171.122055
1782871200.001,buy,58824.0,171.122055
1782872100.0,sell,58747.0,178.614415
1782872100.001,buy,58985.0,178.614415
1782873000.0,sell,58885.0,306.76894
1782873000.001,buy,59144.0,306.76894
1782873900.0,buy,59150.0,229.7836
1782873900.001,sell,58985.0,229.7836
1782874800.0,buy,59092.0,129.972665
1782874800.001,sell,58962.0,129.972665
1782875700.0,buy,58974.0,175.587815
1782875700.001,sell,58851.0,175.587815
1782876600.0,sell,58821.0,242.86041
1782876600.001,buy,59135.0,242.86041
1782877500.0,sell,58901.0,352.45981
1782877500.001,buy,59293.0,352.45981
1782878400.0,buy,59172.0,373.611965
1782878400.001,sell,59039.0,373.611965
1782879300.0,sell,59070.0,244.34231
1782879300.001,buy,59258.0,244.34231
1782880200.0,sell,59167.0,206.279305
1782880200.001,buy,59342.0,206.279305
1782881100.0,buy,59433.0,199.8863
1782881100.001,sell,59272.0,199.8863
1782882000.0,buy,59353.0,101.79098
1782882000.001,sell,59217.0,101.79098
1782882900.0,buy,59326.0,127.44676
1782882900.001,sell,59130.0,127.44676
1782883800.0,sell,59095.0,202.067995
1782883800.001,buy,59173.0,202.067995
1782884700.0,buy,59186.0,52.25583
1782884700.001,sell,59101.0,52.25583
1782885600.0,buy,59128.0,236.310535
1782885600.001,sell,58871.0,236.310535
1782886500.0,buy,58939.0,342.422335
1782886500.001,sell,58657.0,342.422335
1782887400.0,buy,58816.0,302.16302
1782887400.001,sell,58507.0,302.16302
1782888300.0,sell,58593.0,193.71578
1782888300.001,buy,58746.0,193.71578
1782889200.0,buy,58770.0,159.174845
1782889200.001,sell,58568.0,159.174845
1782890100.0,sell,58616.0,151.753785
1782890100.001,buy,58807.0,151.753785
1782891000.0,buy,58727.0,167.86256
1782891000.001,sell,58605.0,167.86256
1782891900.0,sell,58640.0,101.6826
1782891900.001,buy,58785.0,101.6826
1782892800.0,buy,58792.0,129.570115
1782892800.001,sell,58632.0,129.570115
1782893700.0,buy,58687.0,252.285475
1782893700.001,sell,58571.0,252.285475
1782894600.0,sell,58468.0,355.516565
1782894600.001,buy,58719.0,355.516565
1782895500.0,sell,58675.0,272.719635
1782895500.001,buy,58969.0,272.719635
1782896400.0,buy,59070.0,216.479955
1782896400.001,sell,58873.0,216.479955
1782897300.0,buy,58980.0,118.719625
1782897300.001,sell,58854.0,118.719625
1782898200.0,buy,58928.0,50.562895
1782898200.001,sell,58819.0,50.562895
1782899100.0,sell,58828.0,67.86491
1782899100.001,buy,58950.0,67.86491
1782900000.0,buy,58925.0,80.09007
1782900000.001,sell,58725.0,80.09007
1782900900.0,buy,58770.0,144.13588
1782900900.001,sell,58635.0,144.13588
1782901800.0,buy,58728.0,100.24485
1782901800.001,sell,58590.0,100.24485
1782902700.0,sell,58590.0,42.425795
1782902700.001,buy,58669.0,42.425795
1782903600.0,sell,58556.0,156.714045
1782903600.001,buy,58722.0,156.714045
1782904500.0,buy,58731.0,76.30893
1782904500.001,sell,58651.0,76.30893
1782905400.0,buy,58716.0,122.244985
1782905400.001,sell,58603.0,122.244985
1782906300.0,buy,58670.0,160.413225
1782906300.001,sell,58524.0,160.413225
1782907200.0,buy,58651.0,320.717675
1782907200.001,sell,58375.0,320.717675
1782908100.0,sell,58417.0,137.52155
1782908100.001,buy,58570.0,137.52155
1782909000.0,buy,58562.0,253.767785
1782909000.001,sell,58347.0,253.767785
1782909900.0,sell,58306.0,256.831375
1782909900.001,buy,58505.0,256.831375
1782910800.0,sell,58501.0,290.12809
1782910800.001,buy,58734.0,290.12809
1782911700.0,sell,58633.0,323.693785
1782911700.001,buy,58883.0,323.693785
1782912600.0,sell,58570.0,653.97097
1782912600.001,buy,59043.0,653.97097
1782913500.0,sell,58925.0,1158.573605
1782913500.001,buy,59500.0,1158.573605
1782914400.0,sell,59255.0,888.86003
1782914400.001,buy,59948.0,888.86003
1782915300.0,buy,60063.0,875.045005
1782915300.001,sell,59750.0,875.045005
1782916200.0,buy,59775.0,754.475885
1782916200.001,sell,59510.0,754.475885
1782917100.0,buy,59737.0,299.64398
1782917100.001,sell,59399.0,299.64398
1782918000.0,sell,59512.0,776.960895
1782918000.001,buy,59969.0,776.960895
1782918900.0,sell,59826.0,1769.053565
1782918900.001,buy,60569.0,1769.053565
1782919800.0,buy,60371.0,366.077505
1782919800.001,sell,60133.0,366.077505
1782920700.0,buy,60235.0,234.327775
1782920700.001,sell,60064.0,234.327775
1782921600.0,buy,60208.0,192.68174
1782921600.001,sell,60054.0,192.68174
1782922500.0,sell,59929.0,284.60091
1782922500.001,buy,60239.0,284.60091
1782923400.0,buy,60150.0,100.89404
1782923400.001,sell,60006.0,100.89404
1782924300.0,buy,60078.0,188.760135
1782924300.001,sell,59843.0,188.760135
1782925200.0,buy,59912.0,271.37026
1782925200.001,sell,59764.0,271.37026
1782926100.0,sell,59883.0,284.568015
1782926100.001,buy,60194.0,284.568015
1782927000.0,sell,60068.0,225.20499
1782927000.001,buy,60221.0,225.20499
1782927900.0,sell,60132.0,125.78958
1782927900.001,buy,60212.0,125.78958
1782928800.0,buy,60198.0,219.43978
1782928800.001,sell,60000.0,219.43978
1782929700.0,sell,60024.0,125.35777
1782929700.001,buy,60177.0,125.35777
1782930600.0,sell,60058.0,158.514095
1782930600.001,buy,60233.0,158.514095
1782931500.0,buy,60288.0,180.301585
1782931500.001,sell,60053.0,180.301585
1782932400.0,sell,60151.0,130.85021
1782932400.001,buy,60287.0,130.85021
1782933300.0,buy,60340.0,294.033325
1782933300.001,sell,60083.0,294.033325
1782934200.0,sell,60124.0,213.98701
1782934200.001,buy,60258.0,213.98701
1782935100.0,buy,60190.0,239.1539
1782935100.001,sell,59975.0,239.1539
1782936000.0,buy,60036.0,343.595045
1782936000.001,sell,59880.0,343.595045
1782936900.0,buy,60004.0,156.821025
1782936900.001,sell,59853.0,156.821025
1782937800.0,sell,59939.0,103.37629
1782937800.001,buy,60060.0,103.37629
1782938700.0,sell,60015.0,199.21878
1782938700.001,buy,60187.0,199.21878
1782939600.0,sell,60110.0,294.187785
1782939600.001,buy,60458.0,294.187785
1782940500.0,sell,60319.0,486.211655
1782940500.001,buy,60598.0,486.211655
1782941400.0,sell,60514.0,570.21564
1782941400.001,buy,60824.0,570.21564
1782942300.0,sell,60765.0,217.5243
1782942300.001,buy,60825.0,217.5243
1782943200.0,sell,60770.0,143.192025
1782943200.001,buy,60813.0,143.192025
1782944100.0,buy,61357.0,975.11182
1782944100.001,sell,60538.0,975.11182
1782945000.0,buy,60682.0,201.610865
1782945000.001,sell,60443.0,201.610865
1782945900.0,buy,60500.0,292.9421
1782945900.001,sell,60350.0,292.9421
1782946800.0,buy,60465.0,173.00928
1782946800.001,sell,60216.0,173.00928
1782947700.0,buy,60358.0,129.816815
1782947700.001,sell,60189.0,129.816815
1782948600.0,buy,60260.0,176.81334
1782948600.001,sell,60027.0,176.81334
1782949500.0,buy,60147.0,223.04563
1782949500.001,sell,59965.0,223.04563
1782950400.0,buy,60013.0,424.26516
1782950400.001,sell,59880.0,424.26516
1782951300.0,buy,59948.0,192.572495
1782951300.001,sell,59711.0,192.572495
1782952200.0,buy,59761.0,251.211615
1782952200.001,sell,59561.0,251.211615
1782953100.0,sell,59599.0,177.08634
1782953100.001,buy,59834.0,177.08634
1782954000.0,sell,59703.0,227.849355
1782954000.001,buy,59930.0,227.849355
1782954900.0,sell,59826.0,270.710295
1782954900.001,buy,60009.0,270.710295
1782955800.0,sell,60006.0,297.66325
1782955800.001,buy,60306.0,297.66325
1782956700.0,buy,60308.0,172.393095
1782956700.001,sell,60067.0,172.393095
1782957600.0,buy,60181.0,50.136705
1782957600.001,sell,60010.0,50.136705
1782958500.0,sell,60130.0,227.74569
1782958500.001,buy,60258.0,227.74569
1782959400.0,sell,60169.0,106.894765
1782959400.001,buy,60400.0,106.894765
1782960300.0,sell,60317.0,129.08064
1782960300.001,buy,60490.0,129.08064
1782961200.0,sell,60388.0,155.431715
1782961200.001,buy,60471.0,155.431715
1782962100.0,sell,60284.0,432.274165
1782962100.001,buy,60711.0,432.274165
1782963000.0,sell,60474.0,329.063795
1782963000.001,buy,60813.0,329.063795
1782963900.0,sell,60733.0,440.25014
1782963900.001,buy,61152.0,440.25014
1782964800.0,buy,61068.0,206.047955
1782964800.001,sell,60868.0,206.047955
1782965700.0,buy,60981.0,156.8966
1782965700.001,sell,60799.0,156.8966
1782966600.0,buy,60861.0,120.07845
1782966600.001,sell,60731.0,120.07845
1782967500.0,sell,60741.0,76.59191
1782967500.001,buy,60894.0,76.59191
1782968400.0,sell,60658.0,102.035565
1782968400.001,buy,60867.0,102.035565
1782969300.0,buy,60876.0,34.593715
1782969300.001,sell,60736.0,34.593715
1782970200.0,buy,60880.0,224.446415
1782970200.001,sell,60592.0,224.446415
1782971100.0,buy,60646.0,296.24204
1782971100.001,sell,60476.0,296.24204
1782972000.0,buy,60513.0,91.54775
1782972000.001,sell,60396.0,91.54775
1782972900.0,sell,60386.0,91.757135
1782972900.001,buy,60551.0,91.757135
1782973800.0,sell,60465.0,159.789335
1782973800.001,buy,60661.0,159.789335
1782974700.0,buy,60531.0,343.421795
1782974700.001,sell,60245.0,343.421795
1782975600.0,buy,60293.0,172.54737
1782975600.001,sell,60195.0,172.54737
1782976500.0,buy,60260.0,139.56954
1782976500.001,sell,60156.0,139.56954
1782977400.0,buy,60209.0,105.43092
1782977400.001,sell,60104.0,105.43092
1782978300.0,sell,60102.0,184.9039
1782978300.001,buy,60227.0,184.9039
1782979200.0,sell,60135.0,200.22551
1782979200.001,buy,60369.0,200.22551
1782980100.0,sell,60317.0,127.86437
1782980100.001,buy,60400.0,127.86437
1782981000.0,sell,60331.0,105.064035
1782981000.001,buy,60516.0,105.064035
1782981900.0,sell,60408.0,96.06613
1782981900.001,buy,60551.0,96.06613
1782982800.0,buy,60520.0,91.90569
1782982800.001,sell,60371.0,91.90569
1782983700.0,sell,60430.0,57.946965
1782983700.001,buy,60625.0,57.946965
1782984600.0,sell,60609.0,589.908555
1782984600.001,buy,61192.0,589.908555
1782985500.0,sell,60860.0,866.511095
1782985500.001,buy,61465.0,866.511095
1782986400.0,sell,61048.0,310.06424
1782986400.001,buy,61236.0,310.06424
1782987300.0,buy,61298.0,170.542945
1782987300.001,sell,61093.0,170.542945
1782988200.0,buy,61354.0,129.849795
1782988200.001,sell,61203.0,129.849795
1782989100.0,sell,61146.0,94.792265
1782989100.001,buy,61338.0,94.792265
1782990000.0,sell,61210.0,160.93851
1782990000.001,buy,61373.0,160.93851
1782990900.0,sell,61257.0,103.622765
1782990900.001,buy,61350.0,103.622765
1782991800.0,sell,61258.0,173.66955
1782991800.001,buy,61349.0,173.66955
1782992700.0,sell,61126.0,182.484965
1782992700.001,buy,61391.0,182.484965
1782993600.0,sell,61275.0,192.165395
1782993600.001,buy,61373.0,192.165395
1782994500.0,buy,61430.0,370.64113
1782994500.001,sell,61166.0,370.64113
1782995400.0,sell,61205.0,559.22182
1782995400.001,buy,61575.0,559.22182
1782996300.0,sell,61360.0,343.824685
1782996300.001,buy,61600.0,343.824685
1782997200.0,sell,61500.0,316.782705
1782997200.001,buy,61730.0,316.782705
1782998100.0,buy,61967.0,840.197655
1782998100.001,sell,61648.0,840.197655
1782999000.0,sell,61530.0,1042.749095
1782999000.001,buy,62043.0,1042.749095
1782999900.0,buy,62038.0,803.61788
1782999900.001,sell,61808.0,803.61788
1783000800.0,sell,61831.0,1450.17776
1783000800.001,buy,62200.0,1450.17776
1783001700.0,buy,62224.0,1536.19903
1783001700.001,sell,61571.0,1536.19903
1783002600.0,buy,61791.0,444.79914
1783002600.001,sell,61381.0,444.79914
1783003500.0,sell,61414.0,241.673095
1783003500.001,buy,61731.0,241.673095
1783004400.0,buy,61722.0,357.11895
1783004400.001,sell,61404.0,357.11895
1783005300.0,sell,61476.0,200.754625
1783005300.001,buy,61830.0,200.754625
1783006200.0,buy,61818.0,161.648575
1783006200.001,sell,61535.0,161.648575
1783007100.0,buy,61733.0,131.47105
1783007100.001,sell,61517.0,131.47105
1783008000.0,sell,61495.0,94.14732
1783008000.001,buy,61734.0,94.14732
1783008900.0,buy,61684.0,466.62957
1783008900.001,sell,61131.0,466.62957
1783009800.0,sell,61180.0,265.608455
1783009800.001,buy,61441.0,265.608455
1783010700.0,sell,61419.0,1043.124115
1783010700.001,buy,61806.0,1043.124115
1783011600.0,sell,61627.0,141.665355
1783011600.001,buy,61830.0,141.665355
1783012500.0,sell,61761.0,246.909705
1783012500.001,buy,61947.0,246.909705
1783013400.0,buy,61886.0,220.94635
1783013400.001,sell,61650.0,220.94635
1783014300.0,buy,61810.0,94.647715
1783014300.001,sell,61646.0,94.647715
1783015200.0,sell,61663.0,83.387935
1783015200.001,buy,61855.0,83.387935
1783016100.0,sell,61743.0,89.964025
1783016100.001,buy,61867.0,89.964025
1783017000.0,buy,61868.0,39.95792
1783017000.001,sell,61772.0,39.95792
1783017900.0,buy,61865.0,227.188755
1783017900.001,sell,61694.0,227.188755
1783018800.0,buy,61764.0,71.826755
1783018800.001,sell,61601.0,71.826755
1783019700.0,buy,61659.0,173.881745
1783019700.001,sell,61506.0,173.881745
1783020600.0,buy,61643.0,67.48624
1783020600.001,sell,61533.0,67.48624
1783021500.0,buy,61704.0,402.69226
1783021500.001,sell,61423.0,402.69226
1783022400.0,buy,61546.0,209.67089
1783022400.001,sell,61402.0,209.67089
1783023300.0,buy,61524.0,99.85262
1783023300.001,sell,61408.0,99.85262
1783024200.0,buy,61444.0,87.34212
1783024200.001,sell,61354.0,87.34212
1783025100.0,sell,61377.0,166.219185
1783025100.001,buy,61617.0,166.219185
1783026000.0,buy,61679.0,140.1223
1783026000.001,sell,61537.0,140.1223
1783026900.0,sell,61543.0,82.0332
1783026900.001,buy,61569.0,82.0332
1783027800.0,buy,61581.0,81.712065
1783027800.001,sell,61538.0,81.712065
1783028700.0,sell,61527.0,130.8013
1783028700.001,buy,61633.0,130.8013
1783029600.0,buy,61612.0,71.18482
1783029600.001,sell,61540.0,71.18482
1783030500.0,buy,61575.0,59.754265
1783030500.001,sell,61535.0,59.754265
1783031400.0,buy,61558.0,27.37906
1783031400.001,sell,61530.0,27.37906
1783032300.0,buy,61565.0,150.9116
1783032300.001,sell,61410.0,150.9116
1783033200.0,buy,61479.0,298.452065
1783033200.001,sell,61358.0,298.452065
1783034100.0,sell,61357.0,287.812545
1783034100.001,buy,61561.0,287.812545
1783035000.0,buy,61636.0,178.754525
1783035000.001,sell,61468.0,178.754525
1783035900.0,sell,61494.0,37.27687
1783035900.001,buy,61628.0,37.27687
1783036800.0,buy,61602.0,98.931195
1783036800.001,sell,61409.0,98.931195
1783037700.0,buy,61473.0,47.512455
1783037700.001,sell,61319.0,47.512455
1783038600.0,sell,61264.0,121.548655
1783038600.001,buy,61387.0,121.548655
1783039500.0,buy,61432.0,64.9794
1783039500.001,sell,61325.0,64.9794
1783040400.0,sell,61306.0,89.67884
1783040400.001,buy,61746.0,89.67884
1783041300.0,buy,61681.0,89.49374
1783041300.001,sell,61532.0,89.49374
1783042200.0,sell,61554.0,44.760875
1783042200.001,buy,61762.0,44.760875
1783043100.0,buy,61703.0,69.525675
1783043100.001,sell,61614.0,69.525675
1783044000.0,buy,61697.0,73.805325
1783044000.001,sell,61544.0,73.805325
1783044900.0,buy,61609.0,56.531935
1783044900.001,sell,61420.0,56.531935
1783045800.0,buy,61493.0,409.76648
1783045800.001,sell,61300.0,409.76648
1783046700.0,sell,61314.0,122.604475
1783046700.001,buy,61483.0,122.604475
1783047600.0,buy,61483.0,35.659945
1783047600.001,sell,61345.0,35.659945
1783048500.0,sell,61348.0,63.012635
1783048500.001,buy,61598.0,63.012635
1783049400.0,buy,61570.0,130.254185
1783049400.001,sell,61396.0,130.254185
1783050300.0,sell,61377.0,57.670775
1783050300.001,buy,61477.0,57.670775
1783051200.0,buy,61484.0,41.753165
1783051200.001,sell,61356.0,41.753165
1783052100.0,sell,61353.0,100.548795
1783052100.001,buy,61453.0,100.548795
1783053000.0,sell,61423.0,258.146175
1783053000.001,buy,61563.0,258.146175
1783053900.0,buy,61548.0,199.546095
1783053900.001,sell,61379.0,199.546095
1783054800.0,sell,61442.0,144.364995
1783054800.001,buy,61582.0,144.364995
1783055700.0,sell,61540.0,135.063035
1783055700.001,buy,61715.0,135.063035
1783056600.0,sell,61653.0,285.007075
1783056600.001,buy,61840.0,285.007075
1783057500.0,buy,61781.0,95.982735
1783057500.001,sell,61674.0,95.982735
1783058400.0,sell,61719.0,108.66751
1783058400.001,buy,61894.0,108.66751
1783059300.0,buy,61854.0,40.43616
1783059300.001,sell,61718.0,40.43616
1783060200.0,buy,61812.0,155.515165
1783060200.001,sell,61629.0,155.515165
1783061100.0,sell,61669.0,161.87953
1783061100.001,buy,61820.0,161.87953
1783062000.0,sell,61702.0,130.163655
1783062000.001,buy,61838.0,130.163655
1783062900.0,sell,61741.0,65.226055
1783062900.001,buy,61799.0,65.226055
1783063800.0,sell,61790.0,116.52101
1783063800.001,buy,61877.0,116.52101
1783064700.0,buy,61911.0,158.40946
1783064700.001,sell,61784.0,158.40946
1783065600.0,buy,61860.0,138.905145
1783065600.001,sell,61769.0,138.905145
1783066500.0,sell,61751.0,130.957505
1783066500.001,buy,61874.0,130.957505
1783067400.0,sell,61758.0,91.41835
1783067400.001,buy,61951.0,91.41835
1783068300.0,buy,61902.0,265.3568
1783068300.001,sell,61563.0,265.3568
1783069200.0,sell,61531.0,187.74023
1783069200.001,buy,61750.0,187.74023
1783070100.0,buy,61774.0,101.35428
1783070100.001,sell,61671.0,101.35428
1783071000.0,buy,61709.0,166.50192
1783071000.001,sell,61566.0,166.50192
1783071900.0,sell,61678.0,88.781085
1783071900.001,buy,61800.0,88.781085
1783072800.0,sell,61696.0,74.013165
1783072800.001,buy,61793.0,74.013165
1783073700.0,sell,61693.0,40.9347
1783073700.001,buy,61785.0,40.9347
1783074600.0,sell,61753.0,241.182895
1783074600.001,buy,62105.0,241.182895
1783075500.0,buy,62068.0,261.02022
1783075500.001,sell,61910.0,261.02022
1783076400.0,sell,61870.0,213.324905
1783076400.001,buy,62096.0,213.324905
1783077300.0,buy,62115.0,52.285955
1783077300.001,sell,61963.0,52.285955
1783078200.0,buy,62047.0,146.83526
1783078200.001,sell,61899.0,146.83526
1783079100.0,sell,61902.0,162.50697
1783079100.001,buy,62127.0,162.50697
1783080000.0,sell,62028.0,252.54099
1783080000.001,buy,62197.0,252.54099
1783080900.0,buy,62173.0,136.310745
1783080900.001,sell,61927.0,136.310745
1783081800.0,buy,61990.0,139.35591
1783081800.001,sell,61886.0,139.35591
1783082700.0,sell,61941.0,59.499865
1783082700.001,buy,62019.0,59.499865
1783083600.0,sell,61963.0,95.39492
1783083600.001,buy,62088.0,95.39492
1783084500.0,sell,62021.0,60.40336
1783084500.001,buy,62145.0,60.40336
1783085400.0,sell,62034.0,150.664415
1783085400.001,buy,62200.0,150.664415
1783086300.0,buy,62279.0,135.9213
1783086300.001,sell,62063.0,135.9213
1783087200.0,buy,62126.0,411.451275
1783087200.001,sell,61708.0,411.451275
1783088100.0,sell,61740.0,205.97963
1783088100.001,buy,61933.0,205.97963
1783089000.0,sell,61858.0,180.16242
1783089000.001,buy,62083.0,180.16242
1783089900.0,sell,62040.0,182.44265
1783089900.001,buy,62288.0,182.44265
1783090800.0,sell,62171.0,229.67945
1783090800.001,buy,62400.0,229.67945
1783091700.0,buy,62239.0,144.12407
1783091700.001,sell,62000.0,144.12407
1783092600.0,buy,62117.0,190.13007
1783092600.001,sell,61829.0,190.13007
1783093500.0,sell,61832.0,84.90928
1783093500.001,buy,61976.0,84.90928
1783094400.0,sell,61915.0,77.685535
1783094400.001,buy,61995.0,77.685535
1783095300.0,sell,61937.0,94.78018
1783095300.001,buy,62120.0,94.78018
1783096200.0,buy,62132.0,33.29754
1783096200.001,sell,61990.0,33.29754
1783097100.0,sell,62023.0,33.02396
1783097100.001,buy,62133.0,33.02396
1783098000.0,sell,62079.0,102.511885
1783098000.001,buy,62301.0,102.511885
1783098900.0,sell,62124.0,95.43809
1783098900.001,buy,62254.0,95.43809
1783099800.0,sell,62175.0,68.398385
1783099800.001,buy,62282.0,68.398385
1783100700.0,buy,62249.0,71.2052
1783100700.001,sell,62170.0,71.2052
1783101600.0,buy,62215.0,31.55429
1783101600.001,sell,62122.0,31.55429
1783102500.0,sell,62138.0,26.509485
1783102500.001,buy,62208.0,26.509485
1783103400.0,sell,62181.0,123.47052
1783103400.001,buy,62245.0,123.47052
1783104300.0,buy,62252.0,19.620505
1783104300.001,sell,62201.0,19.620505
1783105200.0,buy,62260.0,96.36975
1783105200.001,sell,62154.0,96.36975
1783106100.0,sell,62184.0,75.458405
1783106100.001,buy,62291.0,75.458405
1783107000.0,sell,62160.0,126.186765
1783107000.001,buy,62320.0,126.186765
1783107900.0,buy,62260.0,47.71741
1783107900.001,sell,62195.0,47.71741
1783108800.0,sell,62190.0,239.85473
1783108800.001,buy,62490.0,239.85473
1783109700.0,sell,62389.0,552.676505
1783109700.001,buy,62680.0,552.676505
1783110600.0,sell,62604.0,678.054875
1783110600.001,buy,62914.0,678.054875
1783111500.0,sell,62679.0,270.984905
1783111500.001,buy,62871.0,270.984905
1783112400.0,buy,62949.0,154.758535
1783112400.001,sell,62726.0,154.758535
1783113300.0,buy,62797.0,255.25719
1783113300.001,sell,62608.0,255.25719
1783114200.0,buy,62643.0,547.395375
1783114200.001,sell,62505.0,547.395375
1783115100.0,sell,62607.0,173.106805
1783115100.001,buy,62825.0,173.106805
1783116000.0,buy,62753.0,516.016775
1783116000.001,sell,62576.0,516.016775
1783116900.0,buy,62707.0,196.96757
1783116900.001,sell,62622.0,196.96757
1783117800.0,buy,62624.0,271.380045
1783117800.001,sell,62524.0,271.380045
1783118700.0,buy,62649.0,88.113455
1783118700.001,sell,62556.0,88.113455
1783119600.0,buy,62586.0,57.04001
1783119600.001,sell,62522.0,57.04001
1783120500.0,sell,62554.0,161.94691
1783120500.001,buy,62652.0,161.94691
1783121400.0,sell,62609.0,87.02811
1783121400.001,buy,62677.0,87.02811
1783122300.0,buy,62664.0,58.0635
1783122300.001,sell,62532.0,58.0635
1783123200.0,sell,62574.0,808.218325
1783123200.001,buy,62939.0,808.218325
1783124100.0,buy,62841.0,66.35669
1783124100.001,sell,62739.0,66.35669
1783125000.0,buy,62799.0,65.522235
1783125000.001,sell,62681.0,65.522235
1783125900.0,sell,62706.0,106.518985
1783125900.001,buy,62807.0,106.518985
1783126800.0,buy,62758.0,224.433015
1783126800.001,sell,62461.0,224.433015
1783127700.0,buy,62579.0,223.863515
1783127700.001,sell,62388.0,223.863515
1783128600.0,buy,62527.0,139.7008
1783128600.001,sell,62409.0,139.7008
1783129500.0,sell,62407.0,43.814615
1783129500.001,buy,62482.0,43.814615
1783130400.0,sell,62454.0,89.016795
1783130400.001,buy,62551.0,89.016795
1783131300.0,buy,62521.0,35.102915
1783131300.001,sell,62445.0,35.102915
1783132200.0,sell,62414.0,40.028465
1783132200.001,buy,62489.0,40.028465
1783133100.0,sell,62464.0,72.708135
1783133100.001,buy,62570.0,72.708135
1783134000.0,sell,62466.0,79.408675
1783134000.001,buy,62579.0,79.408675
1783134900.0,buy,62578.0,84.880815
1783134900.001,sell,62533.0,84.880815
1783135800.0,sell,62504.0,69.18546
1783135800.001,buy,62730.0,69.18546
1783136700.0,buy,62707.0,21.329965
1783136700.001,sell,62618.0,21.329965
1783137600.0,sell,62588.0,40.5149
1783137600.001,buy,62707.0,40.5149
1783138500.0,sell,62585.0,38.7956
1783138500.001,buy,62711.0,38.7956
1783139400.0,sell,62651.0,55.710625
1783139400.001,buy,62743.0,55.710625
1783140300.0,sell,62634.0,46.95721
1783140300.001,buy,62730.0,46.95721
1783141200.0,buy,62684.0,62.38955
1783141200.001,sell,62570.0,62.38955
1783142100.0,buy,62574.0,57.6416
1783142100.001,sell,62468.0,57.6416
1783143000.0,sell,62502.0,46.337635
1783143000.001,buy,62569.0,46.337635
1783143900.0,buy,62599.0,101.437805
1783143900.001,sell,62433.0,101.437805
1783144800.0,buy,62555.0,43.084765
1783144800.001,sell,62425.0,43.084765
1783145700.0,buy,62444.0,233.52213
1783145700.001,sell,62319.0,233.52213
1783146600.0,sell,62406.0,123.82436
1783146600.001,buy,62523.0,123.82436
1783147500.0,sell,62450.0,46.087985
1783147500.001,buy,62519.0,46.087985
1783148400.0,sell,62452.0,22.54255
1783148400.001,buy,62546.0,22.54255
1783149300.0,sell,62512.0,82.962385
1783149300.001,buy,62621.0,82.962385
1783150200.0,buy,62555.0,74.975555
1783150200.001,sell,62471.0,74.975555
1783151100.0,sell,62488.0,36.10656
1783151100.001,buy,62588.0,36.10656
1783152000.0,buy,62577.0,75.713705
1783152000.001,sell,62498.0,75.713705
1783152900.0,sell,62515.0,21.63706
1783152900.001,buy,62569.0,21.63706
1783153800.0,sell,62534.0,83.82202
1783153800.001,buy,62668.0,83.82202
1783154700.0,buy,62651.0,29.63076
1783154700.001,sell,62552.0,29.63076
1783155600.0,buy,62577.0,122.85651
1783155600.001,sell,62438.0,122.85651
1783156500.0,buy,62504.0,129.29613
1783156500.001,sell,62442.0,129.29613
1783157400.0,buy,62467.0,17.58825
1783157400.001,sell,62401.0,17.58825
1783158300.0,sell,62436.0,13.38058
1783158300.001,buy,62497.0,13.38058
1783159200.0,buy,62484.0,12.26897
1783159200.001,sell,62434.0,12.26897
1783160100.0,sell,62450.0,23.06138
1783160100.001,buy,62513.0,23.06138
1783161000.0,buy,62485.0,29.63866
1783161000.001,sell,62460.0,29.63866
1783161900.0,sell,62464.0,34.076845
1783161900.001,buy,62534.0,34.076845
1783162800.0,sell,62462.0,18.52099
1783162800.001,buy,62509.0,18.52099
1783163700.0,buy,62534.0,52.842985
1783163700.001,sell,62459.0,52.842985
1783164600.0,sell,62474.0,26.19927
1783164600.001,buy,62541.0,26.19927
1783165500.0,buy,62492.0,10.87983
1783165500.001,sell,62463.0,10.87983
1783166400.0,sell,62472.0,21.92498
1783166400.001,buy,62566.0,21.92498
1783167300.0,sell,62525.0,39.657505
1783167300.001,buy,62599.0,39.657505
1783168200.0,sell,62568.0,36.017565
1783168200.001,buy,62630.0,36.017565
1783169100.0,sell,62576.0,27.02085
1783169100.001,buy,62681.0,27.02085
1783170000.0,buy,62649.0,18.496775
1783170000.001,sell,62582.0,18.496775
1783170900.0,sell,62597.0,89.82709
1783170900.001,buy,62772.0,89.82709
1783171800.0,buy,62645.0,51.893465
1783171800.001,sell,62550.0,51.893465
1783172700.0,sell,62533.0,44.50952
1783172700.001,buy,62579.0,44.50952
1783173600.0,sell,62578.0,38.116315
1783173600.001,buy,62679.0,38.116315
1783174500.0,sell,62622.0,17.77461
1783174500.001,buy,62719.0,17.77461
1783175400.0,sell,62612.0,16.70934
1783175400.001,buy,62680.0,16.70934
1783176300.0,sell,62643.0,18.28184
1783176300.001,buy,62706.0,18.28184
1783177200.0,sell,62687.0,359.257535
1783177200.001,buy,63051.0,359.257535
1783178100.0,sell,62750.0,102.917235
1783178100.001,buy,62922.0,102.917235
1783179000.0,buy,62984.0,102.064675
1783179000.001,sell,62842.0,102.064675
1783179900.0,sell,62854.0,130.17585
1783179900.001,buy,63000.0,130.17585
1783180800.0,buy,62950.0,94.60523
1783180800.001,sell,62773.0,94.60523
1783181700.0,sell,62772.0,33.34727
1783181700.001,buy,62853.0,33.34727
1783182600.0,sell,62852.0,128.31143
1783182600.001,buy,62935.0,128.31143
1783183500.0,sell,62855.0,100.372855
1783183500.001,buy,62954.0,100.372855
1783184400.0,buy,62947.0,103.299555
1783184400.001,sell,62800.0,103.299555
1783185300.0,sell,62840.0,114.37193
1783185300.001,buy,62983.0,114.37193
1783186200.0,sell,62982.0,419.02641
1783186200.001,buy,63187.0,419.02641
1783187100.0,sell,63150.0,625.69337
1783187100.001,buy,63419.0,625.69337
1783188000.0,sell,63179.0,366.74941
1783188000.001,buy,63342.0,366.74941
1783188900.0,buy,63342.0,173.66363
1783188900.001,sell,63128.0,173.66363
1783189800.0,buy,63165.0,166.858545
1783189800.001,sell,63094.0,166.858545
1783190700.0,sell,63100.0,78.439245
1783190700.001,buy,63177.0,78.439245
1783191600.0,sell,63111.0,277.69631
1783191600.001,buy,63249.0,277.69631
1783192500.0,sell,63170.0,168.96899
1783192500.001,buy,63374.0,168.96899
1783193400.0,sell,63272.0,345.788905
1783193400.001,buy,63460.0,345.788905
1783194300.0,buy,63364.0,121.03988
1783194300.001,sell,63282.0,121.03988
1783195200.0,sell,63282.0,240.088755
1783195200.001,buy,63387.0,240.088755
1783196100.0,buy,63337.0,201.34561
1783196100.001,sell,63143.0,201.34561
1783197000.0,sell,63149.0,352.561595
1783197000.001,buy,63318.0,352.561595
1783197900.0,buy,63330.0,228.261795
1783197900.001,sell,63210.0,228.261795
1783198800.0,sell,63196.0,299.365615
1783198800.001,buy,63378.0,299.365615
1783199700.0,sell,63352.0,126.684415
1783199700.001,buy,63456.0,126.684415
1783200600.0,buy,63460.0,263.845415
1783200600.001,sell,63284.0,263.845415
1783201500.0,sell,63267.0,87.35564
1783201500.001,buy,63334.0,87.35564
1783202400.0,buy,63311.0,168.34538
1783202400.001,sell,63200.0,168.34538
1783203300.0,buy,63300.0,108.91196
1783203300.001,sell,63187.0,108.91196
1783204200.0,sell,63178.0,35.632795
1783204200.001,buy,63237.0,35.632795
1783205100.0,buy,63227.0,43.993815
1783205100.001,sell,63157.0,43.993815
1783206000.0,buy,63236.0,263.124545
1783206000.001,sell,62974.0,263.124545
1783206900.0,sell,62923.0,159.82436
1783206900.001,buy,63096.0,159.82436
1783207800.0,sell,63095.0,182.069315
1783207800.001,buy,63232.0,182.069315
1783208700.0,buy,63243.0,210.838285
1783208700.001,sell,63127.0,210.838285
1783209600.0,buy,63128.0,55.91552
1783209600.001,sell,63009.0,55.91552
1783210500.0,buy,63048.0,95.667655
1783210500.001,sell,62970.0,95.667655
1783211400.0,sell,62990.0,121.579185
1783211400.001,buy,63121.0,121.579185
1783212300.0,buy,63105.0,153.689355
1783212300.001,sell,62897.0,153.689355
1783213200.0,buy,63039.0,70.00567
1783213200.001,sell,62918.0,70.00567
1783214100.0,buy,62985.0,143.47975
1783214100.001,sell,62832.0,143.47975
1783215000.0,buy,62933.0,140.267825
1783215000.001,sell,62794.0,140.267825
1783215900.0,sell,62827.0,43.065575
1783215900.001,buy,62910.0,43.065575
1783216800.0,buy,62926.0,124.498415
1783216800.001,sell,62727.0,124.498415
1783217700.0,sell,62637.0,254.52895
1783217700.001,buy,62773.0,254.52895
1783218600.0,buy,62788.0,46.813765
1783218600.001,sell,62640.0,46.813765
1783219500.0,sell,62589.0,127.059315
1783219500.001,buy,62688.0,127.059315
1783220400.0,sell,62686.0,32.295235
1783220400.001,buy,62779.0,32.295235
1783221300.0,buy,62769.0,21.26689
1783221300.001,sell,62646.0,21.26689
1783222200.0,sell,62655.0,81.05528
1783222200.001,buy,62766.0,81.05528
1783223100.0,sell,62718.0,78.09759
1783223100.001,buy,62790.0,78.09759
1783224000.0,sell,62705.0,101.2543
1783224000.001,buy,62824.0,101.2543
1783224900.0,sell,62793.0,37.27878
1783224900.001,buy,62877.0,37.27878
1783225800.0,sell,62864.0,98.362385
1783225800.001,buy,62961.0,98.362385
1783226700.0,buy,62951.0,104.674605
1783226700.001,sell,62819.0,104.674605
1783227600.0,buy,62823.0,118.734395
1783227600.001,sell,62722.0,118.734395
1783228500.0,sell,62735.0,27.864335
1783228500.001,buy,62779.0,27.864335
1783229400.0,buy,62805.0,64.159445
1783229400.001,sell,62640.0,64.159445
1783230300.0,sell,62655.0,22.712315
1783230300.001,buy,62757.0,22.712315
1783231200.0,buy,62737.0,44.13467
1783231200.001,sell,62659.0,44.13467
1783232100.0,sell,62704.0,18.217675
1783232100.001,buy,62790.0,18.217675
1783233000.0,buy,62818.0,19.760345
1783233000.001,sell,62739.0,19.760345
1783233900.0,sell,62734.0,15.35745
1783233900.001,buy,62789.0,15.35745
1783234800.0,buy,62786.0,13.45703
1783234800.001,sell,62750.0,13.45703
1783235700.0,buy,62817.0,39.570545
1783235700.001,sell,62716.0,39.570545
1783236600.0,sell,62747.0,200.33456
1783236600.001,buy,62941.0,200.33456
1783237500.0,sell,62900.0,58.721005
1783237500.001,buy,63063.0,58.721005
1783238400.0,buy,63100.0,58.613325
1783238400.001,sell,62950.0,58.613325
1783239300.0,buy,63047.0,13.914955
1783239300.001,sell,62913.0,13.914955
1783240200.0,buy,62987.0,46.34214
1783240200.001,sell,62911.0,46.34214
1783241100.0,buy,62978.0,58.65373
1783241100.001,sell,62885.0,58.65373
1783242000.0,buy,62923.0,18.983815
1783242000.001,sell,62865.0,18.983815
1783242900.0,buy,62869.0,146.69492
1783242900.001,sell,62710.0,146.69492
1783243800.0,buy,62762.0,225.14695
1783243800.001,sell,62434.0,225.14695
1783244700.0,sell,62500.0,127.056435
1783244700.001,buy,62631.0,127.056435
1783245600.0,sell,62540.0,71.98746
1783245600.001,buy,62727.0,71.98746
1783246500.0,sell,62641.0,27.42607
1783246500.001,buy,62735.0,27.42607
1783247400.0,buy,62731.0,29.384035
1783247400.001,sell,62664.0,29.384035
1783248300.0,sell,62683.0,29.43342
1783248300.001,buy,62759.0,29.43342
1783249200.0,buy,62810.0,49.849135
1783249200.001,sell,62672.0,49.849135
1783250100.0,buy,62697.0,30.98931
1783250100.001,sell,62603.0,30.98931
1783251000.0,sell,62610.0,64.94272
1783251000.001,buy,62723.0,64.94272
1783251900.0,buy,62727.0,18.860945
1783251900.001,sell,62637.0,18.860945
1783252800.0,buy,62650.0,100.078115
1783252800.001,sell,62550.0,100.078115
1783253700.0,sell,62611.0,117.074475
1783253700.001,buy,62762.0,117.074475
1783254600.0,buy,62775.0,134.810645
1783254600.001,sell,62657.0,134.810645
1783255500.0,sell,62712.0,9.47755
1783255500.001,buy,62750.0,9.47755
1783256400.0,buy,62825.0,40.906455
1783256400.001,sell,62703.0,40.906455
1783257300.0,buy,62769.0,102.739135
1783257300.001,sell,62643.0,102.739135
1783258200.0,sell,62677.0,163.120785
1783258200.001,buy,62766.0,163.120785
1783259100.0,sell,62752.0,64.718695
1783259100.001,buy,62828.0,64.718695
1783260000.0,buy,62826.0,120.07904
1783260000.001,sell,62717.0,120.07904
1783260900.0,buy,62743.0,64.64117
1783260900.001,sell,62663.0,64.64117
1783261800.0,sell,62650.0,71.783025
1783261800.001,buy,62787.0,71.783025
1783262700.0,sell,62717.0,72.826015
1783262700.001,buy,62819.0,72.826015
1783263600.0,sell,62801.0,75.9761
1783263600.001,buy,62953.0,75.9761
1783264500.0,buy,62831.0,46.18362
1783264500.001,sell,62750.0,46.18362
1783265400.0,buy,62897.0,178.38581
1783265400.001,sell,62694.0,178.38581
1783266300.0,sell,62680.0,49.465725
1783266300.001,buy,62759.0,49.465725
1783267200.0,buy,62760.0,23.845555
1783267200.001,sell,62700.0,23.845555
1783268100.0,buy,62719.0,82.211145
1783268100.001,sell,62605.0,82.211145
1783269000.0,sell,62613.0,33.265185
1783269000.001,buy,62657.0,33.265185
1783269900.0,sell,62600.0,94.46245
1783269900.001,buy,62661.0,94.46245
1783270800.0,sell,62636.0,25.73355
1783270800.001,buy,62741.0,25.73355
1783271700.0,buy,62822.0,41.29892
1783271700.001,sell,62679.0,41.29892
1783272600.0,buy,62712.0,84.8734
1783272600.001,sell,62601.0,84.8734
1783273500.0,sell,62600.0,30.242865
1783273500.001,buy,62669.0,30.242865
1783274400.0,sell,62612.0,35.573715
1783274400.001,buy,62689.0,35.573715
1783275300.0,sell,62654.0,33.00373
1783275300.001,buy,62718.0,33.00373
1783276200.0,sell,62682.0,87.72804
1783276200.001,buy,62766.0,87.72804
1783277100.0,sell,62731.0,157.576925
1783277100.001,buy,62879.0,157.576925
1783278000.0,sell,62779.0,70.11811
1783278000.001,buy,62868.0,70.11811
1783278900.0,buy,62879.0,99.31892
1783278900.001,sell,62726.0,99.31892
1783279800.0,sell,62758.0,72.139125
1783279800.001,buy,62833.0,72.139125
1783280700.0,buy,62833.0,23.69305
1783280700.001,sell,62757.0,23.69305
1783281600.0,sell,62764.0,22.642825
1783281600.001,buy,62838.0,22.642825
1783282500.0,buy,62823.0,90.83918
1783282500.001,sell,62692.0,90.83918
1783283400.0,sell,62691.0,33.977505
1783283400.001,buy,62739.0,33.977505
1783284300.0,sell,62726.0,26.176465
1783284300.001,buy,62753.0,26.176465
1783285200.0,buy,62750.0,240.20807
1783285200.001,sell,62592.0,240.20807
1783286100.0,sell,62711.0,354.500955
1783286100.001,buy,62939.0,354.500955
1783287000.0,sell,62887.0,109.66324
1783287000.001,buy,63050.0,109.66324
1783287900.0,sell,62946.0,272.710585
1783287900.001,buy,63233.0,272.710585
1783288800.0,sell,63008.0,187.964615
1783288800.001,buy,63232.0,187.964615
1783289700.0,sell,63201.0,604.62931
1783289700.001,buy,63744.0,604.62931
1783290600.0,buy,63941.0,371.914505
1783290600.001,sell,63537.0,371.914505
1783291500.0,sell,63556.0,207.76814
1783291500.001,buy,63738.0,207.76814
1783292400.0,sell,63700.0,239.189695
1783292400.001,buy,63974.0,239.189695
1783293300.0,buy,63997.0,249.69171
1783293300.001,sell,63666.0,249.69171
1783294200.0,sell,63621.0,140.980475
1783294200.001,buy,63718.0,140.980475
1783295100.0,buy,63687.0,91.91636
1783295100.001,sell,63558.0,91.91636
1783296000.0,buy,63696.0,206.72687
1783296000.001,sell,63461.0,206.72687
1783296900.0,buy,63695.0,315.234235
1783296900.001,sell,63394.0,315.234235
1783297800.0,sell,63323.0,286.125945
1783297800.001,buy,63630.0,286.125945
1783298700.0,sell,63593.0,142.711995
1783298700.001,buy,63761.0,142.711995
1783299600.0,sell,63685.0,133.122775
1783299600.001,buy,63860.0,133.122775
1783300500.0,buy,63843.0,94.663625
1783300500.001,sell,63603.0,94.663625
1783301400.0,sell,63679.0,248.661695
1783301400.001,buy,63919.0,248.661695
1783302300.0,buy,63726.0,128.5645
1783302300.001,sell,63543.0,128.5645
1783303200.0,buy,63663.0,131.88545
1783303200.001,sell,63412.0,131.88545
1783304100.0,sell,63430.0,113.852335
1783304100.001,buy,63654.0,113.852335
1783305000.0,buy,63626.0,200.364435
1783305000.001,sell,63386.0,200.364435
1783305900.0,sell,63371.0,53.938415
1783305900.001,buy,63489.0,53.938415
1783306800.0,buy,63491.0,17.76152
1783306800.001,sell,63400.0,17.76152
1783307700.0,buy,63423.0,266.511915
1783307700.001,sell,63198.0,266.511915
1783308600.0,buy,63316.0,117.49858
1783308600.001,sell,63123.0,117.49858
1783309500.0,sell,63180.0,37.82206
1783309500.001,buy,63292.0,37.82206
1783310400.0,sell,63229.0,69.95256
1783310400.001,buy,63381.0,69.95256
1783311300.0,buy,63354.0,25.1913
1783311300.001,sell,63176.0,25.1913
1783312200.0,sell,63197.0,87.947995
1783312200.001,buy,63390.0,87.947995
1783313100.0,buy,63352.0,79.36738
1783313100.001,sell,63225.0,79.36738
1783314000.0,buy,63267.0,43.065615
1783314000.001,sell,63149.0,43.065615
1783314900.0,buy,63233.0,139.04987
1783314900.001,sell,62979.0,139.04987
1783315800.0,sell,62939.0,83.753205
1783315800.001,buy,63144.0,83.753205
1783316700.0,sell,63070.0,32.817635
1783316700.001,buy,63157.0,32.817635
1783317600.0,sell,63024.0,67.229565
1783317600.001,buy,63127.0,67.229565
1783318500.0,buy,63140.0,53.297675
1783318500.001,sell,62983.0,53.297675
1783319400.0,sell,62962.0,149.74712
1783319400.001,buy,63074.0,149.74712
1783320300.0,buy,63093.0,111.325455
1783320300.001,sell,62985.0,111.325455
1783321200.0,buy,62991.0,73.062335
1783321200.001,sell,62880.0,73.062335
1783322100.0,sell,62949.0,36.160875
1783322100.001,buy,63038.0,36.160875
1783323000.0,sell,62914.0,141.508255
1783323000.001,buy,63121.0,141.508255
1783323900.0,buy,63133.0,53.858405
1783323900.001,sell,63081.0,53.858405
1783324800.0,buy,63253.0,197.49938
1783324800.001,sell,63006.0,197.49938
1783325700.0,sell,62983.0,69.411595
1783325700.001,buy,63090.0,69.411595
1783326600.0,buy,63077.0,144.428495
1783326600.001,sell,62828.0,144.428495
1783327500.0,buy,62946.0,30.788675
1783327500.001,sell,62878.0,30.788675
1783328400.0,buy,62914.0,33.1529
1783328400.001,sell,62846.0,33.1529
1783329300.0,buy,62881.0,134.43703
1783329300.001,sell,62740.0,134.43703
1783330200.0,buy,62761.0,233.482935
1783330200.001,sell,62625.0,233.482935
1783331100.0,buy,62699.0,66.98176
1783331100.001,sell,62629.0,66.98176
1783332000.0,sell,62663.0,87.30641
1783332000.001,buy,62855.0,87.30641
1783332900.0,sell,62844.0,41.488605
1783332900.001,buy,62880.0,41.488605
1783333800.0,sell,62876.0,184.162195
1783333800.001,buy,63046.0,184.162195
1783334700.0,buy,62939.0,138.76562
1783334700.001,sell,62804.0,138.76562
1783335600.0,buy,62880.0,38.91451
1783335600.001,sell,62794.0,38.91451
1783336500.0,sell,62779.0,233.64174
1783336500.001,buy,62927.0,233.64174
1783337400.0,sell,62875.0,227.07632
1783337400.001,buy,63000.0,227.07632
1783338300.0,buy,63017.0,407.98869
1783338300.001,sell,62500.0,407.98869
1783339200.0,buy,62501.0,1590.055895
1783339200.001,sell,61861.0,1590.055895
1783340100.0,sell,61910.0,344.47046
1783340100.001,buy,62149.0,344.47046
1783341000.0,buy,62181.0,355.496015
1783341000.001,sell,61786.0,355.496015
1783341900.0,buy,61918.0,690.42294
1783341900.001,sell,61673.0,690.42294
1783342800.0,buy,61817.0,367.49514
1783342800.001,sell,61587.0,367.49514
1783343700.0,buy,61722.0,757.04413
1783343700.001,sell,61445.0,757.04413
1783344600.0,sell,61342.0,1073.943445
1783344600.001,buy,61679.0,1073.943445
1783345500.0,sell,61646.0,702.904085
1783345500.001,buy,62060.0,702.904085
1783346400.0,sell,61759.0,188.109745
1783346400.001,buy,62007.0,188.109745
1783347300.0,sell,61728.0,768.9848
1783347300.001,buy,62421.0,768.9848
1783348200.0,buy,62225.0,275.180015
1783348200.001,sell,61964.0,275.180015
1783349100.0,sell,61910.0,138.09541
1783349100.001,buy,62076.0,138.09541
1783350000.0,sell,62058.0,607.224415
1783350000.001,buy,62576.0,607.224415
1783350900.0,buy,62543.0,383.409615
1783350900.001,sell,62328.0,383.409615
1783351800.0,sell,62272.0,725.791365
1783351800.001,buy,62952.0,725.791365
1783352700.0,sell,62809.0,1391.46098
1783352700.001,buy,63558.0,1391.46098
1783353600.0,sell,63390.0,980.539885
1783353600.001,buy,63903.0,980.539885
1783354500.0,buy,63802.0,421.722955
1783354500.001,sell,63407.0,421.722955
1783355400.0,sell,63463.0,343.11775
1783355400.001,buy,63806.0,343.11775
1783356300.0,buy,63787.0,203.060305
1783356300.001,sell,63669.0,203.060305
1783357200.0,sell,63673.0,447.138725
1783357200.001,buy,63934.0,447.138725
1783358100.0,sell,63825.0,224.9701
1783358100.001,buy,63962.0,224.9701
1783359000.0,buy,63943.0,307.889335
1783359000.001,sell,63661.0,307.889335
1783359900.0,buy,63761.0,356.425
1783359900.001,sell,63576.0,356.425
1783360800.0,sell,63556.0,165.47374
1783360800.001,buy,63762.0,165.47374
1783361700.0,sell,63609.0,444.47807
1783361700.001,buy,63885.0,444.47807
1783362600.0,sell,63701.0,76.63989
1783362600.001,buy,63843.0,76.63989
1783363500.0,buy,63817.0,113.314995
1783363500.001,sell,63682.0,113.314995
1783364400.0,sell,63655.0,96.97323
1783364400.001,buy,63753.0,96.97323
1783365300.0,sell,63739.0,218.50172
1783365300.001,buy,63893.0,218.50172
1783366200.0,sell,63765.0,80.476935
1783366200.001,buy,63859.0,80.476935
1783367100.0,buy,63877.0,114.71619
1783367100.001,sell,63716.0,114.71619
1783368000.0,buy,63756.0,203.89717
1783368000.001,sell,63582.0,203.89717
1783368900.0,sell,63593.0,75.032775
1783368900.001,buy,63767.0,75.032775
1783369800.0,sell,63752.0,140.422745
1783369800.001,buy,63888.0,140.422745
1783370700.0,sell,63774.0,93.175805
1783370700.001,buy,63894.0,93.175805
1783371600.0,sell,63811.0,1136.89986
1783371600.001,buy,64698.0,1136.89986
1783372500.0,buy,64379.0,321.906905
1783372500.001,sell,64208.0,321.906905
1783373400.0,buy,64323.0,229.310035
1783373400.001,sell,64163.0,229.310035
1783374300.0,sell,64182.0,359.39293
1783374300.001,buy,64549.0,359.39293
1783375200.0,buy,64515.0,101.660835
1783375200.001,sell,64306.0,101.660835
1783376100.0,buy,64483.0,120.845275
1783376100.001,sell,64212.0,120.845275
1783377000.0,buy,64245.0,64.31852
1783377000.001,sell,64181.0,64.31852
1783377900.0,sell,64175.0,81.26789
1783377900.001,buy,64308.0,81.26789
1783378800.0,sell,64234.0,181.36343
1783378800.001,buy,64357.0,181.36343
1783379700.0,buy,64292.0,78.586005
1783379700.001,sell,64111.0,78.586005
1783380600.0,buy,64192.0,59.385895
1783380600.001,sell,64083.0,59.385895
1783381500.0,buy,64130.0,79.373025
1783381500.001,sell,64031.0,79.373025
1783382400.0,buy,64107.0,69.40961
1783382400.001,sell,64030.0,69.40961
1783383300.0,sell,64026.0,108.13448
1783383300.001,buy,64331.0,108.13448
1783384200.0,buy,64269.0,80.75928
1783384200.001,sell,64036.0,80.75928
1783385100.0,sell,64093.0,79.59096
1783385100.001,buy,64287.0,79.59096
1783386000.0,buy,64216.0,177.72193
1783386000.001,sell,63892.0,177.72193
1783386900.0,buy,64064.0,79.78163
1783386900.001,sell,63932.0,79.78163
1783387800.0,buy,63976.0,98.292515
1783387800.001,sell,63798.0,98.292515
1783388700.0,buy,64023.0,66.70333
1783388700.001,sell,63833.0,66.70333
1783389600.0,buy,63910.0,62.68443
1783389600.001,sell,63796.0,62.68443
1783390500.0,buy,63875.0,191.487295
1783390500.001,sell,63567.0,191.487295
1783391400.0,sell,63453.0,209.39176
1783391400.001,buy,63606.0,209.39176
1783392300.0,buy,63621.0,263.252555
1783392300.001,sell,63291.0,263.252555
1783393200.0,sell,63266.0,117.14846
1783393200.001,buy,63418.0,117.14846
1783394100.0,buy,63375.0,84.703555
1783394100.001,sell,63232.0,84.703555
1783395000.0,buy,63357.0,106.208605
1783395000.001,sell,63188.0,106.208605
1783395900.0,buy,63220.0,69.3749
1783395900.001,sell,63155.0,69.3749
1783396800.0,sell,63139.0,156.45392
1783396800.001,buy,63279.0,156.45392
1783397700.0,sell,63177.0,125.253445
1783397700.001,buy,63292.0,125.253445
1783398600.0,buy,63294.0,123.85066
1783398600.001,sell,63160.0,123.85066
1783399500.0,buy,63179.0,173.20576
1783399500.001,sell,63072.0,173.20576
1783400400.0,buy,63130.0,278.95087
1783400400.001,sell,62800.0,278.95087
1783401300.0,sell,62818.0,91.32045
1783401300.001,buy,63016.0,91.32045
1783402200.0,sell,62950.0,107.88687
1783402200.001,buy,63208.0,107.88687
1783403100.0,buy,63278.0,153.97055
1783403100.001,sell,63136.0,153.97055
1783404000.0,buy,63234.0,68.38329
1783404000.001,sell,63000.0,68.38329
1783404900.0,sell,63047.0,98.60285
1783404900.001,buy,63192.0,98.60285
1783405800.0,sell,63156.0,141.944545
1783405800.001,buy,63306.0,141.944545
1783406700.0,sell,63268.0,101.3666
1783406700.001,buy,63426.0,101.3666
1783407600.0,sell,63333.0,87.594235
1783407600.001,buy,63460.0,87.594235
1783408500.0,buy,63430.0,181.248615
1783408500.001,sell,63257.0,181.248615
1783409400.0,buy,63295.0,329.763345
1783409400.001,sell,63107.0,329.763345
1783410300.0,buy,63201.0,189.50515
1783410300.001,sell,63079.0,189.50515
1783411200.0,sell,63043.0,107.202175
1783411200.001,buy,63201.0,107.202175
1783412100.0,buy,63178.0,69.917555
1783412100.001,sell,63063.0,69.917555
1783413000.0,sell,63003.0,78.278755
1783413000.001,buy,63123.0,78.278755
1783413900.0,sell,63039.0,105.369225
1783413900.001,buy,63157.0,105.369225
1783414800.0,sell,63069.0,104.750125
1783414800.001,buy,63265.0,104.750125
1783415700.0,buy,63266.0,48.668405
1783415700.001,sell,63179.0,48.668405
1783416600.0,sell,63156.0,55.905895
1783416600.001,buy,63309.0,55.905895
1783417500.0,buy,63354.0,52.34536
1783417500.001,sell,63256.0,52.34536
1783418400.0,sell,63268.0,129.3356
1783418400.001,buy,63461.0,129.3356
1783419300.0,buy,63485.0,81.33145
1783419300.001,sell,63326.0,81.33145
1783420200.0,buy,63326.0,118.209645
1783420200.001,sell,63234.0,118.209645
1783421100.0,buy,63299.0,35.41417
1783421100.001,sell,63248.0,35.41417
1783422000.0,buy,63286.0,147.0389
1783422000.001,sell,63133.0,147.0389
1783422900.0,sell,63132.0,39.60107
1783422900.001,buy,63239.0,39.60107
1783423800.0,sell,63125.0,181.297175
1783423800.001,buy,63278.0,181.297175
1783424700.0,sell,63278.0,215.777875
1783424700.001,buy,63461.0,215.777875
1783425600.0,sell,63420.0,276.173935
1783425600.001,buy,63892.0,276.173935
1783426500.0,buy,63828.0,151.250475
1783426500.001,sell,63655.0,151.250475
1783427400.0,buy,63716.0,145.6069
1783427400.001,sell,63501.0,145.6069
1783428300.0,buy,63618.0,243.583325
1783428300.001,sell,63454.0,243.583325
1783429200.0,buy,63480.0,336.377625
1783429200.001,sell,63268.0,336.377625
1783430100.0,buy,63370.0,257.04219
1783430100.001,sell,63084.0,257.04219
1783431000.0,sell,62993.0,467.09925
1783431000.001,buy,63261.0,467.09925
1783431900.0,buy,63421.0,484.11626
1783431900.001,sell,63023.0,484.11626
1783432800.0,buy,63266.0,352.31297
1783432800.001,sell,62867.0,352.31297
1783433700.0,sell,62927.0,359.256625
1783433700.001,buy,63165.0,359.256625
1783434600.0,buy,63250.0,644.18183
1783434600.001,sell,62667.0,644.18183
1783435500.0,sell,62940.0,686.83551
1783435500.001,buy,63640.0,686.83551
1783436400.0,buy,63627.0,250.77686
1783436400.001,sell,63382.0,250.77686
1783437300.0,sell,63501.0,351.412435
1783437300.001,buy,63797.0,351.412435
1783438200.0,sell,63680.0,479.545175
1783438200.001,buy,63983.0,479.545175
1783439100.0,sell,63843.0,288.069685
1783439100.001,buy,64100.0,288.069685
1783440000.0,buy,64036.0,204.26139
1783440000.001,sell,63820.0,204.26139
1783440900.0,sell,63822.0,322.802325
1783440900.001,buy,64087.0,322.802325
1783441800.0,sell,63940.0,79.65352
1783441800.001,buy,64108.0,79.65352
1783442700.0,buy,64260.0,334.3848
1783442700.001,sell,63982.0,334.3848
1783443600.0,sell,63970.0,72.58449
1783443600.001,buy,64143.0,72.58449
1783444500.0,sell,63896.0,121.404925
1783444500.001,buy,64161.0,121.404925
1783445400.0,sell,64097.0,46.558425
1783445400.001,buy,64242.0,46.558425
1783446300.0,buy,64242.0,38.8732
1783446300.001,sell,64136.0,38.8732
1783447200.0,buy,64203.0,135.14883
1783447200.001,sell,64017.0,135.14883
1783448100.0,buy,64161.0,123.87527
1783448100.001,sell,63971.0,123.87527
1783449000.0,sell,63961.0,64.109445
1783449000.001,buy,64091.0,64.109445
1783449900.0,buy,64141.0,255.480975
1783449900.001,sell,63675.0,255.480975
1783450800.0,buy,63774.0,325.401385
1783450800.001,sell,63530.0,325.401385
1783451700.0,sell,63397.0,272.293715
1783451700.001,buy,63681.0,272.293715
1783452600.0,sell,63606.0,183.26959
1783452600.001,buy,63834.0,183.26959
1783453500.0,sell,63784.0,165.63546
1783453500.001,buy,63900.0,165.63546
1783454400.0,buy,63912.0,159.23818
1783454400.001,sell,63692.0,159.23818
1783455300.0,buy,63820.0,84.6919
1783455300.001,sell,63709.0,84.6919
1783456200.0,buy,63735.0,94.56106
1783456200.001,sell,63632.0,94.56106
1783457100.0,sell,63624.0,32.122915
1783457100.001,buy,63704.0,32.122915
1783458000.0,sell,63699.0,126.520275
1783458000.001,buy,63873.0,126.520275
1783458900.0,buy,63790.0,551.865455
1783458900.001,sell,63374.0,551.865455
1783459800.0,buy,63526.0,417.004915
1783459800.001,sell,63310.0,417.004915
1783460700.0,sell,63362.0,147.538265
1783460700.001,buy,63514.0,147.538265
1783461600.0,sell,63198.0,267.170355
1783461600.001,buy,63463.0,267.170355
1783462500.0,sell,63381.0,72.592305
1783462500.001,buy,63509.0,72.592305
1783463400.0,sell,63410.0,250.333145
1783463400.001,buy,63668.0,250.333145
1783464300.0,buy,63609.0,160.01042
1783464300.001,sell,63484.0,160.01042
1783465200.0,sell,63522.0,206.7784
1783465200.001,buy,63669.0,206.7784
1783466100.0,sell,63632.0,49.333035
1783466100.001,buy,63718.0,49.333035
1783467000.0,buy,63661.0,169.297115
1783467000.001,sell,63437.0,169.297115
1783467900.0,buy,63456.0,78.371995
1783467900.001,sell,63312.0,78.371995
1783468800.0,sell,63292.0,117.10739
1783468800.001,buy,63510.0,117.10739
1783469700.0,sell,63407.0,164.29355
1783469700.001,buy,63673.0,164.29355
1783470600.0,sell,63556.0,104.43442
1783470600.001,buy,63750.0,104.43442
1783471500.0,buy,63715.0,71.345655
1783471500.001,sell,63592.0,71.345655
1783472400.0,sell,63467.0,144.05684
1783472400.001,buy,63646.0,144.05684
1783473300.0,buy,63629.0,50.175135
1783473300.001,sell,63433.0,50.175135
1783474200.0,buy,63450.0,828.33369
1783474200.001,sell,62879.0,828.33369
1783475100.0,buy,63207.0,307.187145
1783475100.001,sell,62945.0,307.187145
1783476000.0,buy,63016.0,306.116875
1783476000.001,sell,62807.0,306.116875
1783476900.0,sell,62803.0,158.145475
1783476900.001,buy,62976.0,158.145475
1783477800.0,sell,62510.0,615.576955
1783477800.001,buy,62969.0,615.576955
1783478700.0,sell,62883.0,103.11387
1783478700.001,buy,63050.0,103.11387
1783479600.0,sell,62974.0,66.415335
1783479600.001,buy,63091.0,66.415335
1783480500.0,buy,63066.0,38.136805
1783480500.001,sell,62964.0,38.136805
1783481400.0,buy,63048.0,73.429645
1783481400.001,sell,62909.0,73.429645
1783482300.0,buy,62953.0,246.428455
1783482300.001,sell,62678.0,246.428455
1783483200.0,sell,62724.0,141.76864
1783483200.001,buy,62850.0,141.76864
1783484100.0,sell,62792.0,224.24922
1783484100.001,buy,62900.0,224.24922
1783485000.0,buy,62899.0,89.071925
1783485000.001,sell,62706.0,89.071925
1783485900.0,sell,62663.0,85.95432
1783485900.001,buy,62798.0,85.95432
1783486800.0,buy,62864.0,53.502705
1783486800.001,sell,62738.0,53.502705
1783487700.0,buy,62841.0,45.989565
1783487700.001,sell,62711.0,45.989565
1783488600.0,buy,62768.0,324.850225
1783488600.001,sell,62600.0,324.850225
1783489500.0,sell,62535.0,63.796635
1783489500.001,buy,62669.0,63.796635
1783490400.0,buy,62627.0,72.508025
1783490400.001,sell,62551.0,72.508025
1783491300.0,sell,62459.0,352.86459
1783491300.001,buy,62699.0,352.86459
1783492200.0,buy,62629.0,209.818275
1783492200.001,sell,62458.0,209.818275
1783493100.0,sell,62517.0,136.31989
1783493100.001,buy,62736.0,136.31989
1783494000.0,sell,62541.0,230.65631
1783494000.001,buy,62746.0,230.65631
1783494900.0,sell,62665.0,244.019195
1783494900.001,buy,62824.0,244.019195
1783495800.0,sell,62762.0,150.496575
1783495800.001,buy,62875.0,150.496575
1783496700.0,sell,62800.0,135.26614
1783496700.001,buy,62893.0,135.26614
1783497600.0,buy,62933.0,90.384915
1783497600.001,sell,62787.0,90.384915
1783498500.0,buy,62840.0,684.836275
1783498500.001,sell,62059.0,684.836275
1783499400.0,buy,62150.0,609.71681
1783499400.001,sell,61856.0,609.71681
1783500300.0,buy,62336.0,381.52222
1783500300.001,sell,61991.0,381.52222
1783501200.0,buy,62113.0,214.36578
1783501200.001,sell,61880.0,214.36578
1783502100.0,sell,61731.0,272.17497
1783502100.001,buy,61931.0,272.17497
1783503000.0,sell,61926.0,185.15571
1783503000.001,buy,62164.0,185.15571
1783503900.0,buy,62137.0,204.476675
1783503900.001,sell,62040.0,204.476675
1783504800.0,buy,62087.0,103.940755
1783504800.001,sell,61894.0,103.940755
1783505700.0,sell,61973.0,65.45827
1783505700.001,buy,62109.0,65.45827
1783506600.0,sell,62055.0,109.68346
1783506600.001,buy,62175.0,109.68346
1783507500.0,sell,62092.0,61.72627
1783507500.001,buy,62185.0,61.72627
1783508400.0,buy,62171.0,120.809695
1783508400.001,sell,62067.0,120.809695
1783509300.0,sell,62053.0,146.346875
1783509300.001,buy,62171.0,146.346875
1783510200.0,sell,62084.0,139.113505
1783510200.001,buy,62378.0,139.113505
1783511100.0,buy,62347.0,108.968425
1783511100.001,sell,62225.0,108.968425
1783512000.0,sell,62205.0,323.360135
1783512000.001,buy,62443.0,323.360135
1783512900.0,buy,62372.0,98.159075
1783512900.001,sell,62234.0,98.159075
1783513800.0,buy,62297.0,199.816135
1783513800.001,sell,62081.0,199.816135
1783514700.0,buy,62150.0,115.134115
1783514700.001,sell,61956.0,115.134115
1783515600.0,buy,61993.0,200.706145
1783515600.001,sell,61841.0,200.706145
1783516500.0,buy,61930.0,183.604825
1783516500.001,sell,61750.0,183.604825
1783517400.0,sell,61817.0,9.1069
1783517400.001,buy,61898.0,9.1069
